-- phpMyAdmin SQL Dump
-- version 5.1.1
-- https://www.phpmyadmin.net/
--
-- Host: 127.0.0.1
-- Generation Time: Mar 05, 2022 at 12:31 AM
-- Server version: 10.4.22-MariaDB
-- PHP Version: 7.4.27

SET SQL_MODE = "NO_AUTO_VALUE_ON_ZERO";
START TRANSACTION;
SET time_zone = "+00:00";


/*!40101 SET @OLD_CHARACTER_SET_CLIENT=@@CHARACTER_SET_CLIENT */;
/*!40101 SET @OLD_CHARACTER_SET_RESULTS=@@CHARACTER_SET_RESULTS */;
/*!40101 SET @OLD_COLLATION_CONNECTION=@@COLLATION_CONNECTION */;
/*!40101 SET NAMES utf8mb4 */;

--
-- Database: `elkemaseven`
--

-- --------------------------------------------------------

--
-- Table structure for table `admins`
--

CREATE TABLE `admins` (
  `id` bigint(20) UNSIGNED NOT NULL,
  `name` varchar(255) COLLATE utf8mb4_unicode_ci NOT NULL,
  `email` varchar(255) COLLATE utf8mb4_unicode_ci NOT NULL,
  `password` varchar(255) COLLATE utf8mb4_unicode_ci NOT NULL,
  `created_at` timestamp NULL DEFAULT NULL,
  `updated_at` timestamp NULL DEFAULT NULL
) ENGINE=InnoDB DEFAULT CHARSET=utf8mb4 COLLATE=utf8mb4_unicode_ci;

--
-- Dumping data for table `admins`
--

INSERT INTO `admins` (`id`, `name`, `email`, `password`, `created_at`, `updated_at`) VALUES
(1, 'Tarek El Ashry', 'ashry@gmail.com', '$2y$10$vL27fN9uWS.yaVxqzCObi.Ve7yKuXqcrxxVPOHXYCe/SIsGh4A2yK', '2022-02-16 07:04:56', '2022-03-04 21:08:09');

-- --------------------------------------------------------

--
-- Table structure for table `attendances`
--

CREATE TABLE `attendances` (
  `id` bigint(20) UNSIGNED NOT NULL,
  `student_id` bigint(20) UNSIGNED NOT NULL,
  `grade_id` bigint(20) UNSIGNED NOT NULL,
  `classroom_id` bigint(20) UNSIGNED NOT NULL,
  `section_id` bigint(20) UNSIGNED NOT NULL,
  `teacher_id` bigint(20) UNSIGNED NOT NULL,
  `attendence_date` date NOT NULL,
  `attendence_status` tinyint(1) NOT NULL,
  `created_at` timestamp NULL DEFAULT NULL,
  `updated_at` timestamp NULL DEFAULT NULL
) ENGINE=InnoDB DEFAULT CHARSET=utf8mb4 COLLATE=utf8mb4_unicode_ci;

-- --------------------------------------------------------

--
-- Table structure for table `bloodtypes`
--

CREATE TABLE `bloodtypes` (
  `id` bigint(20) UNSIGNED NOT NULL,
  `name` varchar(255) COLLATE utf8mb4_unicode_ci NOT NULL,
  `created_at` timestamp NULL DEFAULT NULL,
  `updated_at` timestamp NULL DEFAULT NULL
) ENGINE=InnoDB DEFAULT CHARSET=utf8mb4 COLLATE=utf8mb4_unicode_ci;

--
-- Dumping data for table `bloodtypes`
--

INSERT INTO `bloodtypes` (`id`, `name`, `created_at`, `updated_at`) VALUES
(1, 'O-', '2022-02-16 08:11:44', '2022-02-16 08:11:44'),
(2, 'O+', '2022-02-16 08:11:44', '2022-02-16 08:11:44'),
(3, 'A+', '2022-02-16 08:11:44', '2022-02-16 08:11:44'),
(4, 'A-', '2022-02-16 08:11:44', '2022-02-16 08:11:44'),
(5, 'B+', '2022-02-16 08:11:44', '2022-02-16 08:11:44'),
(6, 'B-', '2022-02-16 08:11:44', '2022-02-16 08:11:44'),
(7, 'AB+', '2022-02-16 08:11:44', '2022-02-16 08:11:44'),
(8, 'AB-', '2022-02-16 08:11:45', '2022-02-16 08:11:45');

-- --------------------------------------------------------

--
-- Table structure for table `classrooms`
--

CREATE TABLE `classrooms` (
  `id` bigint(20) UNSIGNED NOT NULL,
  `name_class` varchar(255) COLLATE utf8mb4_unicode_ci NOT NULL,
  `grade_id` bigint(20) UNSIGNED NOT NULL,
  `created_at` timestamp NULL DEFAULT NULL,
  `updated_at` timestamp NULL DEFAULT NULL
) ENGINE=InnoDB DEFAULT CHARSET=utf8mb4 COLLATE=utf8mb4_unicode_ci;

--
-- Dumping data for table `classrooms`
--

INSERT INTO `classrooms` (`id`, `name_class`, `grade_id`, `created_at`, `updated_at`) VALUES
(43, '{\"en\":\"First Grade\",\"ar\":\"\\u0627\\u0644\\u0635\\u0641 \\u0627\\u0644\\u0627\\u0648\\u0644\"}', 1, '2022-02-26 16:27:08', '2022-02-26 16:27:08'),
(44, '{\"en\":\"Second Grade\",\"ar\":\"\\u0627\\u0644\\u0635\\u0641 \\u0627\\u0644\\u062b\\u0627\\u0646\\u064a\"}', 1, '2022-02-26 16:27:08', '2022-02-26 16:27:08'),
(45, '{\"en\":\"Third Grade\",\"ar\":\"\\u0627\\u0644\\u0635\\u0641 \\u0627\\u0644\\u062b\\u0627\\u0644\\u062b\"}', 1, '2022-02-26 16:27:08', '2022-02-26 16:27:08'),
(46, '{\"en\":\"First Grade\",\"ar\":\"\\u0627\\u0644\\u0635\\u0641 \\u0627\\u0644\\u0627\\u0648\\u0644\"}', 2, '2022-02-26 16:28:44', '2022-02-26 16:28:44'),
(47, '{\"en\":\"Second Grade\",\"ar\":\"\\u0627\\u0644\\u0635\\u0641 \\u0627\\u0644\\u062b\\u0627\\u0646\\u064a\"}', 2, '2022-02-26 16:28:44', '2022-02-26 16:28:44'),
(48, '{\"en\":\"Third Grade\",\"ar\":\"\\u0627\\u0644\\u0635\\u0641 \\u0627\\u0644\\u062b\\u0627\\u0644\\u062b\"}', 2, '2022-02-26 16:28:44', '2022-02-26 16:28:44'),
(49, '{\"en\":\"First Grade\",\"ar\":\"\\u0627\\u0644\\u0635\\u0641 \\u0627\\u0644\\u0627\\u0648\\u0644\"}', 3, '2022-02-26 16:28:44', '2022-02-26 16:28:44'),
(50, '{\"en\":\"Second Grade\",\"ar\":\"\\u0627\\u0644\\u0635\\u0641 \\u0627\\u0644\\u062b\\u0627\\u0646\\u064a\"}', 3, '2022-02-26 16:28:44', '2022-02-26 16:28:44'),
(51, '{\"en\":\"Third Grade\",\"ar\":\"\\u0627\\u0644\\u0635\\u0641 \\u0627\\u0644\\u062b\\u0627\\u0644\\u062b\"}', 3, '2022-02-26 16:28:44', '2022-02-26 16:28:44'),
(52, '{\"en\":\"First Grade\",\"ar\":\"\\u0627\\u0644\\u0635\\u0641 \\u0627\\u0644\\u0627\\u0648\\u0644\"}', 4, '2022-02-26 16:29:46', '2022-02-26 16:29:46'),
(53, '{\"en\":\"Second Grade\",\"ar\":\"\\u0627\\u0644\\u0635\\u0641 \\u0627\\u0644\\u062b\\u0627\\u0646\\u064a\"}', 4, '2022-02-26 16:29:46', '2022-02-26 16:29:46'),
(54, '{\"en\":\"Third Grade\",\"ar\":\"\\u0627\\u0644\\u0635\\u0641 \\u0627\\u0644\\u062b\\u0627\\u0644\\u062b\"}', 4, '2022-02-26 16:29:46', '2022-02-26 16:29:46');

-- --------------------------------------------------------

--
-- Table structure for table `events`
--

CREATE TABLE `events` (
  `id` bigint(20) UNSIGNED NOT NULL,
  `title` varchar(255) COLLATE utf8mb4_unicode_ci NOT NULL,
  `start` varchar(255) COLLATE utf8mb4_unicode_ci NOT NULL,
  `created_at` timestamp NULL DEFAULT NULL,
  `updated_at` timestamp NULL DEFAULT NULL
) ENGINE=InnoDB DEFAULT CHARSET=utf8mb4 COLLATE=utf8mb4_unicode_ci;

-- --------------------------------------------------------

--
-- Table structure for table `failed_jobs`
--

CREATE TABLE `failed_jobs` (
  `id` bigint(20) UNSIGNED NOT NULL,
  `uuid` varchar(255) COLLATE utf8mb4_unicode_ci NOT NULL,
  `connection` text COLLATE utf8mb4_unicode_ci NOT NULL,
  `queue` text COLLATE utf8mb4_unicode_ci NOT NULL,
  `payload` longtext COLLATE utf8mb4_unicode_ci NOT NULL,
  `exception` longtext COLLATE utf8mb4_unicode_ci NOT NULL,
  `failed_at` timestamp NOT NULL DEFAULT current_timestamp()
) ENGINE=InnoDB DEFAULT CHARSET=utf8mb4 COLLATE=utf8mb4_unicode_ci;

-- --------------------------------------------------------

--
-- Table structure for table `fees`
--

CREATE TABLE `fees` (
  `id` bigint(20) UNSIGNED NOT NULL,
  `title` varchar(100) COLLATE utf8mb4_unicode_ci NOT NULL,
  `amount` decimal(8,2) NOT NULL,
  `grade_id` bigint(20) UNSIGNED NOT NULL,
  `classroom_id` bigint(20) UNSIGNED NOT NULL,
  `description` varchar(255) COLLATE utf8mb4_unicode_ci DEFAULT NULL,
  `year` varchar(255) COLLATE utf8mb4_unicode_ci NOT NULL,
  `created_at` timestamp NULL DEFAULT NULL,
  `updated_at` timestamp NULL DEFAULT NULL
) ENGINE=InnoDB DEFAULT CHARSET=utf8mb4 COLLATE=utf8mb4_unicode_ci;

-- --------------------------------------------------------

--
-- Table structure for table `fee_invoices`
--

CREATE TABLE `fee_invoices` (
  `id` bigint(20) UNSIGNED NOT NULL,
  `invoice_date` date NOT NULL,
  `student_id` bigint(20) UNSIGNED NOT NULL,
  `grade_id` bigint(20) UNSIGNED NOT NULL,
  `classroom_id` bigint(20) UNSIGNED NOT NULL,
  `fee_id` bigint(20) UNSIGNED NOT NULL,
  `amount` decimal(8,2) NOT NULL,
  `description` varchar(255) COLLATE utf8mb4_unicode_ci DEFAULT NULL,
  `created_at` timestamp NULL DEFAULT NULL,
  `updated_at` timestamp NULL DEFAULT NULL
) ENGINE=InnoDB DEFAULT CHARSET=utf8mb4 COLLATE=utf8mb4_unicode_ci;

-- --------------------------------------------------------

--
-- Table structure for table `fund_accounts`
--

CREATE TABLE `fund_accounts` (
  `id` bigint(20) UNSIGNED NOT NULL,
  `date` date NOT NULL,
  `receipt_id` bigint(20) UNSIGNED NOT NULL,
  `debit` decimal(8,2) DEFAULT NULL,
  `credit` decimal(8,2) DEFAULT NULL,
  `description` varchar(255) COLLATE utf8mb4_unicode_ci NOT NULL,
  `created_at` timestamp NULL DEFAULT NULL,
  `updated_at` timestamp NULL DEFAULT NULL
) ENGINE=InnoDB DEFAULT CHARSET=utf8mb4 COLLATE=utf8mb4_unicode_ci;

-- --------------------------------------------------------

--
-- Table structure for table `genders`
--

CREATE TABLE `genders` (
  `id` bigint(20) UNSIGNED NOT NULL,
  `name` varchar(255) COLLATE utf8mb4_unicode_ci NOT NULL,
  `created_at` timestamp NULL DEFAULT NULL,
  `updated_at` timestamp NULL DEFAULT NULL
) ENGINE=InnoDB DEFAULT CHARSET=utf8mb4 COLLATE=utf8mb4_unicode_ci;

--
-- Dumping data for table `genders`
--

INSERT INTO `genders` (`id`, `name`, `created_at`, `updated_at`) VALUES
(1, '{\"en\":\"Male\",\"ar\":\"\\u0630\\u0643\\u0631\"}', '2022-02-16 09:12:06', '2022-02-16 09:12:06'),
(2, '{\"en\":\"Female\",\"ar\":\"\\u0627\\u0646\\u062b\\u064a\"}', '2022-02-16 09:12:06', '2022-02-16 09:12:06');

-- --------------------------------------------------------

--
-- Table structure for table `grades`
--

CREATE TABLE `grades` (
  `id` bigint(20) UNSIGNED NOT NULL,
  `name` varchar(255) COLLATE utf8mb4_unicode_ci NOT NULL,
  `notes` text COLLATE utf8mb4_unicode_ci DEFAULT NULL,
  `created_at` timestamp NULL DEFAULT NULL,
  `updated_at` timestamp NULL DEFAULT NULL
) ENGINE=InnoDB DEFAULT CHARSET=utf8mb4 COLLATE=utf8mb4_unicode_ci;

--
-- Dumping data for table `grades`
--

INSERT INTO `grades` (`id`, `name`, `notes`, `created_at`, `updated_at`) VALUES
(1, '{\"en\":\"Nursery\",\"ar\":\"\\u0627\\u0644\\u062d\\u0636\\u0627\\u0646\\u0629\"}', NULL, '2022-02-16 08:13:33', '2022-02-16 08:13:33'),
(2, '{\"en\":\"Primary Stage\",\"ar\":\"\\u0627\\u0644\\u0645\\u0631\\u062d\\u0644\\u0629 \\u0627\\u0644\\u0627\\u0628\\u062a\\u062f\\u0627\\u0626\\u064a\\u0629\"}', NULL, '2022-02-16 08:13:33', '2022-02-16 08:13:33'),
(3, '{\"en\":\"Middle School\",\"ar\":\"\\u0627\\u0644\\u0645\\u0631\\u062d\\u0644\\u0629 \\u0627\\u0644\\u0627\\u0639\\u062f\\u0627\\u062f\\u064a\\u0629\"}', NULL, '2022-02-16 08:13:33', '2022-02-16 08:13:33'),
(4, '{\"en\":\"High school\",\"ar\":\"\\u0627\\u0644\\u0645\\u0631\\u062d\\u0644\\u0629 \\u0627\\u0644\\u062b\\u0627\\u0646\\u0648\\u064a\\u0629\"}', NULL, '2022-02-16 08:13:33', '2022-02-16 08:13:33');

-- --------------------------------------------------------

--
-- Table structure for table `guardians`
--

CREATE TABLE `guardians` (
  `id` bigint(20) UNSIGNED NOT NULL,
  `email` varchar(255) COLLATE utf8mb4_unicode_ci NOT NULL,
  `password` varchar(255) COLLATE utf8mb4_unicode_ci NOT NULL,
  `name_father` varchar(255) COLLATE utf8mb4_unicode_ci NOT NULL,
  `national_id_father` varchar(255) COLLATE utf8mb4_unicode_ci NOT NULL,
  `passport_id_father` varchar(255) COLLATE utf8mb4_unicode_ci NOT NULL,
  `phone_father` varchar(255) COLLATE utf8mb4_unicode_ci NOT NULL,
  `job_father` varchar(255) COLLATE utf8mb4_unicode_ci NOT NULL,
  `nationality_father_id` bigint(20) UNSIGNED NOT NULL,
  `blood_type_father_id` bigint(20) UNSIGNED NOT NULL,
  `religion_father_id` bigint(20) UNSIGNED NOT NULL,
  `address_father` varchar(255) COLLATE utf8mb4_unicode_ci NOT NULL,
  `name_mother` varchar(255) COLLATE utf8mb4_unicode_ci NOT NULL,
  `national_id_mother` varchar(255) COLLATE utf8mb4_unicode_ci NOT NULL,
  `passport_id_mother` varchar(255) COLLATE utf8mb4_unicode_ci NOT NULL,
  `phone_mother` varchar(255) COLLATE utf8mb4_unicode_ci NOT NULL,
  `job_mother` varchar(255) COLLATE utf8mb4_unicode_ci NOT NULL,
  `nationality_mother_id` bigint(20) UNSIGNED NOT NULL,
  `blood_type_mother_id` bigint(20) UNSIGNED NOT NULL,
  `religion_mother_id` bigint(20) UNSIGNED NOT NULL,
  `address_mother` varchar(255) COLLATE utf8mb4_unicode_ci NOT NULL,
  `created_at` timestamp NULL DEFAULT NULL,
  `updated_at` timestamp NULL DEFAULT NULL
) ENGINE=InnoDB DEFAULT CHARSET=utf8mb4 COLLATE=utf8mb4_unicode_ci;

--
-- Dumping data for table `guardians`
--

INSERT INTO `guardians` (`id`, `email`, `password`, `name_father`, `national_id_father`, `passport_id_father`, `phone_father`, `job_father`, `nationality_father_id`, `blood_type_father_id`, `religion_father_id`, `address_father`, `name_mother`, `national_id_mother`, `passport_id_mother`, `phone_mother`, `job_mother`, `nationality_mother_id`, `blood_type_mother_id`, `religion_mother_id`, `address_mother`, `created_at`, `updated_at`) VALUES
(3, 'toqa@admin.com', '$2y$10$ikkBoQFa..OZlOXPf6pG3O.1N/ze3hQQ3RU9To78.T.2l9IOMMyvG', '{\"en\":\"mostafa mohamed abo el yazeed\",\"ar\":\"\\u0645\\u0635\\u0637\\u0641\\u0649 \\u0645\\u062d\\u0645\\u062f \\u0627\\u0628\\u0648 \\u0627\\u0644\\u064a\\u0632\\u064a\\u062f\"}', '95147896325478', '3214569875', '25895463284', '{\"en\":\"phisical library\",\"ar\":\"\\u0627\\u062e\\u0635\\u0627\\u0626\\u0649 \\u0645\\u0643\\u062a\\u0628\\u0627\\u062a\"}', 64, 3, 1, 'el manyal st 25almanyal', '{\"en\":\"mona mohamed abo el yazeed\",\"ar\":\"\\u0645\\u0646\\u0649 \\u0645\\u062d\\u0645\\u062d\\u062f \\u0627\\u0628\\u0648 \\u0627\\u0644\\u064a\\u0632\\u064a\\u062f\"}', '54879658745215', '25865478952169', '2346987526', '{\"en\":\"non\",\"ar\":\"\\u0644\\u0627 \\u062a\\u0639\\u0645\\u0644\"}', 64, 3, 1, 'stereet el manyal', '2022-02-27 20:20:16', '2022-02-27 20:20:16'),
(4, 'habiba@gmail.com', '$2y$10$6IP4P5Q7EkYKcaut.i4hTeDTHz5sgkgnNkWhuEoCidoeTV76i7/uO', '{\"en\":\"ahmad tarek lahmod hgu\",\"ar\":\"\\u0627\\u062d\\u0645\\u062f \\u0637\\u0627\\u0631\\u0642 \\u0645\\u062d\\u0645\\u0648\\u062f \\u0627\\u0644\\u0639\\u0634\\u0631\\u0649\"}', '258456321547898', '2587456325', '54789652458', '{\"en\":\"engenuring\",\"ar\":\"\\u0645\\u0647\\u0646\\u062f\\u0633 \\u0645\\u0639\\u0645\\u0627\\u0631\\u0649\"}', 19, 5, 1, 'el laaedy st 75', '{\"en\":\"habiba tarek mahmod el ashry\",\"ar\":\"\\u062d\\u0628\\u064a\\u0628\\u0629 \\u0637\\u0627\\u0631\\u0642 \\u0645\\u062d\\u0645\\u0648\\u062f \\u0627\\u0644\\u0639\\u0634\\u0631\\u0649\"}', '25879546325874', '2547896325', '25879652158', '{\"en\":\"non\",\"ar\":\"\\u0644\\u0627 \\u062a\\u0639\\u0645\\u0644\"}', 20, 6, 1, 'cairo helwan 28 st', '2022-02-27 20:34:09', '2022-02-27 20:34:09'),
(6, 'ola@gmail.com', '$2y$10$y449IR6wOEW9dkWsg/KWoupHByWwYNTvSi3b6eJh2.fRDxGmHyVRW', '{\"en\":\"Tarek Mahmod Mohamed El Ashry\",\"ar\":\"\\u0637\\u0627\\u0631\\u0642 \\u0645\\u062d\\u0645\\u0648\\u062f \\u0645\\u062d\\u0645\\u062f \\u0627\\u0644\\u0639\\u0634\\u0631\\u0649\"}', '32145698745632', '3578951452', '25895374156', '{\"en\":\"Physical Education\",\"ar\":\"\\u0623\\u062e\\u0635\\u0627\\u0626\\u0649 \\u0631\\u064a\\u0627\\u0636\\u0649\"}', 64, 1, 1, 'Helwan st,15 cairo Egypt', '{\"en\":\"ola Shawky Abd El Samea Hassan\",\"ar\":\"\\u0639\\u0644\\u0627 \\u0634\\u0648\\u0642\\u0649 \\u0639\\u0628\\u062f \\u0627\\u0644\\u0633\\u0645\\u064a\\u0639 \\u062d\\u0633\\u0646\"}', '25647896321547', '2587412547', '25879631254', '{\"en\":\"\\u0644\\u0627 \\u062a\\u0639\\u0645\\u0644\",\"ar\":\"non\"}', 64, 3, 1, 'Helwan st,15 Cairo Egypt', '2022-03-01 17:20:48', '2022-03-01 17:20:48'),
(9, 'jwelch@example.net', '$2y$10$92IXUNpkjO0rOQ5byMi.Ye4oKoEa3Ro9llC/.og/at2.uheWG/igi', '{\"en\":\"Effie Carter\",\"ar\":\"\\u0627\\u064a\\u0641\\u0649 \\u0643\\u0627\\u0631\\u062a\\u0631\"}', '1270955829', '51268211', '1162831916', '{\"en\":\"Hic eos.\",\"ar\":\"\\u0647\\u064a\\u0646 \\u0627\\u064a\\u0648\\u0632\"}', 111, 5, 2, 'Corporis itaque vel.', '{\"en\":\"Caterina Dach\",\"ar\":\"\\u0643\\u0627\\u062a\\u0627\\u0631\\u064a\\u0646\\u0627 \\u062f\\u0627\\u0634\"}', '1454335305', '1243210825', '957700040', '{\"en\":\"Omnis.\",\"ar\":\"\\u0627\\u0645\\u0646\\u064a\\u0633\"}', 29, 4, 1, 'Deleniti.', '2022-03-02 16:53:26', '2022-03-04 10:08:59'),
(10, 'ernestine.simonis@example.com', '$2y$10$92IXUNpkjO0rOQ5byMi.Ye4oKoEa3Ro9llC/.og/at2.uheWG/igi', '{\"en\":\"Foster Auer\",\"ar\":\"\\u0641\\u0648\\u0633\\u062a\\u0631 \\u0627\\u0648\\u064a\\u0631\"}', '10503459210256', '1689684078', '58725017701', '{\"en\":\"Est saepe.\",\"ar\":\"\\u0627\\u064a\\u0633\\u062a \\u0633\\u064a\\u0628\\u0649\"}', 64, 8, 1, 'At omnis aliquid.', '{\"en\":\"Leanne Carroll DVM\",\"ar\":\"Leanne Carroll DVM\"}', '1446523793', '1828570839', '342068674', '{\"en\":\"Autem.\",\"ar\":\"Autem.\"}', 60, 2, 2, 'Exercitationem eos.', '2022-03-02 16:53:26', '2022-03-04 10:13:12'),
(11, 'blanche49@example.com', '$2y$10$92IXUNpkjO0rOQ5byMi.Ye4oKoEa3Ro9llC/.og/at2.uheWG/igi', '{\"en\":\"Craig Tromp\",\"ar\":\"\\u0643\\u0631\\u064a\\u062c \\u062a\\u0631\\u0627\\u0645\\u0628\"}', '1369349623', '1735468415', '1815023304', '{\"en\":\"Sapiente.\",\"ar\":\"\\u0633\\u0627\\u0628\\u064a\\u0646\\u062a\\u0649\"}', 125, 2, 1, 'At architecto vitae.', '{\"en\":\"Hazel Hayes\",\"ar\":\"\\u0647\\u0627\\u0632\\u064a\\u0644 \\u0647\\u0627\\u064a\\u0632\"}', '542870588', '68143952', '857941078', '{\"en\":\"Dolor.\",\"ar\":\"\\u062f\\u0648\\u0644\\u0648\\u0631\"}', 190, 6, 2, 'Enim veniam in.', '2022-03-02 16:53:26', '2022-03-04 10:19:37'),
(12, 'feil.perry@example.org', '$2y$10$92IXUNpkjO0rOQ5byMi.Ye4oKoEa3Ro9llC/.og/at2.uheWG/igi', '{\"en\":\"Dr. Garrick Shanahan\",\"ar\":\"\\u062f. \\u062c\\u0631\\u064a\\u0643 \\u0634\\u0627\\u0646\\u0627\\u0647\\u0627\\u0646\"}', '1689944812', '2106876647', '813376494', '{\"en\":\"Rem et.\",\"ar\":\"\\u0631\\u064a\\u0645\\u062a\"}', 50, 1, 1, 'Qui voluptas.', '{\"en\":\"Dr. Gerson McClure IV\",\"ar\":\"\\u062f. \\u062c\\u064a\\u0631\\u0633\\u0648\\u0646 \\u0645\\u0627\\u0643\\u0644\\u0648\\u0631\"}', '1480568841', '1104592765', '1949521177', '{\"en\":\"Ad libero.\",\"ar\":\"\\u0627\\u062f\\u0644\\u064a\\u0628\\u0631\\u064a\\u0648\"}', 169, 5, 2, 'Sapiente nulla.', '2022-03-02 16:53:26', '2022-03-04 10:26:17'),
(13, 'hartmann.emmanuelle@example.net', '$2y$10$92IXUNpkjO0rOQ5byMi.Ye4oKoEa3Ro9llC/.og/at2.uheWG/igi', '{\"en\":\"Leif Leannon DDS\",\"ar\":\"\\u0644\\u064a\\u0641 \\u0644\\u064a\\u0646\\u0648\\u0646\"}', '142409838', '2084167825', '488063548', '{\"en\":\"Sed.\",\"ar\":\"\\u0633\\u064a\\u062f\"}', 234, 7, 1, 'Ipsum provident.', '{\"en\":\"Rosalind Gislason\",\"ar\":\"\\u0631\\u0648\\u0632\\u0627 \\u0644\\u064a\\u0646\\u062f \\u062c\\u064a\\u0632\\u0644\\u0627\\u0633\\u0648\\u0646\"}', '1365684673', '1660215521', '955008464', '{\"en\":\"Aliquam.\",\"ar\":\"\\u0627\\u0644\\u0649\\u0643\\u0648\\u0627\\u0645\"}', 200, 4, 1, 'Consequatur commodi.', '2022-03-02 16:53:26', '2022-03-04 10:29:28'),
(14, 'henriette.olson@example.org', '$2y$10$92IXUNpkjO0rOQ5byMi.Ye4oKoEa3Ro9llC/.og/at2.uheWG/igi', '{\"en\":\"Kian Maggio V\",\"ar\":\"\\u0643\\u064a\\u0646 \\u0645\\u0627\\u062c\\u0648\"}', '2123026047', '1118317260', '565345751', '{\"en\":\"Et ex qui.\",\"ar\":\"\\u0627\\u064a\\u062a\\u0643\\u0633 \\u0643\\u0648\\u0649\"}', 184, 8, 1, 'Tenetur quo labore.', '{\"en\":\"Liana Wiza\",\"ar\":\"\\u0644\\u064a\\u0627\\u0646\\u0627 \\u0648\\u064a\\u0632\\u0627\"}', '1282265134', '1640312259', '226568906', '{\"en\":\"Beatae.\",\"ar\":\"\\u0644\\u0627 \\u062a\\u0639\\u0645\\u0644\"}', 139, 7, 2, 'Velit est eveniet.', '2022-03-02 16:53:26', '2022-03-04 10:53:16'),
(16, 'torphy.savanah@example.com', '$2y$10$92IXUNpkjO0rOQ5byMi.Ye4oKoEa3Ro9llC/.og/at2.uheWG/igi', '{\"en\":\"Buster Marquardt\",\"ar\":\"\\u0628\\u0648\\u0633\\u062a\\u0631 \\u0645\\u0627\\u0631\\u0643\\u0648\\u0631\\u064a\\u062a\"}', '399325162', '867357502', '433671014', '{\"en\":\"Omnis.\",\"ar\":\"\\u0627\\u0645\\u0646\\u064a\\u0633\"}', 158, 4, 1, 'Sunt facere maxime.', '{\"en\":\"Miss Lizeth Champlin\",\"ar\":\"\\u0645\\u064a\\u0633 \\u0644\\u064a\\u0632\\u0633 \\u0634\\u0627\\u0645\\u0628\\u0644\\u064a\\u0648\\u0646\"}', '618463075', '961421707', '2117472601', '{\"en\":\"Vel id.\",\"ar\":\"\\u0641\\u064a\\u0644\\u064a\\u062f\"}', 82, 4, 1, 'Earum nam iste.', '2022-03-02 16:53:26', '2022-03-04 12:20:12'),
(17, 'thauck@example.com', '$2y$10$92IXUNpkjO0rOQ5byMi.Ye4oKoEa3Ro9llC/.og/at2.uheWG/igi', '{\"en\":\"Kassandra Lind\"}', '1651093654', '706825230', '984111971', '{\"en\":\"Quasi.\"}', 156, 6, 1, 'Qui a recusandae et.', '{\"en\":\"Piper Cremin\"}', '447380825', '676066009', '1014936624', '{\"en\":\"Sed.\"}', 144, 7, 1, 'Molestiae ipsa cum.', '2022-03-02 16:53:26', '2022-03-02 16:53:26'),
(18, 'enienow@example.net', '$2y$10$92IXUNpkjO0rOQ5byMi.Ye4oKoEa3Ro9llC/.og/at2.uheWG/igi', '{\"en\":\"Miss Jacklyn Powlowski\"}', '794331891', '1010529728', '1085061904', '{\"en\":\"Explicabo.\"}', 161, 4, 2, 'Qui dolor velit.', '{\"en\":\"Mrs. Lue Kemmer\"}', '865372563', '1568790806', '498441555', '{\"en\":\"Iure.\"}', 95, 4, 2, 'Velit velit sint et.', '2022-03-02 16:53:26', '2022-03-02 16:53:26'),
(19, 'ngerlach@example.net', '$2y$10$92IXUNpkjO0rOQ5byMi.Ye4oKoEa3Ro9llC/.og/at2.uheWG/igi', '{\"en\":\"Minerva Adams\"}', '607191594', '239925368', '1236324237', '{\"en\":\"Placeat.\"}', 148, 4, 2, 'Velit quia deserunt.', '{\"en\":\"Zelma Dibbert I\"}', '910494402', '1543701567', '1285698767', '{\"en\":\"Ea.\"}', 99, 6, 2, 'Est dignissimos a.', '2022-03-02 16:53:26', '2022-03-02 16:53:26'),
(20, 'sheldon.murphy@example.net', '$2y$10$92IXUNpkjO0rOQ5byMi.Ye4oKoEa3Ro9llC/.og/at2.uheWG/igi', '{\"en\":\"America Steuber\"}', '505734242', '1970065386', '1990463610', '{\"en\":\"Unde.\"}', 114, 8, 1, 'Facere est facilis.', '{\"en\":\"Mr. Ryan Carroll MD\"}', '1182196631', '1626122731', '66019978', '{\"en\":\"Eaque.\"}', 81, 6, 1, 'Voluptates est.', '2022-03-02 16:53:26', '2022-03-02 16:53:26'),
(21, 'ara.heidenreich@example.org', '$2y$10$92IXUNpkjO0rOQ5byMi.Ye4oKoEa3Ro9llC/.og/at2.uheWG/igi', '{\"en\":\"Laisha Wolff I\"}', '1257885253', '713162038', '117153331', '{\"en\":\"Laborum.\"}', 115, 7, 2, 'Nobis explicabo sed.', '{\"en\":\"Ms. Ila Little Sr.\"}', '1332391806', '1214553350', '1978327124', '{\"en\":\"Vel.\"}', 44, 1, 1, 'Aut incidunt rerum.', '2022-03-02 16:53:26', '2022-03-02 16:53:26'),
(22, 'domenic.collins@example.com', '$2y$10$92IXUNpkjO0rOQ5byMi.Ye4oKoEa3Ro9llC/.og/at2.uheWG/igi', '{\"en\":\"Ms. Else Jones\"}', '2069216886', '753381217', '859840125', '{\"en\":\"Illo ut.\"}', 193, 7, 1, 'Beatae ut aut rerum.', '{\"en\":\"Christ Effertz\"}', '733325416', '596949904', '779451014', '{\"en\":\"Pariatur.\"}', 107, 2, 2, 'Sit ex voluptas.', '2022-03-02 16:53:26', '2022-03-02 16:53:26'),
(23, 'gleichner.zoila@example.com', '$2y$10$92IXUNpkjO0rOQ5byMi.Ye4oKoEa3Ro9llC/.og/at2.uheWG/igi', '{\"en\":\"Saige Zieme Sr.\"}', '834368778', '758483341', '2016973202', '{\"en\":\"Quia.\"}', 145, 7, 2, 'Iure pariatur aut.', '{\"en\":\"Angelina Murazik\"}', '1839809440', '1086229604', '2135111644', '{\"en\":\"Quia quia.\"}', 124, 2, 1, 'Sed recusandae.', '2022-03-02 16:53:26', '2022-03-02 16:53:26'),
(24, 'telly.stamm@example.org', '$2y$10$92IXUNpkjO0rOQ5byMi.Ye4oKoEa3Ro9llC/.og/at2.uheWG/igi', '{\"en\":\"Gladys McDermott\"}', '1331701971', '426825620', '1323506613', '{\"en\":\"Autem.\"}', 199, 4, 1, 'Minima ducimus.', '{\"en\":\"Prof. Jonathan Schinner I\"}', '747890348', '2088751120', '1260657868', '{\"en\":\"Qui esse.\"}', 213, 3, 1, 'Et deserunt nemo.', '2022-03-02 16:53:26', '2022-03-02 16:53:26'),
(25, 'wunsch.craig@example.com', '$2y$10$92IXUNpkjO0rOQ5byMi.Ye4oKoEa3Ro9llC/.og/at2.uheWG/igi', '{\"en\":\"Mr. Patrick Greenfelder\"}', '516150800', '30790314', '679482965', '{\"en\":\"Est amet.\"}', 145, 3, 1, 'Non suscipit.', '{\"en\":\"Miss Adrianna Stracke\"}', '1600053988', '1093667155', '662339367', '{\"en\":\"Mollitia.\"}', 159, 4, 2, 'Aut ut assumenda.', '2022-03-02 16:53:26', '2022-03-02 16:53:26'),
(26, 'pierre.swaniawski@example.net', '$2y$10$92IXUNpkjO0rOQ5byMi.Ye4oKoEa3Ro9llC/.og/at2.uheWG/igi', '{\"en\":\"Dr. Ettie Beatty IV\"}', '2087179063', '617193344', '121769262', '{\"en\":\"At enim.\"}', 246, 5, 2, 'Dolor cum ab.', '{\"en\":\"Prof. Kariane Bashirian\"}', '1772323338', '1382386452', '1879702090', '{\"en\":\"Enim non.\"}', 126, 2, 1, 'Facere quasi facere.', '2022-03-02 16:53:26', '2022-03-02 16:53:26'),
(27, 'joannie67@example.com', '$2y$10$92IXUNpkjO0rOQ5byMi.Ye4oKoEa3Ro9llC/.og/at2.uheWG/igi', '{\"en\":\"Dr. Aleen Bartell MD\"}', '1092597265', '1792520878', '1604897712', '{\"en\":\"Aut.\"}', 49, 7, 2, 'Ratione quae ipsam.', '{\"en\":\"Marie McLaughlin\"}', '2020655019', '1401819550', '153226237', '{\"en\":\"Numquam.\"}', 230, 5, 2, 'Rerum ut quo velit.', '2022-03-02 16:53:27', '2022-03-02 16:53:27'),
(28, 'runolfsdottir.fredy@example.net', '$2y$10$92IXUNpkjO0rOQ5byMi.Ye4oKoEa3Ro9llC/.og/at2.uheWG/igi', '{\"en\":\"Chaz Anderson\"}', '1500058057', '929809256', '942949691', '{\"en\":\"Dolore.\"}', 83, 4, 2, 'Deleniti doloremque.', '{\"en\":\"Vida Jenkins\"}', '1567434123', '1526109511', '965254274', '{\"en\":\"Iusto.\"}', 17, 2, 1, 'Natus nulla quia.', '2022-03-02 16:53:27', '2022-03-02 16:53:27'),
(29, 'bessie94@example.org', '$2y$10$92IXUNpkjO0rOQ5byMi.Ye4oKoEa3Ro9llC/.og/at2.uheWG/igi', '{\"en\":\"Dr. Issac Kertzmann MD\"}', '1577813554', '1047450248', '811347884', '{\"en\":\"Doloribus.\"}', 161, 1, 1, 'Eius quos maiores.', '{\"en\":\"Miss Thelma Harris MD\"}', '204010396', '1098900688', '2064455654', '{\"en\":\"Cum.\"}', 139, 2, 1, 'Consequatur.', '2022-03-02 16:53:27', '2022-03-02 16:53:27'),
(30, 'cartwright.walker@example.org', '$2y$10$92IXUNpkjO0rOQ5byMi.Ye4oKoEa3Ro9llC/.og/at2.uheWG/igi', '{\"en\":\"Dr. Loyce O\'Connell\"}', '826257992', '97378728', '172559214', '{\"en\":\"Qui vel.\"}', 138, 3, 1, 'Voluptates mollitia.', '{\"en\":\"Casandra Schultz\"}', '549688872', '1064063241', '832147440', '{\"en\":\"Alias.\"}', 135, 7, 2, 'Dolores doloribus.', '2022-03-02 16:53:27', '2022-03-02 16:53:27'),
(31, 'awill@example.net', '$2y$10$92IXUNpkjO0rOQ5byMi.Ye4oKoEa3Ro9llC/.og/at2.uheWG/igi', '{\"en\":\"Jed Schroeder\"}', '1526321049', '2082761726', '1595813926', '{\"en\":\"Minus.\"}', 197, 8, 1, 'Non quia tenetur.', '{\"en\":\"Ms. Janet Kuhlman IV\"}', '382443424', '1197291571', '1700441047', '{\"en\":\"Aut.\"}', 116, 2, 2, 'Quis accusamus.', '2022-03-02 16:53:27', '2022-03-02 16:53:27'),
(32, 'tgrimes@example.net', '$2y$10$92IXUNpkjO0rOQ5byMi.Ye4oKoEa3Ro9llC/.og/at2.uheWG/igi', '{\"en\":\"Cleora Jast\"}', '1222778889', '1381524415', '937305278', '{\"en\":\"Sed sed.\"}', 240, 3, 2, 'Qui ut et eveniet.', '{\"en\":\"Maximilian Luettgen Sr.\"}', '507127117', '672209627', '957263774', '{\"en\":\"Tenetur.\"}', 43, 5, 2, 'In est autem earum.', '2022-03-02 16:53:27', '2022-03-02 16:53:27'),
(33, 'ggerhold@example.com', '$2y$10$92IXUNpkjO0rOQ5byMi.Ye4oKoEa3Ro9llC/.og/at2.uheWG/igi', '{\"en\":\"Pedro Raynor\"}', '2096310432', '1056529311', '794503088', '{\"en\":\"Tempora.\"}', 31, 1, 1, 'Assumenda sunt nam.', '{\"en\":\"Prof. Ardith Weissnat\"}', '1441488838', '2042463743', '807930421', '{\"en\":\"Omnis quo.\"}', 84, 2, 2, 'Deleniti et nihil.', '2022-03-02 16:53:27', '2022-03-02 16:53:27'),
(34, 'hkoepp@example.org', '$2y$10$92IXUNpkjO0rOQ5byMi.Ye4oKoEa3Ro9llC/.og/at2.uheWG/igi', '{\"en\":\"Serenity Lueilwitz\"}', '1020347058', '2046954249', '897398458', '{\"en\":\"Qui quae.\"}', 27, 7, 1, 'Harum amet.', '{\"en\":\"Rahsaan Will\"}', '876269719', '969730901', '1719936626', '{\"en\":\"Ut ipsam.\"}', 116, 3, 1, 'Expedita maxime.', '2022-03-02 16:53:27', '2022-03-02 16:53:27'),
(35, 'xjohnson@example.org', '$2y$10$92IXUNpkjO0rOQ5byMi.Ye4oKoEa3Ro9llC/.og/at2.uheWG/igi', '{\"en\":\"Jamal Hettinger\"}', '1966710943', '1142320103', '250896367', '{\"en\":\"Cum.\"}', 95, 6, 2, 'Consequatur.', '{\"en\":\"Laura Kemmer\"}', '157844582', '615764666', '750163616', '{\"en\":\"Qui.\"}', 127, 6, 1, 'Sit quasi ut quis.', '2022-03-02 16:53:27', '2022-03-02 16:53:27'),
(36, 'jermain61@example.net', '$2y$10$92IXUNpkjO0rOQ5byMi.Ye4oKoEa3Ro9llC/.og/at2.uheWG/igi', '{\"en\":\"Kamron Lebsack DDS\"}', '46195227', '233748545', '805523558', '{\"en\":\"Rerum eos.\"}', 28, 3, 2, 'Quo soluta id autem.', '{\"en\":\"Micaela Ryan\"}', '1389602085', '1458022842', '1414868286', '{\"en\":\"Et cumque.\"}', 14, 5, 2, 'Quis omnis.', '2022-03-02 16:53:27', '2022-03-02 16:53:27'),
(37, 'mitchell.everardo@example.org', '$2y$10$92IXUNpkjO0rOQ5byMi.Ye4oKoEa3Ro9llC/.og/at2.uheWG/igi', '{\"en\":\"Rosemarie Wyman\"}', '504270379', '2005397987', '2042563815', '{\"en\":\"Officia.\"}', 16, 7, 1, 'Nesciunt et.', '{\"en\":\"Ms. Calista Schumm III\"}', '497907780', '1140494107', '43252883', '{\"en\":\"Alias est.\"}', 78, 8, 2, 'Aut itaque amet.', '2022-03-02 16:53:27', '2022-03-02 16:53:27'),
(38, 'jakubowski.dion@example.net', '$2y$10$92IXUNpkjO0rOQ5byMi.Ye4oKoEa3Ro9llC/.og/at2.uheWG/igi', '{\"en\":\"Giovanny Rogahn\"}', '1271583428', '871291507', '130095423', '{\"en\":\"Qui modi.\"}', 162, 7, 2, 'Autem magni sed.', '{\"en\":\"Sonya Schoen\"}', '1445712295', '618166088', '1614530341', '{\"en\":\"Sunt.\"}', 22, 6, 2, 'Alias aliquam.', '2022-03-02 16:53:27', '2022-03-02 16:53:27'),
(39, 'kshlerin.jerome@example.net', '$2y$10$92IXUNpkjO0rOQ5byMi.Ye4oKoEa3Ro9llC/.og/at2.uheWG/igi', '{\"en\":\"Margaret Conn\"}', '768452822', '333105385', '86826742', '{\"en\":\"Incidunt.\"}', 147, 3, 1, 'Distinctio.', '{\"en\":\"Jaylen Torphy\"}', '1157751272', '1833084700', '1058643893', '{\"en\":\"Sunt.\"}', 229, 5, 1, 'Qui ipsum unde qui.', '2022-03-02 16:53:27', '2022-03-02 16:53:27'),
(40, 'walton.haag@example.com', '$2y$10$92IXUNpkjO0rOQ5byMi.Ye4oKoEa3Ro9llC/.og/at2.uheWG/igi', '{\"en\":\"Dr. Stanton Raynor\"}', '1262221116', '895497923', '804977913', '{\"en\":\"Vero.\"}', 75, 1, 2, 'Iure ut quod velit.', '{\"en\":\"Theresia Fisher\"}', '605247114', '1983447853', '644339850', '{\"en\":\"Non id.\"}', 20, 2, 1, 'Qui ad id.', '2022-03-02 16:53:27', '2022-03-02 16:53:27'),
(41, 'watsica.london@example.org', '$2y$10$92IXUNpkjO0rOQ5byMi.Ye4oKoEa3Ro9llC/.og/at2.uheWG/igi', '{\"en\":\"Frank Borer\"}', '1635975217', '438865887', '1643966099', '{\"en\":\"Eos totam.\"}', 96, 5, 1, 'Amet delectus aut.', '{\"en\":\"Brittany Bayer\"}', '506123531', '1746852720', '809626902', '{\"en\":\"Sit.\"}', 206, 7, 1, 'Sunt ex porro.', '2022-03-02 16:53:27', '2022-03-02 16:53:27'),
(42, 'uhalvorson@example.com', '$2y$10$92IXUNpkjO0rOQ5byMi.Ye4oKoEa3Ro9llC/.og/at2.uheWG/igi', '{\"en\":\"Bartholome Kuphal\"}', '1572587325', '706214892', '29792138', '{\"en\":\"Animi.\"}', 231, 4, 1, 'Labore nemo aut et.', '{\"en\":\"Ed Walter\"}', '75415188', '1137077132', '259145695', '{\"en\":\"Id.\"}', 176, 1, 1, 'Facere aut.', '2022-03-02 16:53:27', '2022-03-02 16:53:27'),
(43, 'ottilie81@example.org', '$2y$10$92IXUNpkjO0rOQ5byMi.Ye4oKoEa3Ro9llC/.og/at2.uheWG/igi', '{\"en\":\"Bridie Ledner\"}', '1930294769', '923928783', '1261968318', '{\"en\":\"Maxime.\"}', 174, 1, 2, 'Amet sapiente aut.', '{\"en\":\"Mr. Cristopher King DDS\"}', '1724673291', '1544330055', '428854912', '{\"en\":\"Tempore.\"}', 169, 3, 2, 'Suscipit tempore.', '2022-03-02 16:53:27', '2022-03-02 16:53:27'),
(44, 'king.guy@example.net', '$2y$10$92IXUNpkjO0rOQ5byMi.Ye4oKoEa3Ro9llC/.og/at2.uheWG/igi', '{\"en\":\"Mohammad DuBuque\"}', '681356929', '900133033', '301228423', '{\"en\":\"Et eius.\"}', 113, 7, 2, 'Quia iure suscipit.', '{\"en\":\"Myrtle Frami\"}', '1568762861', '480486269', '479516365', '{\"en\":\"Soluta.\"}', 100, 5, 1, 'Sunt sunt ea esse.', '2022-03-02 16:53:27', '2022-03-02 16:53:27'),
(45, 'andres86@example.net', '$2y$10$92IXUNpkjO0rOQ5byMi.Ye4oKoEa3Ro9llC/.og/at2.uheWG/igi', '{\"en\":\"Enola Kreiger I\"}', '1799482296', '406709841', '560859906', '{\"en\":\"Aut.\"}', 191, 5, 1, 'Reiciendis nihil.', '{\"en\":\"Leon Kuhic\"}', '1275969717', '1623338694', '1589664168', '{\"en\":\"Sit qui.\"}', 183, 2, 2, 'Amet harum nisi et.', '2022-03-02 16:53:27', '2022-03-02 16:53:27'),
(46, 'rschoen@example.com', '$2y$10$92IXUNpkjO0rOQ5byMi.Ye4oKoEa3Ro9llC/.og/at2.uheWG/igi', '{\"en\":\"Gudrun Robel Jr.\"}', '217052040', '543157946', '114487241', '{\"en\":\"Dolor.\"}', 72, 1, 2, 'Ad fugit recusandae.', '{\"en\":\"Mavis Parker\"}', '1177702645', '188616804', '1225669612', '{\"en\":\"Qui.\"}', 230, 3, 1, 'Totam eos.', '2022-03-02 16:53:27', '2022-03-02 16:53:27'),
(47, 'upollich@example.net', '$2y$10$92IXUNpkjO0rOQ5byMi.Ye4oKoEa3Ro9llC/.og/at2.uheWG/igi', '{\"en\":\"Garth Rowe\"}', '602551507', '910891988', '103027002', '{\"en\":\"Eum.\"}', 152, 7, 2, 'Nemo occaecati.', '{\"en\":\"Conor Parker Sr.\"}', '969222538', '354782392', '1417184616', '{\"en\":\"Dolor.\"}', 67, 3, 2, 'Porro neque.', '2022-03-02 16:53:27', '2022-03-02 16:53:27'),
(48, 'erling62@example.net', '$2y$10$92IXUNpkjO0rOQ5byMi.Ye4oKoEa3Ro9llC/.og/at2.uheWG/igi', '{\"en\":\"Bryana Fay V\"}', '216927124', '155919797', '1735532308', '{\"en\":\"Aliquid.\"}', 86, 2, 1, 'Suscipit optio.', '{\"en\":\"Ms. Ericka Koss DVM\"}', '696438934', '359249366', '1311492059', '{\"en\":\"Quae.\"}', 38, 1, 2, 'Est eveniet cumque.', '2022-03-02 16:53:27', '2022-03-02 16:53:27'),
(49, 'jany00@example.com', '$2y$10$92IXUNpkjO0rOQ5byMi.Ye4oKoEa3Ro9llC/.og/at2.uheWG/igi', '{\"en\":\"Laurine Frami\"}', '1822804438', '934883122', '1627510770', '{\"en\":\"Et ullam.\"}', 136, 4, 2, 'Dolore nemo.', '{\"en\":\"Candice Nienow\"}', '1655856334', '666452476', '1176629107', '{\"en\":\"Molestias.\"}', 77, 1, 1, 'Libero sapiente non.', '2022-03-02 16:53:27', '2022-03-02 16:53:27'),
(50, 'bode.alexie@example.net', '$2y$10$92IXUNpkjO0rOQ5byMi.Ye4oKoEa3Ro9llC/.og/at2.uheWG/igi', '{\"en\":\"Macey DuBuque\"}', '505914957', '1897795668', '333249292', '{\"en\":\"Harum.\"}', 129, 8, 1, 'Rerum sint vel ea.', '{\"en\":\"Travis Upton\"}', '169977988', '82978534', '917662780', '{\"en\":\"Occaecati.\"}', 76, 7, 2, 'Nulla quasi rerum.', '2022-03-02 16:53:27', '2022-03-02 16:53:27'),
(51, 'buck.donnelly@example.net', '$2y$10$92IXUNpkjO0rOQ5byMi.Ye4oKoEa3Ro9llC/.og/at2.uheWG/igi', '{\"en\":\"Brant Weissnat\"}', '1660914861', '277569680', '923678533', '{\"en\":\"Possimus.\"}', 122, 3, 1, 'Nemo repudiandae.', '{\"en\":\"Milan Kub\"}', '860303826', '1401770461', '1970603538', '{\"en\":\"Non non.\"}', 176, 7, 1, 'Facilis suscipit.', '2022-03-02 16:53:27', '2022-03-02 16:53:27'),
(52, 'chegmann@example.com', '$2y$10$92IXUNpkjO0rOQ5byMi.Ye4oKoEa3Ro9llC/.og/at2.uheWG/igi', '{\"en\":\"Alfred Mohr\"}', '1778256470', '251867142', '1502523181', '{\"en\":\"Fugit.\"}', 122, 8, 2, 'Qui laborum placeat.', '{\"en\":\"Carlie Sipes\"}', '1369074114', '1368978063', '1035032690', '{\"en\":\"Sint.\"}', 129, 4, 2, 'Iste possimus.', '2022-03-02 16:53:27', '2022-03-02 16:53:27'),
(53, 'beaulah85@example.com', '$2y$10$92IXUNpkjO0rOQ5byMi.Ye4oKoEa3Ro9llC/.og/at2.uheWG/igi', '{\"en\":\"Joesph Gerlach\"}', '850739922', '1846200528', '2095685768', '{\"en\":\"Ut magni.\"}', 237, 3, 2, 'Rerum saepe et.', '{\"en\":\"Mr. Daron Reynolds I\"}', '1663942183', '1244056909', '1752599460', '{\"en\":\"Quaerat.\"}', 233, 8, 2, 'Aperiam qui eos.', '2022-03-02 16:53:27', '2022-03-02 16:53:27'),
(54, 'gulgowski.layne@example.com', '$2y$10$92IXUNpkjO0rOQ5byMi.Ye4oKoEa3Ro9llC/.og/at2.uheWG/igi', '{\"en\":\"Esperanza Kub V\"}', '329501140', '1300381820', '1059759584', '{\"en\":\"Et.\"}', 187, 5, 1, 'Consectetur.', '{\"en\":\"Prof. Faustino Mann\"}', '1760095708', '970931276', '1066935921', '{\"en\":\"Ut neque.\"}', 39, 8, 1, 'Natus molestias aut.', '2022-03-02 16:53:28', '2022-03-02 16:53:28'),
(55, 'bridgette74@example.com', '$2y$10$92IXUNpkjO0rOQ5byMi.Ye4oKoEa3Ro9llC/.og/at2.uheWG/igi', '{\"en\":\"Eriberto Wiza\"}', '1764618013', '1852794768', '2052157414', '{\"en\":\"Tenetur.\"}', 133, 5, 1, 'Molestiae eius qui.', '{\"en\":\"Lesley Little\"}', '1912900917', '885679880', '140260496', '{\"en\":\"Molestiae.\"}', 66, 6, 1, 'Quis consequatur.', '2022-03-02 16:53:28', '2022-03-02 16:53:28'),
(56, 'sanford.dimitri@example.com', '$2y$10$92IXUNpkjO0rOQ5byMi.Ye4oKoEa3Ro9llC/.og/at2.uheWG/igi', '{\"en\":\"Bernardo Vandervort\"}', '2099700759', '1571000604', '1301079719', '{\"en\":\"Qui.\"}', 103, 8, 2, 'Quae velit aperiam.', '{\"en\":\"Gustave Durgan\"}', '1675524976', '234609343', '296591238', '{\"en\":\"Expedita.\"}', 177, 1, 1, 'Facere nesciunt.', '2022-03-02 16:53:28', '2022-03-02 16:53:28'),
(57, 'kessler.david@example.net', '$2y$10$92IXUNpkjO0rOQ5byMi.Ye4oKoEa3Ro9llC/.og/at2.uheWG/igi', '{\"en\":\"Ms. Annette Bogisich\"}', '256094071', '2065175682', '1828753707', '{\"en\":\"Deserunt.\"}', 58, 2, 2, 'Mollitia ipsam.', '{\"en\":\"Julio Fay IV\"}', '1473675911', '1842274849', '721498429', '{\"en\":\"Excepturi.\"}', 22, 6, 1, 'Mollitia aut fuga.', '2022-03-02 16:53:28', '2022-03-02 16:53:28'),
(58, 'blaise.robel@example.org', '$2y$10$92IXUNpkjO0rOQ5byMi.Ye4oKoEa3Ro9llC/.og/at2.uheWG/igi', '{\"en\":\"Americo Sanford DVM\"}', '618540839', '222552130', '1204169771', '{\"en\":\"Minus.\"}', 138, 2, 1, 'Repudiandae quia.', '{\"en\":\"Lynn Cormier\"}', '1142589487', '478662559', '2132521773', '{\"en\":\"Sunt ut.\"}', 189, 6, 1, 'Repudiandae.', '2022-03-02 16:53:28', '2022-03-02 16:53:28'),
(59, 'beau.rempel@example.net', '$2y$10$92IXUNpkjO0rOQ5byMi.Ye4oKoEa3Ro9llC/.og/at2.uheWG/igi', '{\"en\":\"Sydnie Graham\"}', '999738304', '1997102619', '426728023', '{\"en\":\"Fuga.\"}', 205, 2, 2, 'Unde dicta.', '{\"en\":\"Meagan Christiansen\"}', '2120911358', '541728988', '1158844504', '{\"en\":\"Ad est in.\"}', 218, 1, 1, 'Non expedita.', '2022-03-02 16:53:28', '2022-03-02 16:53:28'),
(60, 'bertram.schoen@example.org', '$2y$10$92IXUNpkjO0rOQ5byMi.Ye4oKoEa3Ro9llC/.og/at2.uheWG/igi', '{\"en\":\"Mr. Conrad Hauck\"}', '1345671661', '2074587001', '1639967711', '{\"en\":\"Fugit.\"}', 103, 5, 2, 'Quis quo velit.', '{\"en\":\"Donald Schmidt\"}', '270431104', '1770124408', '943875041', '{\"en\":\"Ipsum.\"}', 49, 3, 2, 'Ab autem mollitia.', '2022-03-02 16:53:28', '2022-03-02 16:53:28'),
(61, 'easton.gerlach@example.org', '$2y$10$92IXUNpkjO0rOQ5byMi.Ye4oKoEa3Ro9llC/.og/at2.uheWG/igi', '{\"en\":\"Dr. Jean Klocko\"}', '150558646', '2047626158', '184103079', '{\"en\":\"Sint.\"}', 227, 3, 1, 'Enim voluptatem.', '{\"en\":\"Lonie Ziemann\"}', '1205397386', '1987259444', '1024019597', '{\"en\":\"Illum.\"}', 142, 3, 2, 'Ut porro dolorem id.', '2022-03-02 16:53:28', '2022-03-02 16:53:28'),
(62, 'godfrey14@example.net', '$2y$10$92IXUNpkjO0rOQ5byMi.Ye4oKoEa3Ro9llC/.og/at2.uheWG/igi', '{\"en\":\"Claudia Simonis\"}', '507025349', '346286846', '1356864027', '{\"en\":\"Ut.\"}', 105, 4, 2, 'Laboriosam enim.', '{\"en\":\"Allen Ebert\"}', '1332367557', '1520510016', '1399954710', '{\"en\":\"Quidem.\"}', 193, 4, 1, 'Excepturi.', '2022-03-02 16:53:28', '2022-03-02 16:53:28'),
(63, 'vernice.hirthe@example.com', '$2y$10$92IXUNpkjO0rOQ5byMi.Ye4oKoEa3Ro9llC/.og/at2.uheWG/igi', '{\"en\":\"Taya Shanahan\"}', '166490075', '2132047518', '131667381', '{\"en\":\"Totam.\"}', 71, 2, 2, 'Et asperiores fugit.', '{\"en\":\"Miss Camila Schoen Sr.\"}', '913550596', '69509120', '1639509246', '{\"en\":\"Fugit in.\"}', 206, 4, 2, 'Officia rerum.', '2022-03-02 16:53:28', '2022-03-02 16:53:28'),
(64, 'myrna.stokes@example.net', '$2y$10$92IXUNpkjO0rOQ5byMi.Ye4oKoEa3Ro9llC/.og/at2.uheWG/igi', '{\"en\":\"Timmothy Fadel\"}', '1987486497', '1373474920', '1090769023', '{\"en\":\"Ab omnis.\"}', 194, 1, 1, 'Ratione ipsum.', '{\"en\":\"Della Bradtke\"}', '1261170001', '90467313', '2004680801', '{\"en\":\"Ea amet.\"}', 142, 2, 2, 'In reiciendis.', '2022-03-02 16:53:28', '2022-03-02 16:53:28'),
(65, 'vschulist@example.org', '$2y$10$92IXUNpkjO0rOQ5byMi.Ye4oKoEa3Ro9llC/.og/at2.uheWG/igi', '{\"en\":\"Camron Lind\"}', '563824226', '1082128674', '872667561', '{\"en\":\"Quidem.\"}', 114, 7, 2, 'Enim ea et.', '{\"en\":\"Jacky Harris\"}', '196880413', '2142447794', '215714733', '{\"en\":\"Corrupti.\"}', 51, 4, 2, 'Ut officia voluptas.', '2022-03-02 16:53:28', '2022-03-02 16:53:28'),
(66, 'lulu99@example.net', '$2y$10$92IXUNpkjO0rOQ5byMi.Ye4oKoEa3Ro9llC/.og/at2.uheWG/igi', '{\"en\":\"Alene Prohaska\"}', '1417396232', '200104905', '2135921462', '{\"en\":\"Fuga.\"}', 77, 5, 2, 'Ut nesciunt minus.', '{\"en\":\"Kelley Ebert\"}', '1286274661', '1979717843', '405105860', '{\"en\":\"Fugit.\"}', 132, 4, 2, 'Error consequatur.', '2022-03-02 16:53:28', '2022-03-02 16:53:28'),
(67, 'demarco.waelchi@example.net', '$2y$10$92IXUNpkjO0rOQ5byMi.Ye4oKoEa3Ro9llC/.og/at2.uheWG/igi', '{\"en\":\"Brionna Runolfsson\"}', '693901510', '960566538', '1732899697', '{\"en\":\"Ut quia.\"}', 125, 6, 1, 'Sed enim officiis.', '{\"en\":\"Dr. Antonio Emmerich\"}', '1495445280', '739911040', '2127219094', '{\"en\":\"Natus.\"}', 30, 1, 1, 'Cum rerum.', '2022-03-02 16:53:28', '2022-03-02 16:53:28'),
(68, 'rcarter@example.org', '$2y$10$92IXUNpkjO0rOQ5byMi.Ye4oKoEa3Ro9llC/.og/at2.uheWG/igi', '{\"en\":\"Prof. Amina Becker\"}', '845374566', '801421607', '188018298', '{\"en\":\"A illum.\"}', 43, 1, 1, 'Et laboriosam.', '{\"en\":\"Valerie Zulauf\"}', '960101092', '1312521550', '2068222644', '{\"en\":\"Voluptas.\"}', 89, 2, 1, 'Quidem modi omnis.', '2022-03-02 16:53:28', '2022-03-02 16:53:28'),
(69, 'hagenes.winnifred@example.com', '$2y$10$92IXUNpkjO0rOQ5byMi.Ye4oKoEa3Ro9llC/.og/at2.uheWG/igi', '{\"en\":\"Misael Kling\"}', '323421100', '1011376342', '1868890875', '{\"en\":\"Dolores.\"}', 234, 2, 1, 'Sit assumenda ad.', '{\"en\":\"Marilou Haley\"}', '1065436209', '1408395538', '1690862624', '{\"en\":\"Dolores.\"}', 179, 8, 1, 'Nam et voluptatibus.', '2022-03-02 16:53:28', '2022-03-02 16:53:28'),
(70, 'kianna44@example.com', '$2y$10$92IXUNpkjO0rOQ5byMi.Ye4oKoEa3Ro9llC/.og/at2.uheWG/igi', '{\"en\":\"Marcia Boyer\"}', '1660997458', '945560470', '563107854', '{\"en\":\"Molestiae.\"}', 38, 3, 1, 'Ut quaerat et nemo.', '{\"en\":\"Cullen Carroll\"}', '1834542380', '1558410341', '414499583', '{\"en\":\"Animi.\"}', 171, 3, 2, 'Voluptates nesciunt.', '2022-03-02 16:53:28', '2022-03-02 16:53:28'),
(71, 'nienow.sid@example.org', '$2y$10$92IXUNpkjO0rOQ5byMi.Ye4oKoEa3Ro9llC/.og/at2.uheWG/igi', '{\"en\":\"Henry Kuhn\"}', '1832146566', '654445902', '465231654', '{\"en\":\"Officia.\"}', 19, 6, 1, 'Debitis sit illo.', '{\"en\":\"Prof. Jon Schuster\"}', '2038163368', '1619027991', '427487154', '{\"en\":\"Laborum.\"}', 114, 8, 2, 'Dolorem voluptatem.', '2022-03-02 16:53:28', '2022-03-02 16:53:28'),
(72, 'arno.powlowski@example.org', '$2y$10$92IXUNpkjO0rOQ5byMi.Ye4oKoEa3Ro9llC/.og/at2.uheWG/igi', '{\"en\":\"Ms. Alessandra Hudson\"}', '1835526701', '1880259035', '1439330077', '{\"en\":\"Autem.\"}', 121, 7, 2, 'Adipisci et.', '{\"en\":\"Mrs. Susie Kshlerin PhD\"}', '1111181487', '2130835259', '605326632', '{\"en\":\"Ullam.\"}', 187, 8, 2, 'Suscipit est.', '2022-03-02 16:53:28', '2022-03-02 16:53:28'),
(73, 'rhiannon02@example.net', '$2y$10$92IXUNpkjO0rOQ5byMi.Ye4oKoEa3Ro9llC/.og/at2.uheWG/igi', '{\"en\":\"Casper Waelchi IV\"}', '1791781622', '41256381', '1478559865', '{\"en\":\"Tempora.\"}', 117, 5, 2, 'Vel enim tempore.', '{\"en\":\"Maiya Willms MD\"}', '2125729599', '2122192496', '1456866521', '{\"en\":\"Facilis.\"}', 107, 6, 2, 'Molestias culpa.', '2022-03-02 16:53:28', '2022-03-02 16:53:28'),
(74, 'ashlee17@example.com', '$2y$10$92IXUNpkjO0rOQ5byMi.Ye4oKoEa3Ro9llC/.og/at2.uheWG/igi', '{\"en\":\"Laurence Veum\"}', '119129611', '1411217553', '842664763', '{\"en\":\"Optio.\"}', 51, 7, 2, 'Autem possimus.', '{\"en\":\"Sally Pfannerstill DDS\"}', '31518523', '1370457374', '1785129485', '{\"en\":\"Voluptate.\"}', 138, 2, 2, 'Ipsa est quos id.', '2022-03-02 16:53:28', '2022-03-02 16:53:28'),
(75, 'kraynor@example.net', '$2y$10$92IXUNpkjO0rOQ5byMi.Ye4oKoEa3Ro9llC/.og/at2.uheWG/igi', '{\"en\":\"Dariana Nader\"}', '875125209', '1825424170', '106057544', '{\"en\":\"Rerum.\"}', 245, 1, 1, 'Fugit est soluta.', '{\"en\":\"Oliver Quigley\"}', '1818644333', '660186085', '1924775445', '{\"en\":\"Ducimus.\"}', 176, 2, 2, 'Ex facilis maxime.', '2022-03-02 16:53:28', '2022-03-02 16:53:28'),
(76, 'ronny.schneider@example.org', '$2y$10$92IXUNpkjO0rOQ5byMi.Ye4oKoEa3Ro9llC/.og/at2.uheWG/igi', '{\"en\":\"Veronica Bechtelar\"}', '1012182051', '1412330573', '1520357327', '{\"en\":\"Eius.\"}', 238, 6, 1, 'Laudantium aut sed.', '{\"en\":\"Sigrid Lindgren\"}', '614375593', '788235666', '350533399', '{\"en\":\"Id.\"}', 78, 2, 2, 'A aut eius nostrum.', '2022-03-02 16:53:28', '2022-03-02 16:53:28'),
(77, 'michele.will@example.org', '$2y$10$92IXUNpkjO0rOQ5byMi.Ye4oKoEa3Ro9llC/.og/at2.uheWG/igi', '{\"en\":\"Fabiola Koss\"}', '973078214', '2077396751', '1201982017', '{\"en\":\"Velit.\"}', 220, 3, 1, 'Amet ad enim veniam.', '{\"en\":\"Dr. Tillman Langosh\"}', '945179924', '1255618284', '1713484405', '{\"en\":\"Id maxime.\"}', 75, 4, 1, 'Quam saepe.', '2022-03-02 16:53:28', '2022-03-02 16:53:28'),
(78, 'samir.pouros@example.org', '$2y$10$92IXUNpkjO0rOQ5byMi.Ye4oKoEa3Ro9llC/.og/at2.uheWG/igi', '{\"en\":\"Dr. Hailee Mueller Jr.\"}', '136942623', '1068869091', '1868793511', '{\"en\":\"Voluptas.\"}', 33, 2, 1, 'Dolorem ea rerum.', '{\"en\":\"Ms. Amina Swaniawski Jr.\"}', '1702875378', '1998023562', '1938957822', '{\"en\":\"Optio.\"}', 131, 8, 1, 'Ut a maxime quam.', '2022-03-02 16:53:28', '2022-03-02 16:53:28'),
(79, 'ratke.cristobal@example.com', '$2y$10$92IXUNpkjO0rOQ5byMi.Ye4oKoEa3Ro9llC/.og/at2.uheWG/igi', '{\"en\":\"Dr. Jarrell Ruecker II\"}', '691165814', '1343461018', '440706074', '{\"en\":\"Ut.\"}', 191, 1, 2, 'Neque ducimus.', '{\"en\":\"Prof. Freda Harber Sr.\"}', '1303412572', '123618522', '898664925', '{\"en\":\"Omnis.\"}', 22, 3, 1, 'Deleniti ex tenetur.', '2022-03-02 16:53:28', '2022-03-02 16:53:28'),
(80, 'lue.romaguera@example.org', '$2y$10$92IXUNpkjO0rOQ5byMi.Ye4oKoEa3Ro9llC/.og/at2.uheWG/igi', '{\"en\":\"Miss Beth Strosin III\"}', '1508585017', '131344209', '443955606', '{\"en\":\"Ipsa.\"}', 107, 4, 2, 'Rerum quasi.', '{\"en\":\"Lonie Padberg Sr.\"}', '177167025', '898703909', '2043556352', '{\"en\":\"Suscipit.\"}', 71, 4, 2, 'Est consequuntur.', '2022-03-02 16:53:28', '2022-03-02 16:53:28'),
(81, 'ross.wolf@example.com', '$2y$10$92IXUNpkjO0rOQ5byMi.Ye4oKoEa3Ro9llC/.og/at2.uheWG/igi', '{\"en\":\"Jerod Graham\"}', '1894662621', '827686534', '1402833049', '{\"en\":\"Labore.\"}', 201, 6, 2, 'Sit aliquid.', '{\"en\":\"Dr. Lulu Zulauf II\"}', '1591824739', '2013748220', '1539923014', '{\"en\":\"Harum et.\"}', 148, 8, 1, 'Amet maxime dolor.', '2022-03-02 16:53:28', '2022-03-02 16:53:28'),
(82, 'tremblay.michele@example.net', '$2y$10$92IXUNpkjO0rOQ5byMi.Ye4oKoEa3Ro9llC/.og/at2.uheWG/igi', '{\"en\":\"Mr. Axel White IV\"}', '1700425857', '1003108923', '1307716257', '{\"en\":\"Nam animi.\"}', 237, 7, 2, 'Voluptatem.', '{\"en\":\"Winona Conroy\"}', '14401369', '1930632860', '221740277', '{\"en\":\"Minima.\"}', 51, 7, 2, 'Praesentium sit ut.', '2022-03-02 16:53:28', '2022-03-02 16:53:28'),
(83, 'darron.rippin@example.org', '$2y$10$92IXUNpkjO0rOQ5byMi.Ye4oKoEa3Ro9llC/.og/at2.uheWG/igi', '{\"en\":\"Abagail Parisian\"}', '1356738138', '2062655837', '27143184', '{\"en\":\"Impedit.\"}', 116, 1, 1, 'Autem doloremque.', '{\"en\":\"Willard Schuppe\"}', '1161851810', '133840576', '1920389257', '{\"en\":\"Ullam.\"}', 147, 4, 1, 'Quam reiciendis.', '2022-03-02 16:53:28', '2022-03-02 16:53:28'),
(84, 'kromaguera@example.net', '$2y$10$92IXUNpkjO0rOQ5byMi.Ye4oKoEa3Ro9llC/.og/at2.uheWG/igi', '{\"en\":\"Hayley Hane\"}', '873177897', '1312405082', '168906002', '{\"en\":\"Ipsam.\"}', 179, 6, 1, 'Consectetur nam.', '{\"en\":\"Rowan Cronin\"}', '1917767746', '44034553', '1315184560', '{\"en\":\"Ut.\"}', 92, 5, 2, 'Molestiae nemo.', '2022-03-02 16:53:28', '2022-03-02 16:53:28'),
(85, 'pgoldner@example.com', '$2y$10$92IXUNpkjO0rOQ5byMi.Ye4oKoEa3Ro9llC/.og/at2.uheWG/igi', '{\"en\":\"Dr. Lonzo Lowe MD\"}', '933175585', '1209754610', '962853710', '{\"en\":\"Sunt.\"}', 78, 8, 2, 'Voluptatum maxime.', '{\"en\":\"Modesto Doyle\"}', '1507100244', '186909811', '162919527', '{\"en\":\"Facere et.\"}', 206, 5, 1, 'Reiciendis.', '2022-03-02 16:53:28', '2022-03-02 16:53:28'),
(86, 'donavon59@example.com', '$2y$10$92IXUNpkjO0rOQ5byMi.Ye4oKoEa3Ro9llC/.og/at2.uheWG/igi', '{\"en\":\"Libbie Bauch\"}', '100116449', '1890322123', '24128631', '{\"en\":\"Ipsum.\"}', 245, 5, 1, 'Minus qui eligendi.', '{\"en\":\"Hilda Welch\"}', '1642275565', '1769744043', '1339747271', '{\"en\":\"Aut eos.\"}', 54, 3, 2, 'Eum qui fugiat.', '2022-03-02 16:53:28', '2022-03-02 16:53:28'),
(87, 'parisian.angelica@example.net', '$2y$10$92IXUNpkjO0rOQ5byMi.Ye4oKoEa3Ro9llC/.og/at2.uheWG/igi', '{\"en\":\"Delphia Robel\"}', '1307688786', '518467522', '5375582', '{\"en\":\"Commodi.\"}', 174, 3, 1, 'Ut laboriosam et.', '{\"en\":\"Laurianne O\'Reilly\"}', '864695115', '2138647300', '464397045', '{\"en\":\"Sunt.\"}', 239, 6, 1, 'Rerum placeat quia.', '2022-03-02 16:53:29', '2022-03-02 16:53:29'),
(88, 'shanel82@example.org', '$2y$10$92IXUNpkjO0rOQ5byMi.Ye4oKoEa3Ro9llC/.og/at2.uheWG/igi', '{\"en\":\"Meggie DuBuque IV\"}', '396018764', '186839637', '2084756320', '{\"en\":\"In rerum.\"}', 66, 8, 1, 'Id id voluptas.', '{\"en\":\"Orion Kuhlman II\"}', '1661931184', '1281335167', '141250184', '{\"en\":\"Ut.\"}', 154, 2, 1, 'Voluptatem.', '2022-03-02 16:53:29', '2022-03-02 16:53:29'),
(89, 'green.barry@example.org', '$2y$10$92IXUNpkjO0rOQ5byMi.Ye4oKoEa3Ro9llC/.og/at2.uheWG/igi', '{\"en\":\"Juston Zboncak\"}', '1082556527', '1043942514', '62054851', '{\"en\":\"Sed sunt.\"}', 214, 3, 1, 'Repellat.', '{\"en\":\"Janelle Wiegand\"}', '1798098429', '1366784369', '1203079688', '{\"en\":\"Ea cum.\"}', 124, 3, 2, 'Et tenetur.', '2022-03-02 16:53:29', '2022-03-02 16:53:29'),
(90, 'wshields@example.net', '$2y$10$92IXUNpkjO0rOQ5byMi.Ye4oKoEa3Ro9llC/.og/at2.uheWG/igi', '{\"en\":\"Dr. Jayson Conroy MD\"}', '1050850676', '1932436376', '350775631', '{\"en\":\"Maxime.\"}', 58, 6, 2, 'Culpa deleniti ut.', '{\"en\":\"Mrs. Adah Mills DVM\"}', '239727936', '1945471082', '1255285886', '{\"en\":\"Qui est.\"}', 60, 8, 1, 'A non architecto.', '2022-03-02 16:53:29', '2022-03-02 16:53:29'),
(91, 'timothy.reinger@example.org', '$2y$10$92IXUNpkjO0rOQ5byMi.Ye4oKoEa3Ro9llC/.og/at2.uheWG/igi', '{\"en\":\"Jacinto Bailey\"}', '509549119', '647253839', '1794144515', '{\"en\":\"Dicta qui.\"}', 232, 2, 2, 'Illo harum.', '{\"en\":\"Nyasia Marks\"}', '1704842995', '1230137814', '518114074', '{\"en\":\"Voluptas.\"}', 229, 8, 2, 'Quidem sed nostrum.', '2022-03-02 16:53:29', '2022-03-02 16:53:29'),
(92, 'cornell50@example.org', '$2y$10$92IXUNpkjO0rOQ5byMi.Ye4oKoEa3Ro9llC/.og/at2.uheWG/igi', '{\"en\":\"Ladarius Heller MD\"}', '1235586524', '1296257919', '399552454', '{\"en\":\"Maxime.\"}', 70, 4, 1, 'Nihil in odit.', '{\"en\":\"Miss Darby Ziemann Sr.\"}', '1832800152', '2007575326', '1949059348', '{\"en\":\"Ex in.\"}', 148, 7, 2, 'Laudantium aperiam.', '2022-03-02 16:53:29', '2022-03-02 16:53:29'),
(93, 'egoldner@example.net', '$2y$10$92IXUNpkjO0rOQ5byMi.Ye4oKoEa3Ro9llC/.og/at2.uheWG/igi', '{\"en\":\"Mr. Mathew Rolfson DDS\"}', '533680564', '1794624460', '1332297820', '{\"en\":\"Est.\"}', 69, 4, 2, 'Possimus voluptatem.', '{\"en\":\"Weston Lubowitz\"}', '2011166659', '1968675428', '28892921', '{\"en\":\"Sunt.\"}', 56, 1, 1, 'Tenetur quaerat.', '2022-03-02 16:53:29', '2022-03-02 16:53:29'),
(94, 'zoie94@example.com', '$2y$10$92IXUNpkjO0rOQ5byMi.Ye4oKoEa3Ro9llC/.og/at2.uheWG/igi', '{\"en\":\"Myah Hyatt DDS\"}', '1520516589', '696787089', '163443000', '{\"en\":\"Aut saepe.\"}', 187, 8, 1, 'Assumenda qui nihil.', '{\"en\":\"Reymundo Kuhlman\"}', '1495293595', '1308082366', '710122194', '{\"en\":\"Atque quo.\"}', 130, 7, 2, 'Sed quaerat sunt.', '2022-03-02 16:53:29', '2022-03-02 16:53:29'),
(95, 'prohaska.kareem@example.net', '$2y$10$92IXUNpkjO0rOQ5byMi.Ye4oKoEa3Ro9llC/.og/at2.uheWG/igi', '{\"en\":\"Mr. Andre Erdman\"}', '336896278', '61272082', '881884326', '{\"en\":\"Sunt.\"}', 168, 3, 2, 'Sint blanditiis.', '{\"en\":\"Charles Kutch\"}', '885877034', '1225965874', '682275639', '{\"en\":\"Ea.\"}', 39, 4, 2, 'Ullam possimus non.', '2022-03-02 16:53:29', '2022-03-02 16:53:29'),
(96, 'margarett45@example.org', '$2y$10$92IXUNpkjO0rOQ5byMi.Ye4oKoEa3Ro9llC/.og/at2.uheWG/igi', '{\"en\":\"Lori Beahan III\"}', '1604185784', '309284084', '922798496', '{\"en\":\"Adipisci.\"}', 89, 8, 2, 'Culpa voluptas et.', '{\"en\":\"Al Treutel\"}', '1850359209', '1312471318', '603969549', '{\"en\":\"Nisi.\"}', 176, 1, 2, 'Molestiae velit est.', '2022-03-02 16:53:29', '2022-03-02 16:53:29'),
(97, 'june.kuvalis@example.com', '$2y$10$92IXUNpkjO0rOQ5byMi.Ye4oKoEa3Ro9llC/.og/at2.uheWG/igi', '{\"en\":\"Prof. Ethan Bednar II\"}', '1772536615', '1362437391', '368170784', '{\"en\":\"Et quod.\"}', 87, 3, 2, 'Inventore.', '{\"en\":\"Sydney Zemlak\"}', '1712019472', '1546249286', '998383234', '{\"en\":\"Aut.\"}', 64, 6, 2, 'Similique numquam.', '2022-03-02 16:53:29', '2022-03-02 16:53:29'),
(98, 'ohaley@example.net', '$2y$10$92IXUNpkjO0rOQ5byMi.Ye4oKoEa3Ro9llC/.og/at2.uheWG/igi', '{\"en\":\"Mr. Arthur Bahringer I\"}', '2074456651', '96582429', '2106055888', '{\"en\":\"Sed aut.\"}', 5, 8, 1, 'Asperiores et.', '{\"en\":\"Estefania Kuhic\"}', '2083477394', '1295149348', '145173822', '{\"en\":\"A placeat.\"}', 73, 8, 1, 'Nihil at sint cum.', '2022-03-02 16:53:29', '2022-03-02 16:53:29'),
(99, 'grant.moen@example.net', '$2y$10$92IXUNpkjO0rOQ5byMi.Ye4oKoEa3Ro9llC/.og/at2.uheWG/igi', '{\"en\":\"Hertha Hills\"}', '1400940767', '2098163131', '1963301411', '{\"en\":\"Sint et.\"}', 75, 3, 1, 'Repudiandae et.', '{\"en\":\"Prof. Zoe Rempel\"}', '817416982', '916973472', '1279231439', '{\"en\":\"Vel sed.\"}', 149, 1, 2, 'Ut voluptatibus.', '2022-03-02 16:53:29', '2022-03-02 16:53:29'),
(100, 'wlakin@example.net', '$2y$10$92IXUNpkjO0rOQ5byMi.Ye4oKoEa3Ro9llC/.og/at2.uheWG/igi', '{\"en\":\"Rocky Gaylord\"}', '402133420', '1217448891', '387342809', '{\"en\":\"Inventore.\"}', 154, 1, 1, 'Quo explicabo.', '{\"en\":\"Mrs. Marian Will MD\"}', '1906471044', '502497406', '1281743915', '{\"en\":\"Ducimus.\"}', 155, 5, 1, 'Optio aut minus.', '2022-03-02 16:53:29', '2022-03-02 16:53:29'),
(101, 'cmorissette@example.com', '$2y$10$92IXUNpkjO0rOQ5byMi.Ye4oKoEa3Ro9llC/.og/at2.uheWG/igi', '{\"en\":\"Lindsay Haley\"}', '1856355551', '1438674263', '339771526', '{\"en\":\"Eligendi.\"}', 187, 4, 1, 'Aut nihil pariatur.', '{\"en\":\"Dr. Daren Greenholt\"}', '1030537689', '1968385461', '2102932233', '{\"en\":\"Nostrum.\"}', 227, 6, 2, 'Et numquam.', '2022-03-02 16:53:29', '2022-03-02 16:53:29'),
(102, 'bogan.andrew@example.net', '$2y$10$92IXUNpkjO0rOQ5byMi.Ye4oKoEa3Ro9llC/.og/at2.uheWG/igi', '{\"en\":\"Quincy Mayer\"}', '754597535', '387005004', '1756297092', '{\"en\":\"Adipisci.\"}', 9, 5, 1, 'Exercitationem.', '{\"en\":\"Miss Bethel Sanford PhD\"}', '1755822603', '1787226597', '613547669', '{\"en\":\"Aut.\"}', 101, 7, 2, 'Voluptatem.', '2022-03-02 16:53:29', '2022-03-02 16:53:29'),
(103, 'weissnat.lowell@example.net', '$2y$10$92IXUNpkjO0rOQ5byMi.Ye4oKoEa3Ro9llC/.og/at2.uheWG/igi', '{\"en\":\"Prof. Hulda Graham\"}', '1118834803', '1809055306', '1975042714', '{\"en\":\"Quisquam.\"}', 245, 7, 2, 'Itaque voluptatem.', '{\"en\":\"Jensen Rempel Jr.\"}', '1467773979', '459798777', '115800568', '{\"en\":\"Ratione.\"}', 223, 6, 2, 'Tempora qui in et.', '2022-03-02 16:53:29', '2022-03-02 16:53:29'),
(104, 'funk.maud@example.org', '$2y$10$92IXUNpkjO0rOQ5byMi.Ye4oKoEa3Ro9llC/.og/at2.uheWG/igi', '{\"en\":\"Samanta Bogisich\"}', '21148076', '759020967', '970160328', '{\"en\":\"Modi.\"}', 124, 1, 2, 'Est est vero ut.', '{\"en\":\"Preston Runte\"}', '1492610047', '447437266', '7459173', '{\"en\":\"Enim.\"}', 240, 2, 1, 'Commodi atque quae.', '2022-03-02 16:53:29', '2022-03-02 16:53:29'),
(105, 'kenya.watsica@example.org', '$2y$10$92IXUNpkjO0rOQ5byMi.Ye4oKoEa3Ro9llC/.og/at2.uheWG/igi', '{\"en\":\"Orlando Schamberger IV\"}', '433164209', '1932379681', '153333824', '{\"en\":\"Aliquam.\"}', 184, 1, 2, 'Unde maiores.', '{\"en\":\"Aleen Maggio\"}', '1496496959', '1070271722', '107293866', '{\"en\":\"Odit ab.\"}', 3, 1, 2, 'Quos dolore rem.', '2022-03-02 16:53:29', '2022-03-02 16:53:29'),
(106, 'qschuster@example.com', '$2y$10$92IXUNpkjO0rOQ5byMi.Ye4oKoEa3Ro9llC/.og/at2.uheWG/igi', '{\"en\":\"Kylie Pacocha\"}', '530409450', '1193140799', '1012219618', '{\"en\":\"Illum et.\"}', 209, 6, 1, 'Enim ea dicta.', '{\"en\":\"Rita VonRueden II\"}', '1891595502', '955037516', '1466770997', '{\"en\":\"Quibusdam.\"}', 70, 5, 1, 'Suscipit.', '2022-03-02 16:53:29', '2022-03-02 16:53:29'),
(107, 'casey11@example.org', '$2y$10$92IXUNpkjO0rOQ5byMi.Ye4oKoEa3Ro9llC/.og/at2.uheWG/igi', '{\"en\":\"Lucienne Franecki\"}', '2025634782', '1293876850', '1721259179', '{\"en\":\"Fuga et.\"}', 244, 1, 2, 'Sunt soluta harum.', '{\"en\":\"Reta Mayer Sr.\"}', '1485408942', '186918696', '1751396943', '{\"en\":\"Ab rerum.\"}', 201, 1, 1, 'Ea nostrum est.', '2022-03-02 16:53:29', '2022-03-02 16:53:29'),
(108, 'lisette25@example.org', '$2y$10$92IXUNpkjO0rOQ5byMi.Ye4oKoEa3Ro9llC/.og/at2.uheWG/igi', '{\"en\":\"Rowland Kunze\"}', '1076063378', '343500017', '1916426664', '{\"en\":\"Corporis.\"}', 185, 8, 2, 'Accusamus minus et.', '{\"en\":\"Desiree Fay III\"}', '1238795470', '1420934190', '798561860', '{\"en\":\"Officia.\"}', 211, 5, 2, 'Quasi soluta.', '2022-03-03 19:36:55', '2022-03-03 19:36:55'),
(109, 'vhowe@example.com', '$2y$10$92IXUNpkjO0rOQ5byMi.Ye4oKoEa3Ro9llC/.og/at2.uheWG/igi', '{\"en\":\"Mr. Jerrell Mueller\"}', '39126480', '1159057676', '1083949649', '{\"en\":\"Dolores.\"}', 186, 6, 1, 'Perferendis.', '{\"en\":\"Jessie Hoppe\"}', '1261910286', '413866914', '2022857776', '{\"en\":\"Ab qui.\"}', 107, 1, 2, 'Repellat.', '2022-03-03 19:36:55', '2022-03-03 19:36:55'),
(110, 'werner.abbott@example.org', '$2y$10$92IXUNpkjO0rOQ5byMi.Ye4oKoEa3Ro9llC/.og/at2.uheWG/igi', '{\"en\":\"Hailee Lockman V\"}', '196775685', '2027484862', '1668911406', '{\"en\":\"Vero.\"}', 204, 8, 1, 'Laborum tempora.', '{\"en\":\"Miss Yasmine Johns\"}', '1849243305', '1864767938', '1705674972', '{\"en\":\"Autem.\"}', 228, 1, 1, 'Distinctio odio.', '2022-03-03 19:36:55', '2022-03-03 19:36:55'),
(111, 'rkuhic@example.org', '$2y$10$92IXUNpkjO0rOQ5byMi.Ye4oKoEa3Ro9llC/.og/at2.uheWG/igi', '{\"en\":\"Amari Boyle Sr.\"}', '671980658', '215655466', '980864316', '{\"en\":\"Placeat.\"}', 66, 7, 2, 'Fugit ut quasi.', '{\"en\":\"Dr. Omer Gerlach\"}', '1678208711', '1522870115', '14695403', '{\"en\":\"Nobis.\"}', 240, 8, 2, 'Sunt optio repellat.', '2022-03-03 19:36:55', '2022-03-03 19:36:55'),
(112, 'corene44@example.com', '$2y$10$92IXUNpkjO0rOQ5byMi.Ye4oKoEa3Ro9llC/.og/at2.uheWG/igi', '{\"en\":\"Hassie Walker\"}', '1907064611', '1519347421', '1456553131', '{\"en\":\"Et ea.\"}', 1, 2, 2, 'Neque similique.', '{\"en\":\"Elinore Berge\"}', '1540803501', '245720284', '1450976621', '{\"en\":\"Ut modi.\"}', 246, 8, 1, 'Exercitationem aut.', '2022-03-03 19:36:55', '2022-03-03 19:36:55'),
(113, 'josefina26@example.org', '$2y$10$92IXUNpkjO0rOQ5byMi.Ye4oKoEa3Ro9llC/.og/at2.uheWG/igi', '{\"en\":\"Dr. Kasandra Langosh MD\"}', '645335462', '109668511', '1288058039', '{\"en\":\"Voluptas.\"}', 33, 5, 1, 'Tenetur placeat et.', '{\"en\":\"Prof. Cleve Smith\"}', '1063694321', '1682395238', '481336631', '{\"en\":\"Officia.\"}', 126, 8, 2, 'Nulla modi sit.', '2022-03-03 19:36:55', '2022-03-03 19:36:55'),
(114, 'bernier.markus@example.net', '$2y$10$92IXUNpkjO0rOQ5byMi.Ye4oKoEa3Ro9llC/.og/at2.uheWG/igi', '{\"en\":\"Ray Herman\"}', '1538756290', '1667205057', '2135545444', '{\"en\":\"Et earum.\"}', 156, 1, 2, 'Voluptas ut iusto.', '{\"en\":\"Ms. Kara Harber Sr.\"}', '1868811240', '287937928', '1790892681', '{\"en\":\"Vero.\"}', 11, 6, 2, 'Quisquam nobis.', '2022-03-03 19:36:55', '2022-03-03 19:36:55'),
(115, 'corine93@example.net', '$2y$10$92IXUNpkjO0rOQ5byMi.Ye4oKoEa3Ro9llC/.og/at2.uheWG/igi', '{\"en\":\"Josie Koss I\"}', '2106633637', '2004894227', '804115054', '{\"en\":\"Iure.\"}', 185, 5, 2, 'Et et autem.', '{\"en\":\"Ms. Kaela Kohler PhD\"}', '1191031644', '389114527', '20835025', '{\"en\":\"Quis.\"}', 208, 2, 2, 'Harum assumenda.', '2022-03-03 19:36:55', '2022-03-03 19:36:55'),
(116, 'tcorkery@example.net', '$2y$10$92IXUNpkjO0rOQ5byMi.Ye4oKoEa3Ro9llC/.og/at2.uheWG/igi', '{\"en\":\"Prof. Xander Schultz\"}', '1103387169', '1243345149', '1490035089', '{\"en\":\"Deleniti.\"}', 44, 1, 2, 'Quam repudiandae ut.', '{\"en\":\"Sonny Hayes\"}', '693788050', '1618767994', '547634582', '{\"en\":\"Iste et.\"}', 244, 5, 1, 'Sed ab voluptatem.', '2022-03-03 19:36:55', '2022-03-03 19:36:55'),
(117, 'kaltenwerth@example.org', '$2y$10$92IXUNpkjO0rOQ5byMi.Ye4oKoEa3Ro9llC/.og/at2.uheWG/igi', '{\"en\":\"Mrs. Tressie Douglas Sr.\"}', '1295293244', '1922425162', '1754770833', '{\"en\":\"Ab in.\"}', 173, 8, 2, 'Tenetur consequatur.', '{\"en\":\"Leila Mayert\"}', '575213414', '450382033', '743306203', '{\"en\":\"Ipsum.\"}', 152, 7, 2, 'Dolorem ut error.', '2022-03-03 19:36:55', '2022-03-03 19:36:55'),
(118, 'hlarkin@example.net', '$2y$10$92IXUNpkjO0rOQ5byMi.Ye4oKoEa3Ro9llC/.og/at2.uheWG/igi', '{\"en\":\"Christelle Williamson\"}', '1784130382', '1539275813', '1214294777', '{\"en\":\"Accusamus.\"}', 56, 3, 1, 'Esse qui maxime.', '{\"en\":\"Orin Cormier\"}', '531981232', '714021149', '854201600', '{\"en\":\"Enim eum.\"}', 52, 4, 2, 'Quia minus quia et.', '2022-03-03 19:36:55', '2022-03-03 19:36:55'),
(119, 'lwillms@example.org', '$2y$10$92IXUNpkjO0rOQ5byMi.Ye4oKoEa3Ro9llC/.og/at2.uheWG/igi', '{\"en\":\"Lisette Swaniawski\"}', '707316584', '1880122797', '128782905', '{\"en\":\"Quia.\"}', 35, 7, 1, 'Eos et voluptatem.', '{\"en\":\"Callie Harvey V\"}', '769444945', '518283641', '1781638209', '{\"en\":\"Pariatur.\"}', 200, 7, 1, 'In asperiores eos.', '2022-03-03 19:36:55', '2022-03-03 19:36:55'),
(120, 'devon23@example.net', '$2y$10$92IXUNpkjO0rOQ5byMi.Ye4oKoEa3Ro9llC/.og/at2.uheWG/igi', '{\"en\":\"Johann Herman\"}', '2108543037', '276394594', '2082728606', '{\"en\":\"Dolor quo.\"}', 210, 1, 1, 'Sunt sint suscipit.', '{\"en\":\"Dr. Kieran Swaniawski\"}', '312567677', '1821354192', '1375457499', '{\"en\":\"Sit ullam.\"}', 211, 6, 2, 'Ex et fugit libero.', '2022-03-03 19:36:55', '2022-03-03 19:36:55'),
(121, 'barbara87@example.com', '$2y$10$92IXUNpkjO0rOQ5byMi.Ye4oKoEa3Ro9llC/.og/at2.uheWG/igi', '{\"en\":\"Landen Hane\"}', '924327675', '969269395', '294110982', '{\"en\":\"Rem atque.\"}', 11, 8, 1, 'Enim aut fugiat.', '{\"en\":\"Christopher Gutmann\"}', '1676668132', '59160026', '1587243635', '{\"en\":\"Voluptate.\"}', 213, 3, 2, 'Soluta sunt.', '2022-03-03 19:36:55', '2022-03-03 19:36:55'),
(122, 'jonathan33@example.com', '$2y$10$92IXUNpkjO0rOQ5byMi.Ye4oKoEa3Ro9llC/.og/at2.uheWG/igi', '{\"en\":\"Sunny Dietrich\"}', '1820482589', '629768422', '1633613342', '{\"en\":\"Nam autem.\"}', 21, 2, 1, 'Natus reprehenderit.', '{\"en\":\"Mrs. Petra Parker\"}', '1291091659', '627577585', '1875661956', '{\"en\":\"Nostrum.\"}', 31, 3, 2, 'Molestias qui.', '2022-03-03 19:36:55', '2022-03-03 19:36:55');
INSERT INTO `guardians` (`id`, `email`, `password`, `name_father`, `national_id_father`, `passport_id_father`, `phone_father`, `job_father`, `nationality_father_id`, `blood_type_father_id`, `religion_father_id`, `address_father`, `name_mother`, `national_id_mother`, `passport_id_mother`, `phone_mother`, `job_mother`, `nationality_mother_id`, `blood_type_mother_id`, `religion_mother_id`, `address_mother`, `created_at`, `updated_at`) VALUES
(123, 'rroob@example.org', '$2y$10$92IXUNpkjO0rOQ5byMi.Ye4oKoEa3Ro9llC/.og/at2.uheWG/igi', '{\"en\":\"Dr. Santa Zemlak II\"}', '397465821', '2064337063', '1790832845', '{\"en\":\"Delectus.\"}', 229, 1, 2, 'Quis nihil nisi.', '{\"en\":\"Maria Champlin MD\"}', '763523553', '964219851', '1654537527', '{\"en\":\"Sint.\"}', 139, 1, 2, 'Excepturi modi.', '2022-03-03 19:36:55', '2022-03-03 19:36:55'),
(124, 'nathan.donnelly@example.com', '$2y$10$92IXUNpkjO0rOQ5byMi.Ye4oKoEa3Ro9llC/.og/at2.uheWG/igi', '{\"en\":\"Gregg Bernhard\"}', '1716036225', '1767217363', '1631673425', '{\"en\":\"Atque.\"}', 191, 8, 1, 'Aut tenetur ducimus.', '{\"en\":\"Myrtle O\'Hara\"}', '1786961078', '949938041', '525096929', '{\"en\":\"Dolores.\"}', 90, 7, 1, 'Quam repellat sunt.', '2022-03-03 19:36:55', '2022-03-03 19:36:55'),
(125, 'bertrand.hegmann@example.net', '$2y$10$92IXUNpkjO0rOQ5byMi.Ye4oKoEa3Ro9llC/.og/at2.uheWG/igi', '{\"en\":\"Miss Destany Koss Sr.\"}', '947220224', '521028125', '531861194', '{\"en\":\"Assumenda.\"}', 134, 7, 2, 'Illum aut.', '{\"en\":\"Prof. Donald Krajcik\"}', '317326010', '753965230', '787636134', '{\"en\":\"Voluptas.\"}', 106, 3, 2, 'Architecto minima.', '2022-03-03 19:36:55', '2022-03-03 19:36:55'),
(126, 'romaguera.cletus@example.net', '$2y$10$92IXUNpkjO0rOQ5byMi.Ye4oKoEa3Ro9llC/.og/at2.uheWG/igi', '{\"en\":\"Aubrey Tillman\"}', '2144215454', '1384280056', '1981219180', '{\"en\":\"Aut illo.\"}', 2, 3, 2, 'Maiores officiis.', '{\"en\":\"Dr. Layla Thompson PhD\"}', '1997113503', '2100730227', '95564515', '{\"en\":\"Fuga.\"}', 128, 3, 2, 'Doloremque quo.', '2022-03-03 19:36:55', '2022-03-03 19:36:55'),
(127, 'joel28@example.net', '$2y$10$92IXUNpkjO0rOQ5byMi.Ye4oKoEa3Ro9llC/.og/at2.uheWG/igi', '{\"en\":\"Ted Romaguera\"}', '1622135977', '1590531279', '1707007063', '{\"en\":\"Et eum.\"}', 8, 8, 2, 'Qui illum in odio.', '{\"en\":\"Juliet Wehner MD\"}', '1761862954', '997080560', '1752296262', '{\"en\":\"Accusamus.\"}', 9, 2, 2, 'Ducimus quo.', '2022-03-03 19:36:55', '2022-03-03 19:36:55'),
(128, 'joe39@example.org', '$2y$10$92IXUNpkjO0rOQ5byMi.Ye4oKoEa3Ro9llC/.og/at2.uheWG/igi', '{\"en\":\"Dustin Jast\"}', '1011925171', '1606244534', '1281172229', '{\"en\":\"Accusamus.\"}', 204, 2, 2, 'Numquam nemo.', '{\"en\":\"Kenya Heathcote\"}', '1224858138', '357224442', '1096285397', '{\"en\":\"Ad saepe.\"}', 76, 2, 1, 'Quos optio in.', '2022-03-03 19:36:55', '2022-03-03 19:36:55'),
(129, 'jean78@example.net', '$2y$10$92IXUNpkjO0rOQ5byMi.Ye4oKoEa3Ro9llC/.og/at2.uheWG/igi', '{\"en\":\"Marley Ryan Jr.\"}', '1895150291', '351138913', '1197830902', '{\"en\":\"Sunt quam.\"}', 95, 1, 2, 'Est qui voluptate.', '{\"en\":\"Jessika Mertz\"}', '724527244', '1864369277', '1392440325', '{\"en\":\"Quia.\"}', 234, 2, 1, 'Est ipsum.', '2022-03-03 19:36:55', '2022-03-03 19:36:55'),
(130, 'nader.austen@example.net', '$2y$10$92IXUNpkjO0rOQ5byMi.Ye4oKoEa3Ro9llC/.og/at2.uheWG/igi', '{\"en\":\"Keara Rowe\"}', '1575593735', '237720318', '1421622833', '{\"en\":\"Deleniti.\"}', 175, 5, 1, 'Voluptatem.', '{\"en\":\"Donnell Ernser\"}', '501104849', '1971783983', '101383144', '{\"en\":\"Delectus.\"}', 95, 4, 2, 'Vel cupiditate non.', '2022-03-03 19:36:55', '2022-03-03 19:36:55'),
(131, 'alexa.nikolaus@example.org', '$2y$10$92IXUNpkjO0rOQ5byMi.Ye4oKoEa3Ro9llC/.og/at2.uheWG/igi', '{\"en\":\"Prof. Amara Waters\"}', '1782195035', '486619880', '221723226', '{\"en\":\"Veniam.\"}', 172, 2, 2, 'Similique.', '{\"en\":\"Mazie Schoen\"}', '1022858494', '2136829490', '864226560', '{\"en\":\"In ipsa.\"}', 181, 5, 2, 'Facere sint amet.', '2022-03-03 19:36:55', '2022-03-03 19:36:55'),
(132, 'marlee84@example.org', '$2y$10$92IXUNpkjO0rOQ5byMi.Ye4oKoEa3Ro9llC/.og/at2.uheWG/igi', '{\"en\":\"Wava Gottlieb\"}', '691774558', '1390059201', '1915432230', '{\"en\":\"Hic vitae.\"}', 48, 8, 2, 'Qui sed id totam.', '{\"en\":\"Carolyn Kuhlman DVM\"}', '1502704264', '367189455', '853398671', '{\"en\":\"Hic.\"}', 164, 5, 1, 'Qui possimus aut.', '2022-03-03 19:36:55', '2022-03-03 19:36:55'),
(133, 'lubowitz.alvena@example.org', '$2y$10$92IXUNpkjO0rOQ5byMi.Ye4oKoEa3Ro9llC/.og/at2.uheWG/igi', '{\"en\":\"Lemuel Harris\"}', '1583195964', '18108071', '1160672549', '{\"en\":\"Qui.\"}', 35, 5, 2, 'Maiores debitis ut.', '{\"en\":\"Prof. Alycia Cole V\"}', '1413099779', '2033043600', '1257157307', '{\"en\":\"Et ut.\"}', 47, 5, 2, 'Similique modi.', '2022-03-03 19:36:55', '2022-03-03 19:36:55'),
(134, 'noemi66@example.com', '$2y$10$92IXUNpkjO0rOQ5byMi.Ye4oKoEa3Ro9llC/.og/at2.uheWG/igi', '{\"en\":\"Dylan Runolfsson\"}', '1555720597', '1213836726', '2066321640', '{\"en\":\"Assumenda.\"}', 233, 6, 1, 'Asperiores fugiat.', '{\"en\":\"Dr. John Lubowitz\"}', '2083081862', '834575182', '446298416', '{\"en\":\"Quidem.\"}', 41, 2, 2, 'Atque quidem eos.', '2022-03-03 19:36:55', '2022-03-03 19:36:55'),
(135, 'mmoore@example.net', '$2y$10$92IXUNpkjO0rOQ5byMi.Ye4oKoEa3Ro9llC/.og/at2.uheWG/igi', '{\"en\":\"Lula Price\"}', '879397081', '967948066', '177209927', '{\"en\":\"Nihil et.\"}', 136, 6, 1, 'Delectus deleniti.', '{\"en\":\"Yadira Wintheiser DVM\"}', '1473933746', '1459788299', '1176305401', '{\"en\":\"Dolorum.\"}', 6, 5, 1, 'Est sapiente ea ut.', '2022-03-03 19:36:55', '2022-03-03 19:36:55'),
(136, 'hblick@example.org', '$2y$10$92IXUNpkjO0rOQ5byMi.Ye4oKoEa3Ro9llC/.og/at2.uheWG/igi', '{\"en\":\"Ms. Era Stamm\"}', '1512214294', '289659446', '691848215', '{\"en\":\"Dolores.\"}', 219, 3, 1, 'Et officiis.', '{\"en\":\"Gino Hintz\"}', '733726046', '314320948', '1475746124', '{\"en\":\"Quia.\"}', 148, 6, 1, 'Vel veniam sed.', '2022-03-03 19:36:56', '2022-03-03 19:36:56'),
(137, 'carmen82@example.com', '$2y$10$92IXUNpkjO0rOQ5byMi.Ye4oKoEa3Ro9llC/.og/at2.uheWG/igi', '{\"en\":\"Miss Yazmin Botsford PhD\"}', '1300472180', '550023434', '1081759318', '{\"en\":\"Est.\"}', 190, 2, 2, 'Pariatur ut libero.', '{\"en\":\"Kelsi Berge\"}', '1671629726', '898515313', '1337754145', '{\"en\":\"Molestias.\"}', 214, 5, 2, 'Ducimus rerum aut.', '2022-03-03 19:36:56', '2022-03-03 19:36:56'),
(138, 'bmetz@example.net', '$2y$10$92IXUNpkjO0rOQ5byMi.Ye4oKoEa3Ro9llC/.og/at2.uheWG/igi', '{\"en\":\"Jayson Legros\"}', '172357958', '2130242724', '1194064945', '{\"en\":\"Ea.\"}', 135, 5, 1, 'Quia et est.', '{\"en\":\"Dr. Arjun Franecki DDS\"}', '295392278', '89012848', '1249832013', '{\"en\":\"Vel quasi.\"}', 77, 7, 2, 'Et et qui accusamus.', '2022-03-03 19:36:56', '2022-03-03 19:36:56'),
(139, 'bradly38@example.com', '$2y$10$92IXUNpkjO0rOQ5byMi.Ye4oKoEa3Ro9llC/.og/at2.uheWG/igi', '{\"en\":\"Marquise Wuckert\"}', '2037831068', '1143292605', '2120103838', '{\"en\":\"Vel.\"}', 87, 3, 2, 'Itaque voluptatum.', '{\"en\":\"Genoveva Schoen\"}', '678136272', '939608421', '493160127', '{\"en\":\"Iure.\"}', 121, 2, 1, 'Harum cum.', '2022-03-03 19:36:56', '2022-03-03 19:36:56'),
(140, 'ycarroll@example.org', '$2y$10$92IXUNpkjO0rOQ5byMi.Ye4oKoEa3Ro9llC/.og/at2.uheWG/igi', '{\"en\":\"Dr. Reagan Thompson\"}', '2041345218', '2474026', '788878947', '{\"en\":\"Dolores.\"}', 132, 1, 1, 'Ea dignissimos qui.', '{\"en\":\"Dr. Cristal Heidenreich\"}', '1478546247', '1797453560', '574300410', '{\"en\":\"Dolor sed.\"}', 33, 4, 1, 'Esse vel quasi est.', '2022-03-03 19:36:56', '2022-03-03 19:36:56'),
(141, 'peggie30@example.org', '$2y$10$92IXUNpkjO0rOQ5byMi.Ye4oKoEa3Ro9llC/.og/at2.uheWG/igi', '{\"en\":\"Prof. Leonel Davis Jr.\"}', '711174773', '1358467187', '963218744', '{\"en\":\"Dolore.\"}', 191, 6, 2, 'Voluptatem itaque.', '{\"en\":\"Dr. Nicolas Dach MD\"}', '915020759', '998430986', '830689765', '{\"en\":\"Tenetur.\"}', 37, 8, 1, 'Maxime nihil autem.', '2022-03-03 19:36:56', '2022-03-03 19:36:56'),
(142, 'fsteuber@example.org', '$2y$10$92IXUNpkjO0rOQ5byMi.Ye4oKoEa3Ro9llC/.og/at2.uheWG/igi', '{\"en\":\"Stephon Streich\"}', '188657629', '1480724996', '986082342', '{\"en\":\"Facere.\"}', 183, 2, 2, 'Sed pariatur ut.', '{\"en\":\"Naomi Watsica\"}', '2009683154', '829476190', '2146903530', '{\"en\":\"Quia.\"}', 51, 5, 2, 'Omnis voluptatem.', '2022-03-03 19:36:56', '2022-03-03 19:36:56'),
(143, 'champlin.mathilde@example.org', '$2y$10$92IXUNpkjO0rOQ5byMi.Ye4oKoEa3Ro9llC/.og/at2.uheWG/igi', '{\"en\":\"Ms. Corine Abshire DDS\"}', '466616086', '1066508141', '169957633', '{\"en\":\"Deleniti.\"}', 49, 2, 1, 'In rerum dolores.', '{\"en\":\"Brittany Goodwin\"}', '909129946', '857880817', '1657352468', '{\"en\":\"Nam.\"}', 234, 5, 1, 'Aspernatur.', '2022-03-03 19:36:56', '2022-03-03 19:36:56'),
(144, 'will.tyshawn@example.net', '$2y$10$92IXUNpkjO0rOQ5byMi.Ye4oKoEa3Ro9llC/.og/at2.uheWG/igi', '{\"en\":\"Dr. Clemens Robel MD\"}', '901327128', '509324408', '1545173298', '{\"en\":\"Sint.\"}', 69, 8, 1, 'Sed ipsum et enim.', '{\"en\":\"Michael Bogan\"}', '1918285590', '1909604375', '611526728', '{\"en\":\"Adipisci.\"}', 144, 4, 2, 'Rerum beatae illo.', '2022-03-03 19:36:56', '2022-03-03 19:36:56'),
(145, 'kwill@example.org', '$2y$10$92IXUNpkjO0rOQ5byMi.Ye4oKoEa3Ro9llC/.og/at2.uheWG/igi', '{\"en\":\"Prof. Sheila Mayert\"}', '662852874', '1329122200', '133546039', '{\"en\":\"Dolorum.\"}', 32, 5, 1, 'Harum ut et.', '{\"en\":\"Dandre Cremin II\"}', '1608478338', '1563262343', '1032347150', '{\"en\":\"Quia sit.\"}', 137, 4, 2, 'Quaerat sunt.', '2022-03-03 19:36:56', '2022-03-03 19:36:56'),
(146, 'berenice.walter@example.net', '$2y$10$92IXUNpkjO0rOQ5byMi.Ye4oKoEa3Ro9llC/.og/at2.uheWG/igi', '{\"en\":\"Mrs. Lilyan Gulgowski\"}', '430402458', '301274146', '883072472', '{\"en\":\"Labore.\"}', 144, 8, 2, 'Quidem voluptas.', '{\"en\":\"Max Weissnat\"}', '1731968240', '1435822975', '1738459749', '{\"en\":\"Eos enim.\"}', 99, 7, 2, 'Itaque sed eius aut.', '2022-03-03 19:36:56', '2022-03-03 19:36:56'),
(147, 'waters.dallin@example.org', '$2y$10$92IXUNpkjO0rOQ5byMi.Ye4oKoEa3Ro9llC/.og/at2.uheWG/igi', '{\"en\":\"Prof. Jerrell Kling PhD\"}', '1323016852', '1221700101', '1062118899', '{\"en\":\"Unde.\"}', 163, 2, 1, 'Veniam earum.', '{\"en\":\"Christine Reichert IV\"}', '1256834889', '2130911058', '336011982', '{\"en\":\"Illo in.\"}', 188, 1, 2, 'Distinctio.', '2022-03-03 19:36:56', '2022-03-03 19:36:56'),
(148, 'green.molly@example.net', '$2y$10$92IXUNpkjO0rOQ5byMi.Ye4oKoEa3Ro9llC/.og/at2.uheWG/igi', '{\"en\":\"Jody Bashirian\"}', '1263859915', '587802096', '671195313', '{\"en\":\"Modi et.\"}', 42, 4, 2, 'Consequatur ab.', '{\"en\":\"Barton Stroman V\"}', '201033717', '458279497', '862358121', '{\"en\":\"Quisquam.\"}', 39, 5, 2, 'At natus in sit non.', '2022-03-03 19:36:56', '2022-03-03 19:36:56'),
(149, 'cassidy.okuneva@example.net', '$2y$10$92IXUNpkjO0rOQ5byMi.Ye4oKoEa3Ro9llC/.og/at2.uheWG/igi', '{\"en\":\"Mr. Jevon Cummings\"}', '854109957', '45252511', '884533233', '{\"en\":\"Fugiat.\"}', 112, 3, 1, 'Fugiat temporibus.', '{\"en\":\"Mrs. Mabelle Crooks Sr.\"}', '416820228', '1206530428', '2119454722', '{\"en\":\"Molestiae.\"}', 90, 6, 1, 'Minus deserunt.', '2022-03-03 19:36:56', '2022-03-03 19:36:56'),
(150, 'ipfannerstill@example.org', '$2y$10$92IXUNpkjO0rOQ5byMi.Ye4oKoEa3Ro9llC/.og/at2.uheWG/igi', '{\"en\":\"Ignacio Brown DVM\"}', '940525679', '61877723', '377584618', '{\"en\":\"Sapiente.\"}', 167, 5, 1, 'Rerum nobis aut.', '{\"en\":\"Nicholas Stracke II\"}', '111628020', '1612947993', '1142330429', '{\"en\":\"Quo quod.\"}', 211, 8, 2, 'Nisi qui aperiam.', '2022-03-03 19:36:56', '2022-03-03 19:36:56'),
(151, 'jesus.stamm@example.org', '$2y$10$92IXUNpkjO0rOQ5byMi.Ye4oKoEa3Ro9llC/.og/at2.uheWG/igi', '{\"en\":\"Randi Konopelski\"}', '50831722', '167266198', '1676864216', '{\"en\":\"Et.\"}', 124, 1, 1, 'Est quia occaecati.', '{\"en\":\"Oliver Breitenberg\"}', '1925392157', '1123469573', '2035482960', '{\"en\":\"Nisi eum.\"}', 2, 3, 1, 'Iusto enim officia.', '2022-03-03 19:36:56', '2022-03-03 19:36:56'),
(152, 'mueller.edgar@example.com', '$2y$10$92IXUNpkjO0rOQ5byMi.Ye4oKoEa3Ro9llC/.og/at2.uheWG/igi', '{\"en\":\"Garfield Pacocha\"}', '1321491252', '1186023816', '429017074', '{\"en\":\"Minima.\"}', 218, 1, 1, 'Cupiditate ipsam.', '{\"en\":\"Edwardo Lindgren\"}', '1457753277', '1189478662', '1766453285', '{\"en\":\"Vitae.\"}', 143, 1, 1, 'Suscipit repellat.', '2022-03-03 19:36:56', '2022-03-03 19:36:56'),
(153, 'weimann.sasha@example.net', '$2y$10$92IXUNpkjO0rOQ5byMi.Ye4oKoEa3Ro9llC/.og/at2.uheWG/igi', '{\"en\":\"Giovanny Welch DVM\"}', '965951439', '883564291', '1011158585', '{\"en\":\"Ut ipsum.\"}', 156, 3, 1, 'Nihil fugit.', '{\"en\":\"Estella Shanahan\"}', '796938728', '1967395989', '151886117', '{\"en\":\"Qui nam.\"}', 23, 7, 2, 'Exercitationem.', '2022-03-03 19:36:56', '2022-03-03 19:36:56'),
(154, 'adaline.roberts@example.net', '$2y$10$92IXUNpkjO0rOQ5byMi.Ye4oKoEa3Ro9llC/.og/at2.uheWG/igi', '{\"en\":\"Alicia Gaylord\"}', '884322317', '241394038', '1797007240', '{\"en\":\"Similique.\"}', 100, 3, 1, 'A quidem blanditiis.', '{\"en\":\"Constantin Langworth\"}', '934476991', '1972034135', '441501942', '{\"en\":\"Ab optio.\"}', 120, 2, 1, 'Temporibus hic.', '2022-03-03 19:36:56', '2022-03-03 19:36:56'),
(155, 'lonzo00@example.org', '$2y$10$92IXUNpkjO0rOQ5byMi.Ye4oKoEa3Ro9llC/.og/at2.uheWG/igi', '{\"en\":\"Teresa Lehner\"}', '1902124794', '2146159221', '880749121', '{\"en\":\"Aut.\"}', 138, 4, 2, 'Et dignissimos.', '{\"en\":\"Mattie Feeney I\"}', '1967553564', '1242369155', '1296679881', '{\"en\":\"Porro.\"}', 140, 7, 1, 'Saepe ipsum.', '2022-03-03 19:36:56', '2022-03-03 19:36:56'),
(156, 'frederic47@example.net', '$2y$10$92IXUNpkjO0rOQ5byMi.Ye4oKoEa3Ro9llC/.og/at2.uheWG/igi', '{\"en\":\"Ken Runolfsdottir\"}', '663434294', '1091219553', '1352906562', '{\"en\":\"Optio.\"}', 232, 6, 2, 'Eum tempora aliquid.', '{\"en\":\"Dr. Desiree Torphy\"}', '239605977', '1622713052', '281258120', '{\"en\":\"Odit.\"}', 146, 5, 2, 'Omnis autem id.', '2022-03-03 19:36:56', '2022-03-03 19:36:56'),
(157, 'tortiz@example.org', '$2y$10$92IXUNpkjO0rOQ5byMi.Ye4oKoEa3Ro9llC/.og/at2.uheWG/igi', '{\"en\":\"Dr. Korbin Braun\"}', '638554035', '1213812861', '653841291', '{\"en\":\"Et hic ea.\"}', 138, 8, 2, 'Blanditiis veniam.', '{\"en\":\"Cecilia Hill PhD\"}', '806137484', '937311031', '629048054', '{\"en\":\"Fugiat.\"}', 99, 6, 1, 'Ut mollitia et.', '2022-03-03 19:36:56', '2022-03-03 19:36:56'),
(158, 'fschiller@example.org', '$2y$10$92IXUNpkjO0rOQ5byMi.Ye4oKoEa3Ro9llC/.og/at2.uheWG/igi', '{\"en\":\"Laury Pouros\"}', '814850140', '2081177762', '1187064232', '{\"en\":\"Hic et.\"}', 229, 8, 1, 'Eos qui omnis omnis.', '{\"en\":\"Dr. Roxane Hoppe Sr.\"}', '1754852652', '612016394', '1526453602', '{\"en\":\"Saepe.\"}', 115, 1, 2, 'Consequatur iste.', '2022-03-03 19:36:56', '2022-03-03 19:36:56'),
(159, 'towne.piper@example.net', '$2y$10$92IXUNpkjO0rOQ5byMi.Ye4oKoEa3Ro9llC/.og/at2.uheWG/igi', '{\"en\":\"Isom Orn\"}', '1968731468', '893098572', '1995366675', '{\"en\":\"Sed.\"}', 212, 2, 2, 'Ut cum consequatur.', '{\"en\":\"Ms. Madonna Prohaska\"}', '919014580', '1403943870', '544306468', '{\"en\":\"Quo ut.\"}', 110, 1, 1, 'Ad voluptate.', '2022-03-03 19:36:56', '2022-03-03 19:36:56'),
(160, 'casper.heather@example.net', '$2y$10$92IXUNpkjO0rOQ5byMi.Ye4oKoEa3Ro9llC/.og/at2.uheWG/igi', '{\"en\":\"Macie Upton\"}', '207529289', '456159587', '1430211437', '{\"en\":\"Tempora.\"}', 214, 3, 1, 'Velit omnis laborum.', '{\"en\":\"Larissa Runte\"}', '812168363', '398898268', '530793830', '{\"en\":\"Fuga.\"}', 71, 6, 2, 'Qui adipisci quos.', '2022-03-03 19:36:57', '2022-03-03 19:36:57'),
(161, 'stark.ignatius@example.net', '$2y$10$92IXUNpkjO0rOQ5byMi.Ye4oKoEa3Ro9llC/.og/at2.uheWG/igi', '{\"en\":\"Ericka Barrows\"}', '1088621250', '1295549346', '1555872334', '{\"en\":\"Unde.\"}', 229, 6, 1, 'Vel architecto.', '{\"en\":\"Miss Marge Sanford\"}', '1965222971', '893162082', '1456328976', '{\"en\":\"Mollitia.\"}', 202, 3, 2, 'Et itaque nesciunt.', '2022-03-03 19:36:57', '2022-03-03 19:36:57'),
(162, 'zhuel@example.net', '$2y$10$92IXUNpkjO0rOQ5byMi.Ye4oKoEa3Ro9llC/.og/at2.uheWG/igi', '{\"en\":\"Monte Haag\"}', '1179314626', '2125988142', '1592540272', '{\"en\":\"Quas nam.\"}', 124, 5, 2, 'Enim saepe.', '{\"en\":\"Prof. Leanne Green\"}', '1188946081', '621903938', '1557853429', '{\"en\":\"Velit.\"}', 87, 2, 1, 'Earum id quia et in.', '2022-03-03 19:36:57', '2022-03-03 19:36:57'),
(163, 'gilbert50@example.org', '$2y$10$92IXUNpkjO0rOQ5byMi.Ye4oKoEa3Ro9llC/.og/at2.uheWG/igi', '{\"en\":\"Bell Cormier III\"}', '2020654730', '108155260', '548492816', '{\"en\":\"Sint.\"}', 194, 2, 2, 'Pariatur et.', '{\"en\":\"Lelah Bechtelar\"}', '1429636397', '1023277589', '1589628040', '{\"en\":\"Unde.\"}', 87, 3, 1, 'Consequatur neque.', '2022-03-03 19:36:57', '2022-03-03 19:36:57'),
(164, 'hayes.zoila@example.net', '$2y$10$92IXUNpkjO0rOQ5byMi.Ye4oKoEa3Ro9llC/.og/at2.uheWG/igi', '{\"en\":\"Felicita Kihn\"}', '1574243065', '185097678', '2028850462', '{\"en\":\"Ullam et.\"}', 26, 7, 1, 'A dolores provident.', '{\"en\":\"Miss Aryanna Lindgren DDS\"}', '2068092405', '1230229442', '966697169', '{\"en\":\"Soluta.\"}', 118, 5, 2, 'Nulla porro sunt.', '2022-03-03 19:36:57', '2022-03-03 19:36:57'),
(165, 'kreiger.ephraim@example.com', '$2y$10$92IXUNpkjO0rOQ5byMi.Ye4oKoEa3Ro9llC/.og/at2.uheWG/igi', '{\"en\":\"Kianna Mitchell\"}', '730220703', '1461237025', '1502221653', '{\"en\":\"Saepe et.\"}', 201, 7, 2, 'Reiciendis sed.', '{\"en\":\"Kane Heaney PhD\"}', '980407048', '403489024', '830315227', '{\"en\":\"Qui.\"}', 8, 7, 2, 'Dolorem autem fugit.', '2022-03-03 19:36:57', '2022-03-03 19:36:57'),
(166, 'maegan62@example.org', '$2y$10$92IXUNpkjO0rOQ5byMi.Ye4oKoEa3Ro9llC/.og/at2.uheWG/igi', '{\"en\":\"Ms. Leanna Littel IV\"}', '1106046342', '686893875', '892003154', '{\"en\":\"Quo.\"}', 68, 4, 2, 'Molestiae voluptas.', '{\"en\":\"Novella Heidenreich\"}', '1896627619', '50081635', '169863853', '{\"en\":\"Sit eaque.\"}', 69, 3, 1, 'Assumenda dolore.', '2022-03-03 19:36:57', '2022-03-03 19:36:57'),
(167, 'shannon29@example.org', '$2y$10$92IXUNpkjO0rOQ5byMi.Ye4oKoEa3Ro9llC/.og/at2.uheWG/igi', '{\"en\":\"Cristal Glover\"}', '521708116', '1390502521', '2044878534', '{\"en\":\"Qui sed.\"}', 197, 4, 2, 'Molestiae molestiae.', '{\"en\":\"Elfrieda Bergstrom\"}', '528293033', '2084724237', '2022653310', '{\"en\":\"Incidunt.\"}', 109, 2, 2, 'Placeat iusto vero.', '2022-03-03 19:36:57', '2022-03-03 19:36:57'),
(168, 'myrl76@example.net', '$2y$10$92IXUNpkjO0rOQ5byMi.Ye4oKoEa3Ro9llC/.og/at2.uheWG/igi', '{\"en\":\"Mr. Peter Jacobson\"}', '1050812869', '277415072', '1523895880', '{\"en\":\"Optio.\"}', 23, 5, 2, 'Quae assumenda nemo.', '{\"en\":\"Mr. Haleigh Bergnaum\"}', '530287725', '452607601', '226188795', '{\"en\":\"Eaque.\"}', 87, 4, 2, 'Iure dolor.', '2022-03-03 19:36:57', '2022-03-03 19:36:57'),
(169, 'burnice36@example.net', '$2y$10$92IXUNpkjO0rOQ5byMi.Ye4oKoEa3Ro9llC/.og/at2.uheWG/igi', '{\"en\":\"Mr. Amani Kerluke\"}', '84196', '768338571', '1000669288', '{\"en\":\"Sed.\"}', 44, 6, 2, 'Praesentium quis.', '{\"en\":\"Mr. Conner Reinger\"}', '1164961069', '1349713249', '1008162156', '{\"en\":\"Rerum et.\"}', 118, 7, 2, 'Sed eaque molestiae.', '2022-03-03 19:36:57', '2022-03-03 19:36:57'),
(170, 'lang.lyda@example.com', '$2y$10$92IXUNpkjO0rOQ5byMi.Ye4oKoEa3Ro9llC/.og/at2.uheWG/igi', '{\"en\":\"Fletcher Hudson\"}', '1063545291', '292074727', '1147235665', '{\"en\":\"Totam.\"}', 49, 5, 1, 'Sunt autem repellat.', '{\"en\":\"Mrs. Jacklyn Adams\"}', '1340618460', '1362397827', '1447837462', '{\"en\":\"Fuga quae.\"}', 199, 8, 1, 'Fuga dolor neque.', '2022-03-03 19:36:57', '2022-03-03 19:36:57'),
(171, 'davion58@example.org', '$2y$10$92IXUNpkjO0rOQ5byMi.Ye4oKoEa3Ro9llC/.og/at2.uheWG/igi', '{\"en\":\"Miss Jane Bayer\"}', '1693110927', '1061223952', '773590244', '{\"en\":\"Animi.\"}', 244, 6, 2, 'Sed omnis quod.', '{\"en\":\"Reta Lockman I\"}', '1387129263', '1940521082', '585678080', '{\"en\":\"Et.\"}', 6, 7, 1, 'Et quod nostrum.', '2022-03-03 19:36:57', '2022-03-03 19:36:57'),
(172, 'oreichert@example.org', '$2y$10$92IXUNpkjO0rOQ5byMi.Ye4oKoEa3Ro9llC/.og/at2.uheWG/igi', '{\"en\":\"Edyth Herzog\"}', '1250731397', '724843729', '1962638703', '{\"en\":\"Doloribus.\"}', 126, 6, 2, 'Labore et.', '{\"en\":\"Asa Rogahn\"}', '72054549', '1250852866', '1066213959', '{\"en\":\"Explicabo.\"}', 151, 6, 2, 'Cum voluptatum.', '2022-03-03 19:36:57', '2022-03-03 19:36:57'),
(173, 'armstrong.kattie@example.net', '$2y$10$92IXUNpkjO0rOQ5byMi.Ye4oKoEa3Ro9llC/.og/at2.uheWG/igi', '{\"en\":\"Tyrell Dooley\"}', '828272691', '2108879506', '1906474214', '{\"en\":\"Enim.\"}', 167, 4, 1, 'Quia et possimus et.', '{\"en\":\"Reyes Flatley\"}', '2141926372', '1634910674', '93832379', '{\"en\":\"Sit et.\"}', 191, 7, 2, 'Dignissimos aut.', '2022-03-03 19:36:57', '2022-03-03 19:36:57'),
(174, 'promaguera@example.net', '$2y$10$92IXUNpkjO0rOQ5byMi.Ye4oKoEa3Ro9llC/.og/at2.uheWG/igi', '{\"en\":\"Kiara Hirthe II\"}', '1129618513', '639647034', '1095597574', '{\"en\":\"Alias quo.\"}', 33, 5, 1, 'Voluptatum sed.', '{\"en\":\"Ruthie Jast\"}', '635896200', '57878290', '1491803524', '{\"en\":\"Commodi.\"}', 214, 1, 1, 'Dolorum praesentium.', '2022-03-03 19:36:57', '2022-03-03 19:36:57'),
(175, 'arch.schmeler@example.net', '$2y$10$92IXUNpkjO0rOQ5byMi.Ye4oKoEa3Ro9llC/.og/at2.uheWG/igi', '{\"en\":\"Jasmin Pouros\"}', '290869014', '1986786113', '158025142', '{\"en\":\"Dolores.\"}', 188, 3, 1, 'Soluta saepe beatae.', '{\"en\":\"Prof. Bruce McClure\"}', '1580262497', '873679400', '1166778168', '{\"en\":\"Officiis.\"}', 220, 2, 2, 'Quas doloremque.', '2022-03-03 19:36:57', '2022-03-03 19:36:57'),
(176, 'daphney88@example.net', '$2y$10$92IXUNpkjO0rOQ5byMi.Ye4oKoEa3Ro9llC/.og/at2.uheWG/igi', '{\"en\":\"Bernie Stroman\"}', '1185565760', '2102056119', '1486793480', '{\"en\":\"Eligendi.\"}', 84, 1, 2, 'Ratione pariatur.', '{\"en\":\"Dr. Lisa Sauer\"}', '1489838826', '686519329', '137908117', '{\"en\":\"Tempore.\"}', 158, 8, 2, 'Tenetur unde.', '2022-03-03 19:36:57', '2022-03-03 19:36:57'),
(177, 'jazlyn52@example.org', '$2y$10$92IXUNpkjO0rOQ5byMi.Ye4oKoEa3Ro9llC/.og/at2.uheWG/igi', '{\"en\":\"Telly Wintheiser Jr.\"}', '2147302456', '1937131503', '55384724', '{\"en\":\"Odit hic.\"}', 245, 8, 2, 'Recusandae.', '{\"en\":\"Zackery West I\"}', '278598375', '1495025702', '533250112', '{\"en\":\"Ea.\"}', 230, 6, 1, 'Alias aut dolores.', '2022-03-03 19:36:57', '2022-03-03 19:36:57'),
(178, 'remington.erdman@example.net', '$2y$10$92IXUNpkjO0rOQ5byMi.Ye4oKoEa3Ro9llC/.og/at2.uheWG/igi', '{\"en\":\"Dr. Denis Nienow DDS\"}', '843474897', '1078061347', '1707455406', '{\"en\":\"Sint illo.\"}', 14, 2, 2, 'Voluptas porro et.', '{\"en\":\"Rubye Sawayn DDS\"}', '289825406', '2031575446', '805742983', '{\"en\":\"Vel ad.\"}', 160, 2, 1, 'Natus eum sint.', '2022-03-03 19:36:57', '2022-03-03 19:36:57'),
(179, 'pcrooks@example.com', '$2y$10$92IXUNpkjO0rOQ5byMi.Ye4oKoEa3Ro9llC/.og/at2.uheWG/igi', '{\"en\":\"Miss Taya Friesen\"}', '104030995', '45577576', '1736221642', '{\"en\":\"Non id.\"}', 170, 6, 2, 'Et et pariatur.', '{\"en\":\"Ryan Labadie\"}', '1779843807', '1889197068', '1675241717', '{\"en\":\"Beatae.\"}', 66, 5, 2, 'In accusantium.', '2022-03-03 19:36:57', '2022-03-03 19:36:57'),
(180, 'spinka.hilbert@example.com', '$2y$10$92IXUNpkjO0rOQ5byMi.Ye4oKoEa3Ro9llC/.og/at2.uheWG/igi', '{\"en\":\"Dr. Gregg Dibbert IV\"}', '1918152293', '1799576139', '840699311', '{\"en\":\"Provident.\"}', 216, 7, 1, 'Vitae quia eum.', '{\"en\":\"Dariana Frami\"}', '989150136', '867178298', '764137986', '{\"en\":\"Deleniti.\"}', 25, 5, 1, 'Iusto sunt optio.', '2022-03-03 19:36:57', '2022-03-03 19:36:57'),
(181, 'bethel07@example.net', '$2y$10$92IXUNpkjO0rOQ5byMi.Ye4oKoEa3Ro9llC/.og/at2.uheWG/igi', '{\"en\":\"Dr. Alfredo Balistreri\"}', '1003554995', '1296120094', '2128586412', '{\"en\":\"Quos.\"}', 66, 7, 1, 'Rerum ut rerum.', '{\"en\":\"Aurore Orn\"}', '1797830689', '1610057461', '128766669', '{\"en\":\"Ipsam.\"}', 146, 5, 2, 'Illum dicta qui sed.', '2022-03-03 19:36:57', '2022-03-03 19:36:57'),
(182, 'bogisich.ansel@example.com', '$2y$10$92IXUNpkjO0rOQ5byMi.Ye4oKoEa3Ro9llC/.og/at2.uheWG/igi', '{\"en\":\"Sarai Gulgowski\"}', '103037557', '2084534501', '80730564', '{\"en\":\"Mollitia.\"}', 13, 4, 1, 'Provident et vitae.', '{\"en\":\"Cordia Rempel Sr.\"}', '1319376804', '241023257', '1974506124', '{\"en\":\"Aut qui.\"}', 189, 1, 1, 'Architecto quam.', '2022-03-03 19:36:57', '2022-03-03 19:36:57'),
(183, 'weston13@example.com', '$2y$10$92IXUNpkjO0rOQ5byMi.Ye4oKoEa3Ro9llC/.og/at2.uheWG/igi', '{\"en\":\"Ahmad McGlynn\"}', '314743563', '397445168', '1981563812', '{\"en\":\"Aut.\"}', 104, 1, 2, 'Ab aut eaque iste.', '{\"en\":\"Ebony Christiansen\"}', '586592352', '2038309022', '927786822', '{\"en\":\"Amet.\"}', 213, 7, 2, 'Aperiam et odit.', '2022-03-03 19:36:57', '2022-03-03 19:36:57'),
(184, 'isabell.lynch@example.com', '$2y$10$92IXUNpkjO0rOQ5byMi.Ye4oKoEa3Ro9llC/.og/at2.uheWG/igi', '{\"en\":\"Mrs. Bernadette Crist\"}', '1660906244', '1443457718', '131904402', '{\"en\":\"Ut.\"}', 46, 8, 1, 'Eaque numquam.', '{\"en\":\"Joana Hagenes IV\"}', '1891874112', '1957205515', '270519709', '{\"en\":\"Deleniti.\"}', 216, 2, 1, 'Reprehenderit et.', '2022-03-03 19:36:57', '2022-03-03 19:36:57'),
(185, 'mwatsica@example.com', '$2y$10$92IXUNpkjO0rOQ5byMi.Ye4oKoEa3Ro9llC/.og/at2.uheWG/igi', '{\"en\":\"Mr. D\'angelo Mosciski II\"}', '1894858208', '1773446495', '1791137565', '{\"en\":\"Corporis.\"}', 211, 6, 2, 'Deserunt.', '{\"en\":\"Prof. Bruce Metz\"}', '2071239150', '1662337254', '1177173995', '{\"en\":\"Nulla.\"}', 150, 5, 2, 'Vel quasi voluptas.', '2022-03-03 19:36:57', '2022-03-03 19:36:57'),
(186, 'sawayn.rudolph@example.org', '$2y$10$92IXUNpkjO0rOQ5byMi.Ye4oKoEa3Ro9llC/.og/at2.uheWG/igi', '{\"en\":\"Derick Stoltenberg\"}', '2018807422', '1602055792', '479287943', '{\"en\":\"Quia.\"}', 76, 1, 2, 'Voluptas enim quia.', '{\"en\":\"Ms. Clementine Buckridge\"}', '20887173', '1588453188', '948335168', '{\"en\":\"Hic sequi.\"}', 24, 7, 2, 'Cum non qui veniam.', '2022-03-03 19:36:58', '2022-03-03 19:36:58'),
(187, 'moore.adela@example.com', '$2y$10$92IXUNpkjO0rOQ5byMi.Ye4oKoEa3Ro9llC/.og/at2.uheWG/igi', '{\"en\":\"Arno Ryan\"}', '855175644', '559294143', '1423091101', '{\"en\":\"Omnis qui.\"}', 52, 2, 2, 'Corrupti.', '{\"en\":\"Vincenzo Wolff\"}', '782512451', '245298053', '1728274620', '{\"en\":\"Optio qui.\"}', 122, 2, 1, 'Veritatis quae eum.', '2022-03-03 19:36:58', '2022-03-03 19:36:58'),
(188, 'nfeil@example.net', '$2y$10$92IXUNpkjO0rOQ5byMi.Ye4oKoEa3Ro9llC/.og/at2.uheWG/igi', '{\"en\":\"Prof. Justyn Cruickshank II\"}', '1588306969', '655312111', '1913843392', '{\"en\":\"Deleniti.\"}', 34, 4, 1, 'Nihil commodi.', '{\"en\":\"Forrest Schaden\"}', '324161725', '1486933070', '1264986156', '{\"en\":\"Molestias.\"}', 21, 4, 1, 'Id quae.', '2022-03-03 19:36:58', '2022-03-03 19:36:58'),
(189, 'von.porter@example.com', '$2y$10$92IXUNpkjO0rOQ5byMi.Ye4oKoEa3Ro9llC/.og/at2.uheWG/igi', '{\"en\":\"Magnus Heaney\"}', '649064737', '1549434948', '1443707125', '{\"en\":\"Et qui et.\"}', 181, 3, 1, 'Molestiae a impedit.', '{\"en\":\"Mathilde Koch\"}', '1368288076', '1312255818', '14044566', '{\"en\":\"Amet.\"}', 7, 7, 2, 'Distinctio eveniet.', '2022-03-03 19:36:58', '2022-03-03 19:36:58'),
(190, 'stokes.judd@example.com', '$2y$10$92IXUNpkjO0rOQ5byMi.Ye4oKoEa3Ro9llC/.og/at2.uheWG/igi', '{\"en\":\"Dr. Keyon Sauer\"}', '482826100', '98685503', '2030521933', '{\"en\":\"Vel quo.\"}', 54, 8, 1, 'Aut nisi velit non.', '{\"en\":\"Dr. Ettie Kuhlman\"}', '543527391', '1665589113', '579615606', '{\"en\":\"Sit.\"}', 144, 8, 2, 'Praesentium.', '2022-03-03 19:36:58', '2022-03-03 19:36:58'),
(191, 'yost.odie@example.org', '$2y$10$92IXUNpkjO0rOQ5byMi.Ye4oKoEa3Ro9llC/.og/at2.uheWG/igi', '{\"en\":\"Patrick Johnson\"}', '1383954790', '857306967', '1401984783', '{\"en\":\"Sunt.\"}', 139, 1, 2, 'Placeat aut.', '{\"en\":\"Daisha Price\"}', '523463931', '1217723632', '1738535473', '{\"en\":\"Rerum.\"}', 45, 7, 1, 'Omnis doloremque.', '2022-03-03 19:36:58', '2022-03-03 19:36:58'),
(192, 'morissette.madeline@example.com', '$2y$10$92IXUNpkjO0rOQ5byMi.Ye4oKoEa3Ro9llC/.og/at2.uheWG/igi', '{\"en\":\"Dr. Johnathon Brekke IV\"}', '980331127', '1729999267', '938428303', '{\"en\":\"Molestias.\"}', 18, 7, 1, 'Exercitationem.', '{\"en\":\"Dr. Westley Schmitt I\"}', '718833175', '245314517', '2095638353', '{\"en\":\"Qui quos.\"}', 219, 2, 2, 'Consequatur vel.', '2022-03-03 19:36:58', '2022-03-03 19:36:58'),
(193, 'runte.hermina@example.org', '$2y$10$92IXUNpkjO0rOQ5byMi.Ye4oKoEa3Ro9llC/.og/at2.uheWG/igi', '{\"en\":\"Prof. Brice Anderson PhD\"}', '910048663', '1997515022', '1163102978', '{\"en\":\"Fugiat.\"}', 226, 1, 2, 'Dolorem impedit sit.', '{\"en\":\"Dr. Justina Jacobs\"}', '1036955949', '575979493', '812106095', '{\"en\":\"Et.\"}', 178, 2, 1, 'Consectetur.', '2022-03-03 19:36:58', '2022-03-03 19:36:58'),
(194, 'easton.wisoky@example.com', '$2y$10$92IXUNpkjO0rOQ5byMi.Ye4oKoEa3Ro9llC/.og/at2.uheWG/igi', '{\"en\":\"Vida Donnelly DVM\"}', '34034320', '1566055398', '1262505610', '{\"en\":\"Nam est.\"}', 171, 5, 1, 'In perspiciatis.', '{\"en\":\"Hyman Franecki III\"}', '1233392513', '1016729058', '1671449257', '{\"en\":\"Aperiam.\"}', 36, 3, 2, 'Vitae eos ut eaque.', '2022-03-03 19:36:58', '2022-03-03 19:36:58'),
(195, 'sydnie45@example.net', '$2y$10$92IXUNpkjO0rOQ5byMi.Ye4oKoEa3Ro9llC/.og/at2.uheWG/igi', '{\"en\":\"Connor Hill\"}', '1338106848', '1319489179', '842238420', '{\"en\":\"Voluptas.\"}', 178, 3, 1, 'Sint ut laboriosam.', '{\"en\":\"Colton Lesch\"}', '1421916531', '480933620', '1053849531', '{\"en\":\"Eaque.\"}', 191, 5, 2, 'Fugiat odit.', '2022-03-03 19:36:58', '2022-03-03 19:36:58'),
(196, 'ena.yost@example.org', '$2y$10$92IXUNpkjO0rOQ5byMi.Ye4oKoEa3Ro9llC/.og/at2.uheWG/igi', '{\"en\":\"Prof. Bernice Fadel\"}', '146286725', '610467981', '609221856', '{\"en\":\"In qui.\"}', 244, 5, 2, 'In quia corrupti.', '{\"en\":\"Miss Lydia Reichel I\"}', '1267495974', '1663589747', '1930192706', '{\"en\":\"Suscipit.\"}', 228, 1, 2, 'Maxime odio itaque.', '2022-03-03 19:36:58', '2022-03-03 19:36:58'),
(197, 'winfield22@example.net', '$2y$10$92IXUNpkjO0rOQ5byMi.Ye4oKoEa3Ro9llC/.og/at2.uheWG/igi', '{\"en\":\"Marcus Wiegand\"}', '1543946541', '1241731288', '1227822718', '{\"en\":\"Et.\"}', 201, 2, 1, 'Natus beatae.', '{\"en\":\"Hayley Heaney\"}', '1499553378', '272998454', '550616122', '{\"en\":\"Et.\"}', 3, 4, 2, 'Est quae qui aut.', '2022-03-03 19:36:58', '2022-03-03 19:36:58'),
(198, 'senger.salvador@example.com', '$2y$10$92IXUNpkjO0rOQ5byMi.Ye4oKoEa3Ro9llC/.og/at2.uheWG/igi', '{\"en\":\"Rickie Rutherford\"}', '1423870852', '840120141', '1323560849', '{\"en\":\"Dolores.\"}', 50, 8, 1, 'Praesentium dolor.', '{\"en\":\"Dr. Katrina Hodkiewicz DDS\"}', '163024146', '56436809', '1591194918', '{\"en\":\"Iusto.\"}', 19, 2, 1, 'Inventore enim.', '2022-03-03 19:36:58', '2022-03-03 19:36:58'),
(199, 'hartmann.emmie@example.org', '$2y$10$92IXUNpkjO0rOQ5byMi.Ye4oKoEa3Ro9llC/.og/at2.uheWG/igi', '{\"en\":\"Erik Koch\"}', '993054205', '690139276', '1085551328', '{\"en\":\"Libero.\"}', 193, 1, 2, 'Ducimus magni.', '{\"en\":\"Maida Rosenbaum\"}', '1278336415', '585722802', '1204134360', '{\"en\":\"Expedita.\"}', 7, 5, 2, 'Dolor est molestiae.', '2022-03-03 19:36:58', '2022-03-03 19:36:58'),
(200, 'xprosacco@example.com', '$2y$10$92IXUNpkjO0rOQ5byMi.Ye4oKoEa3Ro9llC/.og/at2.uheWG/igi', '{\"en\":\"Prof. Sim McCullough\"}', '863098049', '894310799', '1556830608', '{\"en\":\"Eveniet.\"}', 239, 8, 2, 'Voluptatem et sunt.', '{\"en\":\"Hailey Stanton\"}', '1033095108', '1704119392', '881785066', '{\"en\":\"Voluptas.\"}', 137, 8, 1, 'Rerum quia.', '2022-03-03 19:36:58', '2022-03-03 19:36:58'),
(201, 'rasheed40@example.com', '$2y$10$92IXUNpkjO0rOQ5byMi.Ye4oKoEa3Ro9llC/.og/at2.uheWG/igi', '{\"en\":\"Dr. Penelope Reynolds\"}', '1041990340', '1030599754', '1917382610', '{\"en\":\"Fugit aut.\"}', 233, 1, 2, 'Aliquid harum nulla.', '{\"en\":\"Melyna Lindgren\"}', '1328836777', '562070183', '980835481', '{\"en\":\"Explicabo.\"}', 168, 2, 1, 'Suscipit corrupti.', '2022-03-03 19:36:58', '2022-03-03 19:36:58'),
(202, 'hill.ofelia@example.org', '$2y$10$92IXUNpkjO0rOQ5byMi.Ye4oKoEa3Ro9llC/.og/at2.uheWG/igi', '{\"en\":\"Dejah Runolfsdottir\"}', '1732241808', '1581185256', '720109395', '{\"en\":\"Nesciunt.\"}', 181, 4, 2, 'Consequatur rerum.', '{\"en\":\"Monserrate Schoen\"}', '954851604', '108296073', '561083099', '{\"en\":\"Tempora.\"}', 173, 8, 1, 'Soluta facere.', '2022-03-03 19:36:58', '2022-03-03 19:36:58'),
(203, 'vincenzo82@example.net', '$2y$10$92IXUNpkjO0rOQ5byMi.Ye4oKoEa3Ro9llC/.og/at2.uheWG/igi', '{\"en\":\"Arne Corwin\"}', '530041527', '547323222', '317008910', '{\"en\":\"Repellat.\"}', 182, 5, 1, 'Ad natus ut odio.', '{\"en\":\"Dr. Thomas Smitham\"}', '822200425', '1922280301', '82665613', '{\"en\":\"Et et et.\"}', 27, 2, 2, 'Eaque reiciendis.', '2022-03-03 19:36:58', '2022-03-03 19:36:58'),
(204, 'keeley.nolan@example.com', '$2y$10$92IXUNpkjO0rOQ5byMi.Ye4oKoEa3Ro9llC/.og/at2.uheWG/igi', '{\"en\":\"Percy Willms\"}', '773669829', '1168601324', '1157383037', '{\"en\":\"Eligendi.\"}', 161, 3, 2, 'Ut sequi dolorem.', '{\"en\":\"Ms. Cassandra Kozey Jr.\"}', '970909356', '838258515', '73220120', '{\"en\":\"Possimus.\"}', 174, 1, 1, 'Quo rerum sit.', '2022-03-03 19:36:58', '2022-03-03 19:36:58'),
(205, 'hyost@example.org', '$2y$10$92IXUNpkjO0rOQ5byMi.Ye4oKoEa3Ro9llC/.og/at2.uheWG/igi', '{\"en\":\"Mr. Sid Legros\"}', '613520839', '380257097', '545566112', '{\"en\":\"Ipsa.\"}', 116, 6, 2, 'Eaque nisi dolore.', '{\"en\":\"Luz Waters\"}', '1724865389', '291423738', '1535217153', '{\"en\":\"Nemo odio.\"}', 77, 1, 2, 'Sint nisi sequi.', '2022-03-03 19:36:58', '2022-03-03 19:36:58'),
(206, 'zswift@example.net', '$2y$10$92IXUNpkjO0rOQ5byMi.Ye4oKoEa3Ro9llC/.og/at2.uheWG/igi', '{\"en\":\"Mrs. Jessyca Littel III\"}', '165592490', '226745001', '2042547766', '{\"en\":\"Qui natus.\"}', 186, 5, 1, 'Id praesentium et.', '{\"en\":\"Luigi Von V\"}', '619206235', '381255276', '1959961124', '{\"en\":\"Eius.\"}', 111, 1, 1, 'Qui est veritatis.', '2022-03-03 19:36:58', '2022-03-03 19:36:58'),
(207, 'ubruen@example.org', '$2y$10$92IXUNpkjO0rOQ5byMi.Ye4oKoEa3Ro9llC/.og/at2.uheWG/igi', '{\"en\":\"Cassandre Kilback\"}', '1574257603', '1695482277', '1846493144', '{\"en\":\"Iste aut.\"}', 136, 5, 2, 'Omnis ipsum illum.', '{\"en\":\"Vern Crist Jr.\"}', '207606273', '516646116', '1564893954', '{\"en\":\"Quos.\"}', 228, 1, 1, 'Impedit molestias.', '2022-03-03 19:36:58', '2022-03-03 19:36:58'),
(208, 'ncarter@example.com', '$2y$10$92IXUNpkjO0rOQ5byMi.Ye4oKoEa3Ro9llC/.og/at2.uheWG/igi', '{\"en\":\"Jessyca Hyatt\"}', '1273684180', '1087028423', '1545443982', '{\"en\":\"Sit totam.\"}', 29, 3, 1, 'Provident aut.', '{\"en\":\"Jaunita Cremin\"}', '1627714386', '2026594165', '328818327', '{\"en\":\"Eligendi.\"}', 11, 2, 1, 'Nulla ea enim omnis.', '2022-03-03 19:37:04', '2022-03-03 19:37:04'),
(209, 'jordon.hill@example.com', '$2y$10$92IXUNpkjO0rOQ5byMi.Ye4oKoEa3Ro9llC/.og/at2.uheWG/igi', '{\"en\":\"Zakary Hermiston Sr.\"}', '825127200', '549892688', '1044241846', '{\"en\":\"Molestias.\"}', 242, 6, 2, 'Quam possimus.', '{\"en\":\"Elissa Casper MD\"}', '319117347', '1476028830', '931537438', '{\"en\":\"Commodi.\"}', 149, 7, 2, 'Quas aut ducimus.', '2022-03-03 19:37:04', '2022-03-03 19:37:04'),
(210, 'yledner@example.org', '$2y$10$92IXUNpkjO0rOQ5byMi.Ye4oKoEa3Ro9llC/.og/at2.uheWG/igi', '{\"en\":\"Deangelo Dickinson\"}', '2098917193', '666848753', '1069473002', '{\"en\":\"In rerum.\"}', 244, 5, 1, 'Ut necessitatibus.', '{\"en\":\"Trey Ferry\"}', '1846244146', '804586510', '269127109', '{\"en\":\"A officia.\"}', 212, 3, 2, 'Magnam reiciendis.', '2022-03-03 19:37:04', '2022-03-03 19:37:04'),
(211, 'ocorwin@example.com', '$2y$10$92IXUNpkjO0rOQ5byMi.Ye4oKoEa3Ro9llC/.og/at2.uheWG/igi', '{\"en\":\"Antonetta Carter\"}', '555165619', '1147826081', '552665786', '{\"en\":\"Labore.\"}', 143, 7, 1, 'Dolorum inventore.', '{\"en\":\"Taya Goyette\"}', '1159819107', '1589518207', '865440579', '{\"en\":\"Est neque.\"}', 186, 8, 2, 'Et velit vitae ut.', '2022-03-03 19:37:04', '2022-03-03 19:37:04'),
(212, 'greg.zemlak@example.net', '$2y$10$92IXUNpkjO0rOQ5byMi.Ye4oKoEa3Ro9llC/.og/at2.uheWG/igi', '{\"en\":\"Ms. Isobel Paucek IV\"}', '969106547', '1236875133', '61764801', '{\"en\":\"Aut non.\"}', 9, 8, 2, 'Aut sed ut qui.', '{\"en\":\"Al Miller\"}', '685611044', '553191936', '1588912780', '{\"en\":\"Ut quo.\"}', 214, 3, 1, 'Aspernatur quia.', '2022-03-03 19:37:04', '2022-03-03 19:37:04'),
(213, 'wwintheiser@example.org', '$2y$10$92IXUNpkjO0rOQ5byMi.Ye4oKoEa3Ro9llC/.og/at2.uheWG/igi', '{\"en\":\"Clair Harris\"}', '801489002', '551078196', '1160753406', '{\"en\":\"Earum.\"}', 119, 3, 2, 'Velit excepturi.', '{\"en\":\"Giles O\'Reilly\"}', '1358433392', '1957258449', '1634350918', '{\"en\":\"Natus et.\"}', 239, 5, 1, 'Nulla maiores et.', '2022-03-03 19:37:04', '2022-03-03 19:37:04'),
(214, 'janiya.rau@example.org', '$2y$10$92IXUNpkjO0rOQ5byMi.Ye4oKoEa3Ro9llC/.og/at2.uheWG/igi', '{\"en\":\"Violette Pollich\"}', '988721952', '24186809', '28996857', '{\"en\":\"Qui.\"}', 215, 2, 1, 'Aut assumenda qui.', '{\"en\":\"Mrs. Mariam Will\"}', '271835516', '1474314325', '958673537', '{\"en\":\"Corrupti.\"}', 197, 4, 2, 'Fuga fugit nam et.', '2022-03-03 19:37:04', '2022-03-03 19:37:04'),
(215, 'gabrielle.orn@example.com', '$2y$10$92IXUNpkjO0rOQ5byMi.Ye4oKoEa3Ro9llC/.og/at2.uheWG/igi', '{\"en\":\"William Medhurst\"}', '1952583758', '779176229', '1695150179', '{\"en\":\"Aut quis.\"}', 11, 2, 1, 'Sed dolores.', '{\"en\":\"Ms. Delphia Howe Sr.\"}', '206168537', '323895668', '1742236455', '{\"en\":\"Et nisi.\"}', 192, 2, 2, 'Provident nobis.', '2022-03-03 19:37:04', '2022-03-03 19:37:04'),
(216, 'tina45@example.com', '$2y$10$92IXUNpkjO0rOQ5byMi.Ye4oKoEa3Ro9llC/.og/at2.uheWG/igi', '{\"en\":\"Hipolito Mills\"}', '2029339121', '1545614677', '570881591', '{\"en\":\"Voluptas.\"}', 94, 2, 2, 'Assumenda quaerat.', '{\"en\":\"Devin Christiansen\"}', '893943056', '138324701', '886357377', '{\"en\":\"Natus.\"}', 75, 6, 2, 'Aut excepturi.', '2022-03-03 19:37:04', '2022-03-03 19:37:04'),
(217, 'holly.wiza@example.net', '$2y$10$92IXUNpkjO0rOQ5byMi.Ye4oKoEa3Ro9llC/.og/at2.uheWG/igi', '{\"en\":\"Roxane Swaniawski\"}', '1585851699', '1703620999', '775318118', '{\"en\":\"Rem ut.\"}', 206, 6, 2, 'Officia voluptatem.', '{\"en\":\"Leta Gislason\"}', '1942791144', '1037566701', '1723921343', '{\"en\":\"Non quod.\"}', 224, 1, 1, 'Necessitatibus est.', '2022-03-03 19:37:05', '2022-03-03 19:37:05'),
(218, 'malinda.weissnat@example.net', '$2y$10$92IXUNpkjO0rOQ5byMi.Ye4oKoEa3Ro9llC/.og/at2.uheWG/igi', '{\"en\":\"Colby Fadel\"}', '1007600388', '2087194724', '1464312133', '{\"en\":\"Quae aut.\"}', 31, 5, 1, 'In quidem omnis.', '{\"en\":\"Lupe Rodriguez\"}', '303273619', '1244086342', '135012053', '{\"en\":\"Ipsum.\"}', 96, 7, 1, 'Ut nihil reiciendis.', '2022-03-03 19:37:05', '2022-03-03 19:37:05'),
(219, 'runte.lacey@example.net', '$2y$10$92IXUNpkjO0rOQ5byMi.Ye4oKoEa3Ro9llC/.og/at2.uheWG/igi', '{\"en\":\"Prof. Maurice Adams DDS\"}', '2092346797', '1838998565', '660286795', '{\"en\":\"Eveniet.\"}', 43, 6, 1, 'Aperiam nostrum eos.', '{\"en\":\"Rex Renner\"}', '1981391056', '456570420', '1800198920', '{\"en\":\"Ipsam.\"}', 195, 3, 1, 'Nihil ut beatae ut.', '2022-03-03 19:37:05', '2022-03-03 19:37:05'),
(220, 'alessandra68@example.org', '$2y$10$92IXUNpkjO0rOQ5byMi.Ye4oKoEa3Ro9llC/.og/at2.uheWG/igi', '{\"en\":\"Cassandra Keeling\"}', '208758413', '430938901', '780718923', '{\"en\":\"Ab error.\"}', 154, 8, 2, 'Officiis dolorem.', '{\"en\":\"Mr. Mervin Zulauf III\"}', '509013472', '1992888111', '1064006228', '{\"en\":\"Occaecati.\"}', 196, 2, 2, 'Autem enim.', '2022-03-03 19:37:05', '2022-03-03 19:37:05'),
(221, 'hailee.wolff@example.org', '$2y$10$92IXUNpkjO0rOQ5byMi.Ye4oKoEa3Ro9llC/.og/at2.uheWG/igi', '{\"en\":\"Leanne Torphy\"}', '1520817479', '1955777887', '204547557', '{\"en\":\"Est.\"}', 185, 4, 1, 'Odio aut nostrum.', '{\"en\":\"Deon Gorczany\"}', '1878152095', '519653107', '411033660', '{\"en\":\"Sed.\"}', 29, 2, 1, 'Velit ratione sit.', '2022-03-03 19:37:05', '2022-03-03 19:37:05'),
(222, 'dante34@example.org', '$2y$10$92IXUNpkjO0rOQ5byMi.Ye4oKoEa3Ro9llC/.og/at2.uheWG/igi', '{\"en\":\"Kenneth Kiehn\"}', '1969281126', '506447194', '876914251', '{\"en\":\"Inventore.\"}', 13, 8, 1, 'Quibusdam quo.', '{\"en\":\"Miss Daisy Balistreri\"}', '1298739046', '1675127793', '1072006000', '{\"en\":\"Itaque.\"}', 196, 5, 2, 'Atque corrupti unde.', '2022-03-03 19:37:05', '2022-03-03 19:37:05'),
(223, 'virginie73@example.com', '$2y$10$92IXUNpkjO0rOQ5byMi.Ye4oKoEa3Ro9llC/.og/at2.uheWG/igi', '{\"en\":\"Ottilie Bosco\"}', '1937389333', '1183666721', '1068324576', '{\"en\":\"Culpa.\"}', 195, 8, 2, 'Qui cumque aperiam.', '{\"en\":\"Mr. Jovanny Nicolas\"}', '322903119', '1318718179', '242208361', '{\"en\":\"Et rerum.\"}', 77, 1, 2, 'Voluptatem non ut.', '2022-03-03 19:37:05', '2022-03-03 19:37:05'),
(224, 'allie.ratke@example.com', '$2y$10$92IXUNpkjO0rOQ5byMi.Ye4oKoEa3Ro9llC/.og/at2.uheWG/igi', '{\"en\":\"Elenor Mraz MD\"}', '1028745566', '956720204', '1251028811', '{\"en\":\"Ea illo.\"}', 206, 2, 2, 'Aspernatur.', '{\"en\":\"Ciara Ankunding\"}', '764172050', '1499313698', '834805666', '{\"en\":\"Nihil.\"}', 140, 5, 1, 'Rerum assumenda.', '2022-03-03 19:37:05', '2022-03-03 19:37:05'),
(225, 'iwillms@example.net', '$2y$10$92IXUNpkjO0rOQ5byMi.Ye4oKoEa3Ro9llC/.og/at2.uheWG/igi', '{\"en\":\"Dawn Fay\"}', '1466227837', '1359759967', '600396018', '{\"en\":\"Ut.\"}', 156, 8, 1, 'Quo ab velit totam.', '{\"en\":\"Jose Bins\"}', '1780651375', '823613500', '1354422169', '{\"en\":\"Sit qui.\"}', 108, 1, 1, 'Ut est rem ex ullam.', '2022-03-03 19:37:05', '2022-03-03 19:37:05'),
(226, 'dolly.king@example.net', '$2y$10$92IXUNpkjO0rOQ5byMi.Ye4oKoEa3Ro9llC/.og/at2.uheWG/igi', '{\"en\":\"Jermey Schowalter\"}', '197517238', '1658214571', '736875620', '{\"en\":\"Id rerum.\"}', 16, 5, 2, 'Reprehenderit.', '{\"en\":\"Eusebio Weissnat\"}', '1252484219', '818660926', '708927119', '{\"en\":\"Omnis.\"}', 222, 6, 2, 'Nobis nobis.', '2022-03-03 19:37:05', '2022-03-03 19:37:05'),
(227, 'ipurdy@example.net', '$2y$10$92IXUNpkjO0rOQ5byMi.Ye4oKoEa3Ro9llC/.og/at2.uheWG/igi', '{\"en\":\"Mrs. Frederique Towne V\"}', '1253234937', '1286245977', '739115556', '{\"en\":\"Et.\"}', 163, 6, 1, 'Cum cum ut nihil.', '{\"en\":\"Prof. Adrien Kuvalis\"}', '448615602', '1772549250', '1687460102', '{\"en\":\"Nulla.\"}', 237, 7, 2, 'Similique.', '2022-03-03 19:37:05', '2022-03-03 19:37:05'),
(228, 'dell.abernathy@example.org', '$2y$10$92IXUNpkjO0rOQ5byMi.Ye4oKoEa3Ro9llC/.og/at2.uheWG/igi', '{\"en\":\"Ms. Eldora Keebler Jr.\"}', '1532011987', '1072295942', '1958682727', '{\"en\":\"Saepe.\"}', 125, 3, 2, 'Ea necessitatibus.', '{\"en\":\"Benton Koepp\"}', '812932247', '2036441095', '2072660558', '{\"en\":\"Vel.\"}', 99, 6, 2, 'Quia temporibus.', '2022-03-03 19:37:05', '2022-03-03 19:37:05'),
(229, 'fredrick.jast@example.org', '$2y$10$92IXUNpkjO0rOQ5byMi.Ye4oKoEa3Ro9llC/.og/at2.uheWG/igi', '{\"en\":\"Korbin O\'Keefe IV\"}', '1662401177', '267334609', '29371799', '{\"en\":\"Sed.\"}', 70, 6, 2, 'Illum maxime aut.', '{\"en\":\"Dr. Hunter Kovacek PhD\"}', '1122407723', '1899548725', '1888900474', '{\"en\":\"Cum est.\"}', 160, 4, 2, 'Itaque omnis qui.', '2022-03-03 19:37:05', '2022-03-03 19:37:05'),
(230, 'kaitlyn91@example.net', '$2y$10$92IXUNpkjO0rOQ5byMi.Ye4oKoEa3Ro9llC/.og/at2.uheWG/igi', '{\"en\":\"Asia Stark\"}', '1650336496', '1111617368', '32582041', '{\"en\":\"Mollitia.\"}', 38, 2, 1, 'Fugit consequuntur.', '{\"en\":\"Mr. Pierre Lebsack PhD\"}', '1387323671', '805400177', '1534988802', '{\"en\":\"Vero nam.\"}', 5, 8, 2, 'Et quo quasi nam.', '2022-03-03 19:37:05', '2022-03-03 19:37:05'),
(231, 'jakubowski.tia@example.net', '$2y$10$92IXUNpkjO0rOQ5byMi.Ye4oKoEa3Ro9llC/.og/at2.uheWG/igi', '{\"en\":\"Oral Toy\"}', '96183462', '167663345', '748259121', '{\"en\":\"Et sint.\"}', 90, 7, 2, 'Sint nesciunt omnis.', '{\"en\":\"Abel Nader DDS\"}', '307155070', '924884922', '1634862355', '{\"en\":\"Et.\"}', 149, 3, 1, 'Sint assumenda nemo.', '2022-03-03 19:37:05', '2022-03-03 19:37:05'),
(232, 'kling.jarred@example.net', '$2y$10$92IXUNpkjO0rOQ5byMi.Ye4oKoEa3Ro9llC/.og/at2.uheWG/igi', '{\"en\":\"Janessa Schiller\"}', '1639918312', '1035352999', '1926536629', '{\"en\":\"Quis.\"}', 121, 7, 2, 'Id non eos.', '{\"en\":\"Prof. Maurine Quitzon\"}', '1690024548', '793687625', '1405591083', '{\"en\":\"Expedita.\"}', 192, 7, 1, 'Ut hic consequatur.', '2022-03-03 19:37:05', '2022-03-03 19:37:05'),
(233, 'dandre62@example.net', '$2y$10$92IXUNpkjO0rOQ5byMi.Ye4oKoEa3Ro9llC/.og/at2.uheWG/igi', '{\"en\":\"Kenneth Treutel\"}', '1257222004', '830399987', '1128986347', '{\"en\":\"Cumque.\"}', 208, 2, 2, 'Itaque quidem sit.', '{\"en\":\"Kali Mohr DDS\"}', '918452452', '239417438', '762371245', '{\"en\":\"Aut non.\"}', 176, 5, 2, 'Deserunt voluptates.', '2022-03-03 19:37:05', '2022-03-03 19:37:05'),
(234, 'leann.murray@example.com', '$2y$10$92IXUNpkjO0rOQ5byMi.Ye4oKoEa3Ro9llC/.og/at2.uheWG/igi', '{\"en\":\"Cordelia Wolff\"}', '1051665484', '1590379559', '1587860320', '{\"en\":\"Beatae.\"}', 38, 2, 1, 'Reprehenderit animi.', '{\"en\":\"Brett Kilback\"}', '360133535', '1657189595', '741559439', '{\"en\":\"Et et.\"}', 134, 3, 2, 'Magni et aut enim.', '2022-03-03 19:37:05', '2022-03-03 19:37:05'),
(235, 'krystal.goodwin@example.com', '$2y$10$92IXUNpkjO0rOQ5byMi.Ye4oKoEa3Ro9llC/.og/at2.uheWG/igi', '{\"en\":\"Roberto Russel\"}', '331066414', '878792620', '1707599912', '{\"en\":\"Dolor.\"}', 150, 7, 2, 'Vel alias fugit.', '{\"en\":\"Dr. Olin Wintheiser MD\"}', '1021792857', '48250333', '1077335546', '{\"en\":\"Vitae hic.\"}', 67, 7, 1, 'Sit ea et deleniti.', '2022-03-03 19:37:05', '2022-03-03 19:37:05'),
(236, 'syble.mosciski@example.org', '$2y$10$92IXUNpkjO0rOQ5byMi.Ye4oKoEa3Ro9llC/.og/at2.uheWG/igi', '{\"en\":\"Ahmed Krajcik\"}', '502782972', '965001761', '178300794', '{\"en\":\"Voluptas.\"}', 90, 2, 2, 'Impedit laudantium.', '{\"en\":\"Maxie Jacobson\"}', '463394046', '903973783', '66490082', '{\"en\":\"Molestiae.\"}', 219, 3, 1, 'Vel quia quos neque.', '2022-03-03 19:37:05', '2022-03-03 19:37:05'),
(237, 'kayley19@example.com', '$2y$10$92IXUNpkjO0rOQ5byMi.Ye4oKoEa3Ro9llC/.og/at2.uheWG/igi', '{\"en\":\"Will Reilly\"}', '801455107', '408573170', '1148442477', '{\"en\":\"Tempore.\"}', 242, 8, 2, 'Vel ipsum culpa.', '{\"en\":\"Merle Turner DDS\"}', '554526170', '1659373320', '781623488', '{\"en\":\"Nihil.\"}', 143, 4, 2, 'Minima quaerat.', '2022-03-03 19:37:05', '2022-03-03 19:37:05'),
(238, 'amara.schmitt@example.org', '$2y$10$92IXUNpkjO0rOQ5byMi.Ye4oKoEa3Ro9llC/.og/at2.uheWG/igi', '{\"en\":\"Marisol Ruecker\"}', '443842805', '867721134', '621764488', '{\"en\":\"Enim.\"}', 180, 7, 1, 'Dignissimos tempora.', '{\"en\":\"Dr. Kolby McDermott IV\"}', '1424563223', '1305786140', '669036664', '{\"en\":\"Molestias.\"}', 211, 4, 1, 'Et ea quia.', '2022-03-03 19:37:05', '2022-03-03 19:37:05'),
(239, 'hayden.funk@example.net', '$2y$10$92IXUNpkjO0rOQ5byMi.Ye4oKoEa3Ro9llC/.og/at2.uheWG/igi', '{\"en\":\"Miss Geraldine Wunsch DDS\"}', '1098752618', '79274823', '1029523563', '{\"en\":\"Et.\"}', 58, 1, 1, 'Suscipit nihil.', '{\"en\":\"Dr. Louisa Breitenberg DDS\"}', '118821113', '995053167', '1887546447', '{\"en\":\"Et aut.\"}', 137, 8, 2, 'Temporibus fugiat.', '2022-03-03 19:37:05', '2022-03-03 19:37:05'),
(240, 'vandervort.graciela@example.org', '$2y$10$92IXUNpkjO0rOQ5byMi.Ye4oKoEa3Ro9llC/.og/at2.uheWG/igi', '{\"en\":\"Ezra Deckow\"}', '1365902582', '1392916134', '1742192806', '{\"en\":\"Ut.\"}', 142, 2, 1, 'Occaecati sit.', '{\"en\":\"Mr. Jed Halvorson\"}', '164024014', '631567744', '267862075', '{\"en\":\"Sed.\"}', 172, 5, 1, 'Quo porro molestiae.', '2022-03-03 19:37:05', '2022-03-03 19:37:05'),
(241, 'mavis14@example.org', '$2y$10$92IXUNpkjO0rOQ5byMi.Ye4oKoEa3Ro9llC/.og/at2.uheWG/igi', '{\"en\":\"Danial Runolfsson\"}', '1867205400', '654279339', '2039611015', '{\"en\":\"Quidem.\"}', 136, 5, 1, 'Nam voluptatem.', '{\"en\":\"Macy Heathcote\"}', '117555091', '928857427', '1712723358', '{\"en\":\"Nihil id.\"}', 58, 6, 1, 'Quod est beatae.', '2022-03-03 19:37:05', '2022-03-03 19:37:05'),
(242, 'wruecker@example.net', '$2y$10$92IXUNpkjO0rOQ5byMi.Ye4oKoEa3Ro9llC/.og/at2.uheWG/igi', '{\"en\":\"Maurine Fadel\"}', '212662078', '200309843', '974903454', '{\"en\":\"Sed qui.\"}', 172, 6, 1, 'Quam ea nemo.', '{\"en\":\"Prof. Juanita Brakus\"}', '903439686', '1185092032', '1801885562', '{\"en\":\"Sequi aut.\"}', 34, 2, 1, 'Voluptas est unde.', '2022-03-03 19:37:05', '2022-03-03 19:37:05'),
(243, 'tyler84@example.net', '$2y$10$92IXUNpkjO0rOQ5byMi.Ye4oKoEa3Ro9llC/.og/at2.uheWG/igi', '{\"en\":\"Kaela Feil DVM\"}', '1549324854', '2019987085', '254095311', '{\"en\":\"Voluptas.\"}', 23, 3, 2, 'Enim sit laborum.', '{\"en\":\"Haskell Gutmann\"}', '104871567', '1615685720', '499550434', '{\"en\":\"Tempora.\"}', 87, 1, 2, 'Sit laudantium unde.', '2022-03-03 19:37:05', '2022-03-03 19:37:05'),
(244, 'citlalli.jacobson@example.net', '$2y$10$92IXUNpkjO0rOQ5byMi.Ye4oKoEa3Ro9llC/.og/at2.uheWG/igi', '{\"en\":\"Colt Bayer I\"}', '912183056', '1707665211', '1383550263', '{\"en\":\"Est sint.\"}', 19, 8, 2, 'Repellendus autem.', '{\"en\":\"Miss Delilah Reinger IV\"}', '1322168412', '246791715', '759795204', '{\"en\":\"Quam id.\"}', 60, 2, 2, 'Sed quo corporis.', '2022-03-03 19:37:05', '2022-03-03 19:37:05'),
(245, 'jerrod14@example.com', '$2y$10$92IXUNpkjO0rOQ5byMi.Ye4oKoEa3Ro9llC/.og/at2.uheWG/igi', '{\"en\":\"Jasper Price\"}', '498198538', '1157633811', '635647067', '{\"en\":\"Eos ea.\"}', 199, 4, 1, 'Accusamus quo.', '{\"en\":\"Josie Bailey\"}', '234292352', '1286491704', '1117881855', '{\"en\":\"Est et.\"}', 150, 4, 2, 'Debitis at est.', '2022-03-03 19:37:05', '2022-03-03 19:37:05'),
(246, 'darby.cartwright@example.com', '$2y$10$92IXUNpkjO0rOQ5byMi.Ye4oKoEa3Ro9llC/.og/at2.uheWG/igi', '{\"en\":\"Makenzie Grady\"}', '1114247389', '1374423424', '1927627378', '{\"en\":\"Ipsum.\"}', 230, 4, 2, 'Magnam occaecati.', '{\"en\":\"Blaze Satterfield DDS\"}', '720744427', '1208929868', '85605674', '{\"en\":\"Ullam.\"}', 60, 7, 1, 'Quia qui dolores.', '2022-03-03 19:37:05', '2022-03-03 19:37:05');
INSERT INTO `guardians` (`id`, `email`, `password`, `name_father`, `national_id_father`, `passport_id_father`, `phone_father`, `job_father`, `nationality_father_id`, `blood_type_father_id`, `religion_father_id`, `address_father`, `name_mother`, `national_id_mother`, `passport_id_mother`, `phone_mother`, `job_mother`, `nationality_mother_id`, `blood_type_mother_id`, `religion_mother_id`, `address_mother`, `created_at`, `updated_at`) VALUES
(247, 'jake58@example.net', '$2y$10$92IXUNpkjO0rOQ5byMi.Ye4oKoEa3Ro9llC/.og/at2.uheWG/igi', '{\"en\":\"Dr. Keanu Marks\"}', '1175002094', '1862177649', '801078898', '{\"en\":\"Facere.\"}', 34, 6, 1, 'Architecto rem.', '{\"en\":\"Annamarie Dibbert DVM\"}', '1799520932', '1794437378', '120981477', '{\"en\":\"Ex.\"}', 80, 7, 1, 'Eaque voluptates.', '2022-03-03 19:37:05', '2022-03-03 19:37:05'),
(248, 'lia27@example.org', '$2y$10$92IXUNpkjO0rOQ5byMi.Ye4oKoEa3Ro9llC/.og/at2.uheWG/igi', '{\"en\":\"Mrs. Jacky Zemlak V\"}', '1536897764', '1957802336', '279091099', '{\"en\":\"Quia id.\"}', 129, 6, 2, 'Minus quia.', '{\"en\":\"Prof. Khalil Corwin\"}', '1858036301', '935736962', '1612610092', '{\"en\":\"Rerum cum.\"}', 174, 2, 2, 'Atque velit quasi.', '2022-03-03 19:37:06', '2022-03-03 19:37:06'),
(249, 'bernard38@example.net', '$2y$10$92IXUNpkjO0rOQ5byMi.Ye4oKoEa3Ro9llC/.og/at2.uheWG/igi', '{\"en\":\"Harry Buckridge\"}', '92532297', '377715287', '1341551896', '{\"en\":\"Libero.\"}', 224, 3, 2, 'Sed aspernatur.', '{\"en\":\"Ofelia Stehr\"}', '570216526', '372626775', '1744701897', '{\"en\":\"Sint.\"}', 54, 1, 1, 'Voluptates officiis.', '2022-03-03 19:37:06', '2022-03-03 19:37:06'),
(250, 'elizabeth.durgan@example.com', '$2y$10$92IXUNpkjO0rOQ5byMi.Ye4oKoEa3Ro9llC/.og/at2.uheWG/igi', '{\"en\":\"Afton Franecki\"}', '1823221459', '1370900979', '480074364', '{\"en\":\"Et sunt.\"}', 21, 8, 1, 'Eaque voluptate.', '{\"en\":\"Casimir Lockman DVM\"}', '1698183527', '994881443', '850726805', '{\"en\":\"Amet.\"}', 178, 7, 1, 'Sunt et dolore.', '2022-03-03 19:37:06', '2022-03-03 19:37:06'),
(251, 'bode.dedrick@example.com', '$2y$10$92IXUNpkjO0rOQ5byMi.Ye4oKoEa3Ro9llC/.og/at2.uheWG/igi', '{\"en\":\"Dr. Chloe Kiehn Sr.\"}', '1106548900', '1931662903', '2055092947', '{\"en\":\"Amet amet.\"}', 140, 2, 2, 'Omnis sit quasi ab.', '{\"en\":\"Leonor Lebsack\"}', '2065391731', '1741725290', '591332648', '{\"en\":\"Et velit.\"}', 177, 5, 1, 'Qui vero et et a.', '2022-03-03 19:37:06', '2022-03-03 19:37:06'),
(252, 'tlarkin@example.org', '$2y$10$92IXUNpkjO0rOQ5byMi.Ye4oKoEa3Ro9llC/.og/at2.uheWG/igi', '{\"en\":\"Alden Kub\"}', '721996964', '1073204954', '1326885263', '{\"en\":\"Ut hic.\"}', 64, 6, 1, 'Quidem ipsa dolorem.', '{\"en\":\"Mrs. Adele Bernhard\"}', '821917794', '1493080607', '1501730114', '{\"en\":\"Rerum.\"}', 13, 5, 2, 'Dolores recusandae.', '2022-03-03 19:37:06', '2022-03-03 19:37:06'),
(253, 'lucienne.tremblay@example.net', '$2y$10$92IXUNpkjO0rOQ5byMi.Ye4oKoEa3Ro9llC/.og/at2.uheWG/igi', '{\"en\":\"Nicola Kertzmann\"}', '2015882584', '405768522', '1466446923', '{\"en\":\"Sed.\"}', 7, 4, 1, 'Alias consequatur.', '{\"en\":\"Laury Corwin\"}', '847187096', '2133766726', '2113285629', '{\"en\":\"Alias.\"}', 92, 1, 2, 'Et sit est aut sunt.', '2022-03-03 19:37:06', '2022-03-03 19:37:06'),
(254, 'leatha74@example.net', '$2y$10$92IXUNpkjO0rOQ5byMi.Ye4oKoEa3Ro9llC/.og/at2.uheWG/igi', '{\"en\":\"Prof. Florence Cassin DDS\"}', '764777220', '1899450646', '1134975610', '{\"en\":\"Alias.\"}', 18, 6, 1, 'Expedita dolorem.', '{\"en\":\"Polly Botsford\"}', '472656228', '515873715', '1472068947', '{\"en\":\"Sit vel.\"}', 60, 6, 2, 'Quas possimus.', '2022-03-03 19:37:06', '2022-03-03 19:37:06'),
(255, 'chelsea.pouros@example.org', '$2y$10$92IXUNpkjO0rOQ5byMi.Ye4oKoEa3Ro9llC/.og/at2.uheWG/igi', '{\"en\":\"Salvatore Renner\"}', '11974901', '1946278412', '1720854513', '{\"en\":\"Et qui.\"}', 192, 4, 2, 'Perspiciatis id.', '{\"en\":\"Ivy Wintheiser\"}', '112332882', '1462677298', '153653054', '{\"en\":\"Odio est.\"}', 72, 5, 2, 'Magni sit expedita.', '2022-03-03 19:37:06', '2022-03-03 19:37:06'),
(256, 'erwin84@example.org', '$2y$10$92IXUNpkjO0rOQ5byMi.Ye4oKoEa3Ro9llC/.og/at2.uheWG/igi', '{\"en\":\"Blanche King\"}', '569254614', '894175098', '1200598785', '{\"en\":\"Repellat.\"}', 244, 3, 1, 'Sint nihil sit.', '{\"en\":\"Ms. Annabelle Heidenreich\"}', '1657315987', '1829383687', '1967667377', '{\"en\":\"Placeat.\"}', 46, 8, 2, 'Laboriosam quam ea.', '2022-03-03 19:37:06', '2022-03-03 19:37:06'),
(257, 'xullrich@example.com', '$2y$10$92IXUNpkjO0rOQ5byMi.Ye4oKoEa3Ro9llC/.og/at2.uheWG/igi', '{\"en\":\"Elouise Pfeffer\"}', '1770171607', '824005367', '1431949850', '{\"en\":\"Quisquam.\"}', 65, 5, 1, 'Possimus doloremque.', '{\"en\":\"Ms. Leora Crona\"}', '800099835', '359121565', '868805452', '{\"en\":\"Quas.\"}', 16, 8, 1, 'Consectetur et.', '2022-03-03 19:37:06', '2022-03-03 19:37:06'),
(258, 'lullrich@example.net', '$2y$10$92IXUNpkjO0rOQ5byMi.Ye4oKoEa3Ro9llC/.og/at2.uheWG/igi', '{\"en\":\"Mrs. Cierra Stehr\"}', '1441341183', '683751935', '649607656', '{\"en\":\"Eum quia.\"}', 235, 3, 1, 'Dolorem qui.', '{\"en\":\"Yessenia Raynor\"}', '1080635002', '1123362020', '723174586', '{\"en\":\"Dolores.\"}', 172, 7, 1, 'Numquam et.', '2022-03-03 19:37:06', '2022-03-03 19:37:06'),
(259, 'purdy.bailey@example.net', '$2y$10$92IXUNpkjO0rOQ5byMi.Ye4oKoEa3Ro9llC/.og/at2.uheWG/igi', '{\"en\":\"Prof. River Bahringer\"}', '564392785', '717275651', '2085041983', '{\"en\":\"Quisquam.\"}', 113, 7, 2, 'Est magni aut rerum.', '{\"en\":\"Dan Prohaska\"}', '549137573', '537180512', '560087621', '{\"en\":\"Ea.\"}', 195, 8, 1, 'Fugit ullam.', '2022-03-03 19:37:06', '2022-03-03 19:37:06'),
(260, 'lboyle@example.org', '$2y$10$92IXUNpkjO0rOQ5byMi.Ye4oKoEa3Ro9llC/.og/at2.uheWG/igi', '{\"en\":\"Kenton Bogisich\"}', '1809298962', '1978795023', '1946499637', '{\"en\":\"Quia vel.\"}', 12, 3, 2, 'Maxime explicabo.', '{\"en\":\"Sandrine Rolfson\"}', '1836389156', '934939754', '1326040228', '{\"en\":\"Sint quae.\"}', 80, 7, 2, 'Voluptates.', '2022-03-03 19:37:06', '2022-03-03 19:37:06'),
(261, 'cjacobson@example.net', '$2y$10$92IXUNpkjO0rOQ5byMi.Ye4oKoEa3Ro9llC/.og/at2.uheWG/igi', '{\"en\":\"Zakary Hessel\"}', '1785281158', '1627748017', '1528673316', '{\"en\":\"Molestiae.\"}', 72, 1, 2, 'Voluptatem cum.', '{\"en\":\"Cortez Schaden\"}', '802400879', '28051911', '1773964862', '{\"en\":\"Tempore.\"}', 105, 2, 2, 'Deserunt.', '2022-03-03 19:37:06', '2022-03-03 19:37:06'),
(262, 'phoebe.bartell@example.com', '$2y$10$92IXUNpkjO0rOQ5byMi.Ye4oKoEa3Ro9llC/.og/at2.uheWG/igi', '{\"en\":\"Alize Halvorson\"}', '273692996', '1804883272', '839964519', '{\"en\":\"Quos.\"}', 208, 5, 2, 'Ipsa est et.', '{\"en\":\"Mrs. Odessa Christiansen DVM\"}', '725485478', '827256381', '1718560902', '{\"en\":\"Eos quod.\"}', 121, 2, 1, 'Sunt in quia.', '2022-03-03 19:37:06', '2022-03-03 19:37:06'),
(263, 'effertz.albin@example.net', '$2y$10$92IXUNpkjO0rOQ5byMi.Ye4oKoEa3Ro9llC/.og/at2.uheWG/igi', '{\"en\":\"Emma Gibson Sr.\"}', '2078853195', '1367987054', '675986693', '{\"en\":\"Fuga.\"}', 232, 8, 2, 'Nihil et dolorem.', '{\"en\":\"Ellis Fisher\"}', '2045466667', '1366791861', '1142930534', '{\"en\":\"Ea.\"}', 223, 2, 1, 'Repellendus id.', '2022-03-03 19:37:06', '2022-03-03 19:37:06'),
(264, 'oschuster@example.com', '$2y$10$92IXUNpkjO0rOQ5byMi.Ye4oKoEa3Ro9llC/.og/at2.uheWG/igi', '{\"en\":\"Maxine Pollich\"}', '1515951543', '1434326560', '1856673591', '{\"en\":\"Aperiam.\"}', 191, 6, 2, 'Ea nam fugit nam.', '{\"en\":\"Robyn Hackett\"}', '327047446', '884833154', '1674237309', '{\"en\":\"Quia est.\"}', 42, 3, 1, 'Qui tempore sunt id.', '2022-03-03 19:37:06', '2022-03-03 19:37:06'),
(265, 'yjohnston@example.org', '$2y$10$92IXUNpkjO0rOQ5byMi.Ye4oKoEa3Ro9llC/.og/at2.uheWG/igi', '{\"en\":\"Velda Braun II\"}', '663473340', '30342584', '552892581', '{\"en\":\"Vitae vel.\"}', 139, 3, 1, 'Quis fuga natus.', '{\"en\":\"Dr. Terrance Schmeler\"}', '1934778968', '161632340', '2095598427', '{\"en\":\"Natus.\"}', 195, 1, 1, 'Quo nihil beatae.', '2022-03-03 19:37:07', '2022-03-03 19:37:07'),
(266, 'godfrey23@example.org', '$2y$10$92IXUNpkjO0rOQ5byMi.Ye4oKoEa3Ro9llC/.og/at2.uheWG/igi', '{\"en\":\"Prof. Candido Witting\"}', '1863695140', '409792858', '853508532', '{\"en\":\"Vitae.\"}', 202, 7, 1, 'Amet doloremque ut.', '{\"en\":\"Carol Waters\"}', '961028067', '1756812860', '970814975', '{\"en\":\"Ea.\"}', 217, 8, 2, 'Nemo tempora.', '2022-03-03 19:37:07', '2022-03-03 19:37:07'),
(267, 'lina.hegmann@example.org', '$2y$10$92IXUNpkjO0rOQ5byMi.Ye4oKoEa3Ro9llC/.og/at2.uheWG/igi', '{\"en\":\"Paige Veum\"}', '277147060', '1887989014', '958528723', '{\"en\":\"Quo.\"}', 183, 4, 2, 'Eos est saepe.', '{\"en\":\"Isabell Monahan\"}', '505973687', '2153609', '1438128877', '{\"en\":\"Omnis.\"}', 73, 8, 1, 'Esse eius sunt eos.', '2022-03-03 19:37:07', '2022-03-03 19:37:07'),
(268, 'maxwell.mohr@example.com', '$2y$10$92IXUNpkjO0rOQ5byMi.Ye4oKoEa3Ro9llC/.og/at2.uheWG/igi', '{\"en\":\"Milo Bruen\"}', '1895873204', '1164053581', '147126817', '{\"en\":\"Itaque.\"}', 155, 5, 2, 'Dolorem suscipit.', '{\"en\":\"Thalia Rutherford\"}', '456902561', '138583250', '1257483484', '{\"en\":\"Vel quos.\"}', 72, 4, 2, 'Dicta possimus modi.', '2022-03-03 19:37:07', '2022-03-03 19:37:07'),
(269, 'zpagac@example.net', '$2y$10$92IXUNpkjO0rOQ5byMi.Ye4oKoEa3Ro9llC/.og/at2.uheWG/igi', '{\"en\":\"May McKenzie IV\"}', '79046123', '127926400', '829645902', '{\"en\":\"Excepturi.\"}', 90, 1, 1, 'Cumque sit.', '{\"en\":\"Johnathan Grant\"}', '838473225', '1750550699', '271984446', '{\"en\":\"Soluta.\"}', 194, 6, 2, 'Autem dolorem amet.', '2022-03-03 19:37:07', '2022-03-03 19:37:07'),
(270, 'zelma38@example.com', '$2y$10$92IXUNpkjO0rOQ5byMi.Ye4oKoEa3Ro9llC/.og/at2.uheWG/igi', '{\"en\":\"Dr. Emmitt Kling DVM\"}', '17065994', '387336730', '1181211844', '{\"en\":\"Qui.\"}', 3, 5, 2, 'Doloribus id error.', '{\"en\":\"Shyanne Schneider MD\"}', '1846571210', '1843329108', '1845954256', '{\"en\":\"Assumenda.\"}', 147, 1, 1, 'Ut temporibus.', '2022-03-03 19:37:07', '2022-03-03 19:37:07'),
(271, 'francis38@example.net', '$2y$10$92IXUNpkjO0rOQ5byMi.Ye4oKoEa3Ro9llC/.og/at2.uheWG/igi', '{\"en\":\"Forrest Schimmel\"}', '1566954401', '1834452447', '1030180201', '{\"en\":\"Minus.\"}', 132, 4, 2, 'Ut iste veniam.', '{\"en\":\"Riley Lebsack\"}', '185577534', '320750879', '2112446746', '{\"en\":\"Velit ex.\"}', 61, 1, 2, 'Quia ut quam minus.', '2022-03-03 19:37:07', '2022-03-03 19:37:07'),
(272, 'goberbrunner@example.com', '$2y$10$92IXUNpkjO0rOQ5byMi.Ye4oKoEa3Ro9llC/.og/at2.uheWG/igi', '{\"en\":\"Dr. Rhea Bashirian MD\"}', '1456748017', '511464576', '1605881061', '{\"en\":\"Modi qui.\"}', 13, 2, 1, 'Accusantium.', '{\"en\":\"Stacey Prohaska\"}', '672921200', '2059746543', '1119565949', '{\"en\":\"Voluptas.\"}', 81, 2, 1, 'Nihil facere.', '2022-03-03 19:37:07', '2022-03-03 19:37:07'),
(273, 'kling.zechariah@example.org', '$2y$10$92IXUNpkjO0rOQ5byMi.Ye4oKoEa3Ro9llC/.og/at2.uheWG/igi', '{\"en\":\"Ova Pagac PhD\"}', '134372569', '1947286211', '1953984228', '{\"en\":\"Iure eum.\"}', 219, 7, 2, 'Aut et culpa neque.', '{\"en\":\"Hollie Torphy\"}', '351147498', '124705409', '2060557711', '{\"en\":\"Amet.\"}', 174, 4, 2, 'Voluptas non.', '2022-03-03 19:37:07', '2022-03-03 19:37:07'),
(274, 'parisian.jayne@example.com', '$2y$10$92IXUNpkjO0rOQ5byMi.Ye4oKoEa3Ro9llC/.og/at2.uheWG/igi', '{\"en\":\"Laurine Gulgowski MD\"}', '6423122', '199741065', '1948103321', '{\"en\":\"Aut sunt.\"}', 137, 8, 1, 'Assumenda.', '{\"en\":\"Jessyca Aufderhar\"}', '1424587735', '618706129', '67575243', '{\"en\":\"Ut ex.\"}', 216, 1, 1, 'Delectus odio et.', '2022-03-03 19:37:07', '2022-03-03 19:37:07'),
(275, 'corbin02@example.org', '$2y$10$92IXUNpkjO0rOQ5byMi.Ye4oKoEa3Ro9llC/.og/at2.uheWG/igi', '{\"en\":\"Kory Ullrich\"}', '519612064', '733826882', '1501599208', '{\"en\":\"Minima.\"}', 113, 3, 1, 'Eaque eos neque est.', '{\"en\":\"Christy Gaylord Sr.\"}', '344758061', '1416246942', '1728956386', '{\"en\":\"Cum est.\"}', 164, 7, 2, 'Doloribus aut quo.', '2022-03-03 19:37:07', '2022-03-03 19:37:07'),
(276, 'wolf.cristina@example.org', '$2y$10$92IXUNpkjO0rOQ5byMi.Ye4oKoEa3Ro9llC/.og/at2.uheWG/igi', '{\"en\":\"Chanel Robel Jr.\"}', '385491882', '1071455242', '1568654546', '{\"en\":\"Ut animi.\"}', 116, 1, 1, 'Quasi minima.', '{\"en\":\"Mr. Pete Conroy DVM\"}', '225698205', '2034529136', '971067071', '{\"en\":\"Possimus.\"}', 133, 3, 2, 'Debitis minima.', '2022-03-03 19:37:07', '2022-03-03 19:37:07'),
(277, 'clubowitz@example.org', '$2y$10$92IXUNpkjO0rOQ5byMi.Ye4oKoEa3Ro9llC/.og/at2.uheWG/igi', '{\"en\":\"Mr. Kiley Kerluke\"}', '579267096', '1931469947', '1626778268', '{\"en\":\"Et iste.\"}', 55, 6, 1, 'Molestiae repellat.', '{\"en\":\"Summer Fisher\"}', '2116134624', '1177254981', '219847945', '{\"en\":\"Ipsa qui.\"}', 194, 1, 1, 'Perspiciatis.', '2022-03-03 19:37:07', '2022-03-03 19:37:07'),
(278, 'ferry.zelma@example.com', '$2y$10$92IXUNpkjO0rOQ5byMi.Ye4oKoEa3Ro9llC/.og/at2.uheWG/igi', '{\"en\":\"Miss Eleonore Stark\"}', '1961643566', '1461436894', '7138704', '{\"en\":\"Eum est.\"}', 42, 2, 2, 'Fugit unde ipsum.', '{\"en\":\"Prof. Myrna Kozey\"}', '614172134', '316778145', '227095594', '{\"en\":\"Minima.\"}', 156, 8, 1, 'Eaque dolor.', '2022-03-03 19:37:07', '2022-03-03 19:37:07'),
(279, 'vcummings@example.net', '$2y$10$92IXUNpkjO0rOQ5byMi.Ye4oKoEa3Ro9llC/.og/at2.uheWG/igi', '{\"en\":\"Reta Powlowski II\"}', '130593031', '73797355', '2102158366', '{\"en\":\"Qui eos.\"}', 31, 8, 1, 'Sed delectus.', '{\"en\":\"Cristobal Dooley\"}', '1430442738', '843728545', '1722462123', '{\"en\":\"Iste odit.\"}', 100, 6, 1, 'Iure ut animi.', '2022-03-03 19:37:07', '2022-03-03 19:37:07'),
(280, 'genevieve05@example.org', '$2y$10$92IXUNpkjO0rOQ5byMi.Ye4oKoEa3Ro9llC/.og/at2.uheWG/igi', '{\"en\":\"Prof. Stone Waelchi DDS\"}', '97955012', '345379582', '839502769', '{\"en\":\"Commodi.\"}', 114, 3, 2, 'Quis recusandae ut.', '{\"en\":\"Rashad Bosco\"}', '389354136', '1789861147', '1450327084', '{\"en\":\"Omnis.\"}', 167, 7, 1, 'Quidem fugiat quos.', '2022-03-03 19:37:07', '2022-03-03 19:37:07'),
(281, 'kstehr@example.net', '$2y$10$92IXUNpkjO0rOQ5byMi.Ye4oKoEa3Ro9llC/.og/at2.uheWG/igi', '{\"en\":\"Benny Powlowski PhD\"}', '215654364', '1512622765', '1235884753', '{\"en\":\"Neque.\"}', 236, 4, 2, 'Nesciunt ut quas.', '{\"en\":\"Prof. Merlin Marks PhD\"}', '2084718921', '97107385', '606610277', '{\"en\":\"Provident.\"}', 218, 3, 2, 'Fugit omnis.', '2022-03-03 19:37:07', '2022-03-03 19:37:07'),
(282, 'koch.isabella@example.net', '$2y$10$92IXUNpkjO0rOQ5byMi.Ye4oKoEa3Ro9llC/.og/at2.uheWG/igi', '{\"en\":\"Nelson Murazik\"}', '1124371554', '1261279754', '373599774', '{\"en\":\"Et iure.\"}', 158, 6, 1, 'Quisquam est qui.', '{\"en\":\"Wilson Schimmel V\"}', '132961006', '818581932', '255991635', '{\"en\":\"Rerum.\"}', 40, 6, 1, 'Rerum rem eaque.', '2022-03-03 19:37:07', '2022-03-03 19:37:07'),
(283, 'emmet.cremin@example.org', '$2y$10$92IXUNpkjO0rOQ5byMi.Ye4oKoEa3Ro9llC/.og/at2.uheWG/igi', '{\"en\":\"Parker Wintheiser\"}', '1514367760', '1293386353', '79201113', '{\"en\":\"Maxime.\"}', 88, 8, 2, 'Neque culpa ut eius.', '{\"en\":\"Murray Jacobson MD\"}', '1610248834', '1671192221', '980435603', '{\"en\":\"Optio.\"}', 16, 6, 1, 'Non corrupti velit.', '2022-03-03 19:37:07', '2022-03-03 19:37:07'),
(284, 'austen56@example.net', '$2y$10$92IXUNpkjO0rOQ5byMi.Ye4oKoEa3Ro9llC/.og/at2.uheWG/igi', '{\"en\":\"Arnaldo Wuckert\"}', '1314021463', '1352098360', '1377753422', '{\"en\":\"Qui non.\"}', 131, 1, 2, 'Quam est qui omnis.', '{\"en\":\"Maudie Hill\"}', '1168616629', '377748455', '1505116541', '{\"en\":\"Est quasi.\"}', 85, 7, 2, 'Est vitae sunt.', '2022-03-03 19:37:07', '2022-03-03 19:37:07'),
(285, 'thiel.vidal@example.net', '$2y$10$92IXUNpkjO0rOQ5byMi.Ye4oKoEa3Ro9llC/.og/at2.uheWG/igi', '{\"en\":\"Meta Weissnat\"}', '945752012', '115983555', '753433548', '{\"en\":\"Est et.\"}', 101, 4, 2, 'Tempore veniam.', '{\"en\":\"Alek Kuvalis\"}', '1236045562', '1875870721', '1872861591', '{\"en\":\"Vitae qui.\"}', 183, 2, 1, 'Ipsum aliquam.', '2022-03-03 19:37:07', '2022-03-03 19:37:07'),
(286, 'rjerde@example.net', '$2y$10$92IXUNpkjO0rOQ5byMi.Ye4oKoEa3Ro9llC/.og/at2.uheWG/igi', '{\"en\":\"Zoey Hermann\"}', '339174504', '1661197925', '546413363', '{\"en\":\"Commodi.\"}', 115, 2, 1, 'Qui rem dignissimos.', '{\"en\":\"Katlyn Homenick V\"}', '1086367643', '1210742003', '966394137', '{\"en\":\"Officiis.\"}', 32, 3, 2, 'In alias maiores.', '2022-03-03 19:37:07', '2022-03-03 19:37:07'),
(287, 'wrutherford@example.org', '$2y$10$92IXUNpkjO0rOQ5byMi.Ye4oKoEa3Ro9llC/.og/at2.uheWG/igi', '{\"en\":\"Dr. Frederic Franecki DDS\"}', '563792067', '117849368', '994832500', '{\"en\":\"Quasi.\"}', 180, 8, 1, 'Qui sunt enim et.', '{\"en\":\"Jeanette Rodriguez IV\"}', '1971174884', '2008718708', '982366078', '{\"en\":\"Earum.\"}', 97, 4, 2, 'Eaque quibusdam sed.', '2022-03-03 19:37:07', '2022-03-03 19:37:07'),
(288, 'keshaun88@example.com', '$2y$10$92IXUNpkjO0rOQ5byMi.Ye4oKoEa3Ro9llC/.og/at2.uheWG/igi', '{\"en\":\"Eladio Rempel\"}', '1095569434', '367344980', '2131686754', '{\"en\":\"Tenetur.\"}', 209, 8, 1, 'In distinctio fuga.', '{\"en\":\"Pauline Conn III\"}', '615894898', '1925101549', '1004668933', '{\"en\":\"Eos et.\"}', 43, 2, 2, 'Consectetur rerum.', '2022-03-03 19:37:07', '2022-03-03 19:37:07'),
(289, 'reichert.jayden@example.org', '$2y$10$92IXUNpkjO0rOQ5byMi.Ye4oKoEa3Ro9llC/.og/at2.uheWG/igi', '{\"en\":\"Victoria Davis\"}', '2101115261', '1345156006', '1520416330', '{\"en\":\"Nostrum.\"}', 98, 1, 1, 'Impedit non nulla.', '{\"en\":\"Lester Sipes\"}', '1792322765', '1050713277', '1735059682', '{\"en\":\"Assumenda.\"}', 109, 8, 1, 'Alias omnis alias.', '2022-03-03 19:37:07', '2022-03-03 19:37:07'),
(290, 'eleonore.wyman@example.com', '$2y$10$92IXUNpkjO0rOQ5byMi.Ye4oKoEa3Ro9llC/.og/at2.uheWG/igi', '{\"en\":\"Ford Lang\"}', '1101122644', '100213406', '678041842', '{\"en\":\"Quia unde.\"}', 89, 2, 1, 'Qui ea ut sapiente.', '{\"en\":\"Reece Morissette\"}', '2116706876', '1322735064', '730955116', '{\"en\":\"Suscipit.\"}', 9, 3, 2, 'Ducimus maiores.', '2022-03-03 19:37:07', '2022-03-03 19:37:07'),
(291, 'clementine.bode@example.net', '$2y$10$92IXUNpkjO0rOQ5byMi.Ye4oKoEa3Ro9llC/.og/at2.uheWG/igi', '{\"en\":\"Joy Mertz\"}', '1629773563', '213378690', '413829828', '{\"en\":\"Excepturi.\"}', 60, 5, 2, 'Magnam eum.', '{\"en\":\"Justyn Carter IV\"}', '239637127', '1159809623', '371008823', '{\"en\":\"Quis.\"}', 92, 3, 2, 'Et et est nihil.', '2022-03-03 19:37:07', '2022-03-03 19:37:07'),
(292, 'leon.tillman@example.net', '$2y$10$92IXUNpkjO0rOQ5byMi.Ye4oKoEa3Ro9llC/.og/at2.uheWG/igi', '{\"en\":\"Morgan Schowalter\"}', '900778297', '1324106424', '2100846673', '{\"en\":\"Tempore.\"}', 24, 4, 2, 'Neque saepe.', '{\"en\":\"Hank Littel\"}', '286785853', '782724442', '1884882861', '{\"en\":\"Illo hic.\"}', 174, 3, 1, 'Officia debitis aut.', '2022-03-03 19:37:07', '2022-03-03 19:37:07'),
(293, 'qmurazik@example.org', '$2y$10$92IXUNpkjO0rOQ5byMi.Ye4oKoEa3Ro9llC/.og/at2.uheWG/igi', '{\"en\":\"Jewel Tromp I\"}', '1640013628', '2038269368', '1389692809', '{\"en\":\"Et.\"}', 233, 8, 1, 'Omnis quod et.', '{\"en\":\"Daniela Macejkovic\"}', '1213455146', '1439792038', '765643711', '{\"en\":\"Sit in.\"}', 212, 8, 2, 'Quo aspernatur sed.', '2022-03-03 19:37:07', '2022-03-03 19:37:07'),
(294, 'tristian66@example.org', '$2y$10$92IXUNpkjO0rOQ5byMi.Ye4oKoEa3Ro9llC/.og/at2.uheWG/igi', '{\"en\":\"Ms. Lesly Lynch\"}', '96855905', '1822096766', '344342958', '{\"en\":\"Totam aut.\"}', 161, 8, 2, 'Sed sed qui.', '{\"en\":\"Humberto Haley\"}', '48235052', '1154922358', '713160570', '{\"en\":\"Iusto.\"}', 209, 6, 1, 'Beatae incidunt non.', '2022-03-03 19:37:07', '2022-03-03 19:37:07'),
(295, 'walter.greenfelder@example.org', '$2y$10$92IXUNpkjO0rOQ5byMi.Ye4oKoEa3Ro9llC/.og/at2.uheWG/igi', '{\"en\":\"Ms. America Crooks\"}', '665295795', '1036557176', '218220975', '{\"en\":\"Dolorem.\"}', 47, 8, 1, 'Magnam numquam.', '{\"en\":\"Jorge Fay Sr.\"}', '715571916', '1043229800', '1355359104', '{\"en\":\"Minima.\"}', 7, 6, 2, 'Eius velit.', '2022-03-03 19:37:08', '2022-03-03 19:37:08'),
(296, 'jewel.doyle@example.com', '$2y$10$92IXUNpkjO0rOQ5byMi.Ye4oKoEa3Ro9llC/.og/at2.uheWG/igi', '{\"en\":\"Gillian Yundt PhD\"}', '818402661', '1174072799', '227452472', '{\"en\":\"Sed.\"}', 15, 8, 2, 'Doloremque quis in.', '{\"en\":\"Mr. Gideon Upton DDS\"}', '820868338', '587838444', '474671820', '{\"en\":\"Autem sit.\"}', 236, 8, 2, 'Placeat quibusdam.', '2022-03-03 19:37:08', '2022-03-03 19:37:08'),
(297, 'murray.alysa@example.com', '$2y$10$92IXUNpkjO0rOQ5byMi.Ye4oKoEa3Ro9llC/.og/at2.uheWG/igi', '{\"en\":\"Prof. Morton Toy I\"}', '1023443142', '1247918242', '2136352788', '{\"en\":\"Eos minus.\"}', 115, 1, 1, 'Omnis aut quidem.', '{\"en\":\"Orrin Parker PhD\"}', '77376666', '25208808', '518551114', '{\"en\":\"Et.\"}', 87, 6, 2, 'Corporis adipisci.', '2022-03-03 19:37:08', '2022-03-03 19:37:08'),
(298, 'michael.rutherford@example.org', '$2y$10$92IXUNpkjO0rOQ5byMi.Ye4oKoEa3Ro9llC/.og/at2.uheWG/igi', '{\"en\":\"Prof. Samara Kutch\"}', '702399151', '1692188634', '1265031988', '{\"en\":\"Quae.\"}', 230, 3, 1, 'Et amet est aut ea.', '{\"en\":\"Coby Jones Sr.\"}', '1497552041', '302248790', '1176642730', '{\"en\":\"Et quas.\"}', 142, 4, 2, 'Sit aliquam quia.', '2022-03-03 19:37:08', '2022-03-03 19:37:08'),
(299, 'bergstrom.cathy@example.net', '$2y$10$92IXUNpkjO0rOQ5byMi.Ye4oKoEa3Ro9llC/.og/at2.uheWG/igi', '{\"en\":\"Okey Becker\"}', '2125828181', '1107526472', '1732744734', '{\"en\":\"Qui ea.\"}', 13, 7, 1, 'A error.', '{\"en\":\"Dr. Gina Greenholt\"}', '301019148', '475708741', '2045018748', '{\"en\":\"Assumenda.\"}', 153, 1, 2, 'Molestiae sint enim.', '2022-03-03 19:37:08', '2022-03-03 19:37:08'),
(300, 'zgleichner@example.net', '$2y$10$92IXUNpkjO0rOQ5byMi.Ye4oKoEa3Ro9llC/.og/at2.uheWG/igi', '{\"en\":\"Prof. Frederick Ullrich Sr.\"}', '1581350347', '578775246', '779488574', '{\"en\":\"Minima.\"}', 189, 7, 2, 'Blanditiis beatae.', '{\"en\":\"Darron Olson\"}', '1816778347', '770252500', '1698266757', '{\"en\":\"Odio.\"}', 2, 2, 1, 'Rem incidunt.', '2022-03-03 19:37:08', '2022-03-03 19:37:08'),
(301, 'cole.leann@example.net', '$2y$10$92IXUNpkjO0rOQ5byMi.Ye4oKoEa3Ro9llC/.og/at2.uheWG/igi', '{\"en\":\"Bertrand Reichert I\"}', '179408372', '101782960', '827852183', '{\"en\":\"Est est.\"}', 26, 3, 1, 'Dolores unde sed in.', '{\"en\":\"Nasir Dicki\"}', '253846333', '765892456', '1017494603', '{\"en\":\"Et eum.\"}', 157, 6, 2, 'Quasi soluta.', '2022-03-03 19:37:08', '2022-03-03 19:37:08'),
(302, 'emmet01@example.org', '$2y$10$92IXUNpkjO0rOQ5byMi.Ye4oKoEa3Ro9llC/.og/at2.uheWG/igi', '{\"en\":\"Eusebio Kutch\"}', '1447435984', '2119826418', '1440435813', '{\"en\":\"Earum cum.\"}', 127, 1, 2, 'Et inventore ad.', '{\"en\":\"Mr. Lorenz Konopelski IV\"}', '1487993272', '1055130251', '834587037', '{\"en\":\"Deserunt.\"}', 55, 3, 2, 'Rem nemo.', '2022-03-03 19:37:08', '2022-03-03 19:37:08'),
(303, 'gutkowski.brielle@example.net', '$2y$10$92IXUNpkjO0rOQ5byMi.Ye4oKoEa3Ro9llC/.og/at2.uheWG/igi', '{\"en\":\"Reta Kshlerin\"}', '2067193556', '1986175937', '329945763', '{\"en\":\"Nulla.\"}', 67, 4, 2, 'Mollitia qui rem.', '{\"en\":\"Raymond Hermiston\"}', '393238601', '1514949704', '307041970', '{\"en\":\"Tenetur.\"}', 46, 8, 1, 'Perferendis ea quo.', '2022-03-03 19:37:08', '2022-03-03 19:37:08'),
(304, 'kacey.hirthe@example.com', '$2y$10$92IXUNpkjO0rOQ5byMi.Ye4oKoEa3Ro9llC/.og/at2.uheWG/igi', '{\"en\":\"Aisha Labadie\"}', '726273890', '684321398', '952618178', '{\"en\":\"Est dolor.\"}', 99, 2, 1, 'Corrupti magnam in.', '{\"en\":\"Eugenia Russel V\"}', '1849712973', '1915751069', '384118894', '{\"en\":\"Quidem.\"}', 138, 4, 2, 'Incidunt ut quaerat.', '2022-03-03 19:37:08', '2022-03-03 19:37:08'),
(305, 'jaylon.mcglynn@example.org', '$2y$10$92IXUNpkjO0rOQ5byMi.Ye4oKoEa3Ro9llC/.og/at2.uheWG/igi', '{\"en\":\"Dr. Cesar Hoeger\"}', '1275236978', '1726669287', '1057780037', '{\"en\":\"Et magnam.\"}', 44, 1, 1, 'Alias dolorum aut.', '{\"en\":\"Erika Daniel\"}', '1814343576', '1127995879', '343042245', '{\"en\":\"Vitae.\"}', 188, 8, 2, 'Dolorum cupiditate.', '2022-03-03 19:37:08', '2022-03-03 19:37:08'),
(306, 'leffler.owen@example.net', '$2y$10$92IXUNpkjO0rOQ5byMi.Ye4oKoEa3Ro9llC/.og/at2.uheWG/igi', '{\"en\":\"Mittie Jakubowski\"}', '2135595601', '446086400', '857660210', '{\"en\":\"Et et.\"}', 198, 1, 2, 'Dolorem sint et.', '{\"en\":\"Margarete Stamm\"}', '412399911', '349514787', '1082356465', '{\"en\":\"Aut.\"}', 123, 4, 2, 'Odit voluptas sunt.', '2022-03-03 19:37:08', '2022-03-03 19:37:08'),
(307, 'quigley.sydnee@example.net', '$2y$10$92IXUNpkjO0rOQ5byMi.Ye4oKoEa3Ro9llC/.og/at2.uheWG/igi', '{\"en\":\"Kylie Rau\"}', '1136299532', '597255762', '93190316', '{\"en\":\"Repellat.\"}', 36, 8, 1, 'Quod aut quis non.', '{\"en\":\"Frances Gutmann V\"}', '1832425550', '954271128', '1850210923', '{\"en\":\"Dolore.\"}', 228, 1, 1, 'Ad qui hic saepe.', '2022-03-03 19:37:08', '2022-03-03 19:37:08'),
(308, 'ritchie.giovani@example.net', '$2y$10$92IXUNpkjO0rOQ5byMi.Ye4oKoEa3Ro9llC/.og/at2.uheWG/igi', '{\"en\":\"Idell Casper\"}', '1397816671', '83186426', '274660361', '{\"en\":\"Aut.\"}', 49, 5, 1, 'Ipsam consequuntur.', '{\"en\":\"Jazmin Bins\"}', '1585140166', '1600699883', '1264694663', '{\"en\":\"Alias.\"}', 242, 7, 1, 'Nam ut mollitia.', '2022-03-03 19:37:12', '2022-03-03 19:37:12'),
(309, 'shaniya70@example.net', '$2y$10$92IXUNpkjO0rOQ5byMi.Ye4oKoEa3Ro9llC/.og/at2.uheWG/igi', '{\"en\":\"Cortney Turner\"}', '400604811', '506642917', '1775273780', '{\"en\":\"Ipsam.\"}', 185, 2, 2, 'Quia illum ut.', '{\"en\":\"Rebekah Windler\"}', '928135790', '1674147517', '765221963', '{\"en\":\"Vel.\"}', 132, 7, 1, 'Ducimus doloribus.', '2022-03-03 19:37:12', '2022-03-03 19:37:12'),
(310, 'boehm.columbus@example.org', '$2y$10$92IXUNpkjO0rOQ5byMi.Ye4oKoEa3Ro9llC/.og/at2.uheWG/igi', '{\"en\":\"Adrain Watsica\"}', '283933427', '1004019714', '5860434', '{\"en\":\"Ut.\"}', 130, 5, 1, 'In consequatur.', '{\"en\":\"Margaret Bayer\"}', '684150383', '1033590345', '1743568164', '{\"en\":\"Atque.\"}', 116, 1, 2, 'Ea explicabo enim.', '2022-03-03 19:37:12', '2022-03-03 19:37:12'),
(311, 'manuel.gutmann@example.net', '$2y$10$92IXUNpkjO0rOQ5byMi.Ye4oKoEa3Ro9llC/.og/at2.uheWG/igi', '{\"en\":\"Foster Stokes\"}', '1646964081', '312826512', '12363848', '{\"en\":\"Ea aut.\"}', 20, 5, 1, 'Minima unde.', '{\"en\":\"Einar Mayert\"}', '967528627', '1717469499', '532754466', '{\"en\":\"Ab.\"}', 71, 8, 2, 'Consequatur in in.', '2022-03-03 19:37:12', '2022-03-03 19:37:12'),
(312, 'jhessel@example.org', '$2y$10$92IXUNpkjO0rOQ5byMi.Ye4oKoEa3Ro9llC/.og/at2.uheWG/igi', '{\"en\":\"Braxton Hayes\"}', '2075805535', '501839210', '1615046478', '{\"en\":\"Sunt et.\"}', 132, 3, 1, 'Recusandae omnis.', '{\"en\":\"Addison Champlin I\"}', '1634363491', '357291295', '446916241', '{\"en\":\"Corrupti.\"}', 26, 7, 2, 'Nisi dolorem sed.', '2022-03-03 19:37:12', '2022-03-03 19:37:12'),
(313, 'annabel92@example.com', '$2y$10$92IXUNpkjO0rOQ5byMi.Ye4oKoEa3Ro9llC/.og/at2.uheWG/igi', '{\"en\":\"Paula Abshire\"}', '1325975416', '667439307', '586830093', '{\"en\":\"In est.\"}', 198, 1, 1, 'Provident.', '{\"en\":\"Mrs. Lizzie Kunde\"}', '422689793', '1222812910', '221046508', '{\"en\":\"Enim.\"}', 220, 3, 1, 'Aut doloremque.', '2022-03-03 19:37:12', '2022-03-03 19:37:12'),
(314, 'kdooley@example.org', '$2y$10$92IXUNpkjO0rOQ5byMi.Ye4oKoEa3Ro9llC/.og/at2.uheWG/igi', '{\"en\":\"Halle Heller\"}', '509991371', '852939706', '252984107', '{\"en\":\"Expedita.\"}', 63, 8, 2, 'Mollitia minima.', '{\"en\":\"Leonie Treutel\"}', '1693024627', '1712881706', '1069536932', '{\"en\":\"Quod vel.\"}', 221, 2, 2, 'Velit est sunt nisi.', '2022-03-03 19:37:12', '2022-03-03 19:37:12'),
(315, 'schoen.clemmie@example.com', '$2y$10$92IXUNpkjO0rOQ5byMi.Ye4oKoEa3Ro9llC/.og/at2.uheWG/igi', '{\"en\":\"Dr. Moriah Waelchi\"}', '1965242495', '1023386491', '590677018', '{\"en\":\"Sapiente.\"}', 195, 7, 1, 'Dicta ut quos.', '{\"en\":\"Dr. Korey Torp\"}', '701882427', '1443882993', '935235152', '{\"en\":\"Quae.\"}', 159, 3, 1, 'Qui quo sit aliquam.', '2022-03-03 19:37:12', '2022-03-03 19:37:12'),
(316, 'clotilde78@example.org', '$2y$10$92IXUNpkjO0rOQ5byMi.Ye4oKoEa3Ro9llC/.og/at2.uheWG/igi', '{\"en\":\"Mr. Mathias Murray III\"}', '1658887230', '1394143960', '306269478', '{\"en\":\"Aperiam.\"}', 124, 3, 2, 'Explicabo.', '{\"en\":\"Erick Moen MD\"}', '1674950105', '727851460', '216181829', '{\"en\":\"Rerum.\"}', 199, 2, 1, 'Aut temporibus.', '2022-03-03 19:37:13', '2022-03-03 19:37:13'),
(317, 'cameron91@example.com', '$2y$10$92IXUNpkjO0rOQ5byMi.Ye4oKoEa3Ro9llC/.og/at2.uheWG/igi', '{\"en\":\"Prof. Khalid Botsford Jr.\"}', '2054819702', '1434441628', '1522649012', '{\"en\":\"Mollitia.\"}', 5, 2, 2, 'Alias porro in eos.', '{\"en\":\"Jerrell Kohler\"}', '627229366', '97907326', '1624229870', '{\"en\":\"Magni.\"}', 12, 5, 2, 'Fugit corporis vel.', '2022-03-03 19:37:13', '2022-03-03 19:37:13'),
(318, 'cwelch@example.com', '$2y$10$92IXUNpkjO0rOQ5byMi.Ye4oKoEa3Ro9llC/.og/at2.uheWG/igi', '{\"en\":\"Rosie Bernier\"}', '1101178852', '1540575347', '546329169', '{\"en\":\"Pariatur.\"}', 170, 1, 1, 'Eaque quod aperiam.', '{\"en\":\"Dr. Kole Hoppe PhD\"}', '1536856201', '1099151615', '1413408600', '{\"en\":\"Ipsum id.\"}', 71, 4, 2, 'Veritatis natus.', '2022-03-03 19:37:13', '2022-03-03 19:37:13'),
(319, 'rasheed.kohler@example.com', '$2y$10$92IXUNpkjO0rOQ5byMi.Ye4oKoEa3Ro9llC/.og/at2.uheWG/igi', '{\"en\":\"Ethel Roob\"}', '715766190', '1097366277', '733750347', '{\"en\":\"Qui.\"}', 103, 3, 2, 'Accusantium et esse.', '{\"en\":\"Edgardo Thompson\"}', '155552167', '1612233535', '1846242025', '{\"en\":\"Eveniet.\"}', 240, 5, 1, 'Dolorem deserunt.', '2022-03-03 19:37:13', '2022-03-03 19:37:13'),
(320, 'winfield85@example.com', '$2y$10$92IXUNpkjO0rOQ5byMi.Ye4oKoEa3Ro9llC/.og/at2.uheWG/igi', '{\"en\":\"Miss Virginie Bode PhD\"}', '1475130872', '617846425', '1009822531', '{\"en\":\"Explicabo.\"}', 237, 2, 1, 'Non odit.', '{\"en\":\"Litzy Zboncak Jr.\"}', '1258238772', '1582595344', '876632721', '{\"en\":\"Voluptas.\"}', 26, 4, 2, 'Quas molestias.', '2022-03-03 19:37:13', '2022-03-03 19:37:13'),
(321, 'elvie.kuhn@example.org', '$2y$10$92IXUNpkjO0rOQ5byMi.Ye4oKoEa3Ro9llC/.og/at2.uheWG/igi', '{\"en\":\"Dr. Lilly Collins PhD\"}', '1741099967', '73335586', '1321495891', '{\"en\":\"Eaque.\"}', 54, 7, 2, 'Ipsam atque qui in.', '{\"en\":\"Dr. Erling Halvorson\"}', '1479063194', '2074036426', '2090540110', '{\"en\":\"Eligendi.\"}', 206, 6, 2, 'Ut maxime enim.', '2022-03-03 19:37:13', '2022-03-03 19:37:13'),
(322, 'houston00@example.com', '$2y$10$92IXUNpkjO0rOQ5byMi.Ye4oKoEa3Ro9llC/.og/at2.uheWG/igi', '{\"en\":\"Annamarie Hudson\"}', '351953322', '1109733135', '1301314492', '{\"en\":\"Corporis.\"}', 32, 3, 2, 'Libero corporis.', '{\"en\":\"Dino Koelpin\"}', '2088410738', '875001980', '261368357', '{\"en\":\"Vel.\"}', 244, 3, 2, 'Omnis quia.', '2022-03-03 19:37:13', '2022-03-03 19:37:13'),
(323, 'rosenbaum.darwin@example.org', '$2y$10$92IXUNpkjO0rOQ5byMi.Ye4oKoEa3Ro9llC/.og/at2.uheWG/igi', '{\"en\":\"Madelyn Torp\"}', '398524142', '1611917887', '1824042116', '{\"en\":\"Mollitia.\"}', 69, 6, 2, 'Consequatur est.', '{\"en\":\"Prof. Luciano Wintheiser DDS\"}', '1652060727', '1161053047', '90306095', '{\"en\":\"Tempora.\"}', 145, 4, 1, 'Culpa sit itaque.', '2022-03-03 19:37:13', '2022-03-03 19:37:13'),
(324, 'tkreiger@example.com', '$2y$10$92IXUNpkjO0rOQ5byMi.Ye4oKoEa3Ro9llC/.og/at2.uheWG/igi', '{\"en\":\"Cynthia Heidenreich\"}', '804835076', '987858036', '1065642920', '{\"en\":\"Explicabo.\"}', 64, 6, 1, 'Animi tempora.', '{\"en\":\"Guillermo Lubowitz II\"}', '442750903', '651553312', '761704278', '{\"en\":\"Totam.\"}', 149, 3, 1, 'Atque voluptatibus.', '2022-03-03 19:37:13', '2022-03-03 19:37:13'),
(325, 'farrell.mazie@example.net', '$2y$10$92IXUNpkjO0rOQ5byMi.Ye4oKoEa3Ro9llC/.og/at2.uheWG/igi', '{\"en\":\"Moriah Lehner\"}', '1522113142', '900575369', '765473333', '{\"en\":\"Sapiente.\"}', 232, 2, 1, 'Enim expedita.', '{\"en\":\"Dr. Pauline Satterfield\"}', '852774456', '496343335', '172743625', '{\"en\":\"Rerum nam.\"}', 87, 6, 1, 'Corporis distinctio.', '2022-03-03 19:37:13', '2022-03-03 19:37:13'),
(326, 'jacobi.leda@example.net', '$2y$10$92IXUNpkjO0rOQ5byMi.Ye4oKoEa3Ro9llC/.og/at2.uheWG/igi', '{\"en\":\"Melany Block\"}', '226621433', '151931778', '482141047', '{\"en\":\"Ipsa sunt.\"}', 153, 4, 1, 'Architecto expedita.', '{\"en\":\"Ransom Marquardt\"}', '1190984957', '1396059968', '1353684984', '{\"en\":\"Nobis.\"}', 183, 7, 2, 'Mollitia delectus.', '2022-03-03 19:37:13', '2022-03-03 19:37:13'),
(327, 'zschumm@example.com', '$2y$10$92IXUNpkjO0rOQ5byMi.Ye4oKoEa3Ro9llC/.og/at2.uheWG/igi', '{\"en\":\"Sandra Hagenes\"}', '1356955932', '2017942447', '2080345347', '{\"en\":\"Eos.\"}', 133, 2, 2, 'Et porro autem.', '{\"en\":\"Prof. Mozelle Donnelly MD\"}', '2078338515', '1694847233', '424751266', '{\"en\":\"Tempore.\"}', 225, 7, 2, 'Fugiat voluptatem.', '2022-03-03 19:37:13', '2022-03-03 19:37:13'),
(328, 'nelson.kautzer@example.com', '$2y$10$92IXUNpkjO0rOQ5byMi.Ye4oKoEa3Ro9llC/.og/at2.uheWG/igi', '{\"en\":\"Deshawn Wisoky\"}', '1027665107', '379370409', '989300710', '{\"en\":\"Ex quis.\"}', 7, 1, 1, 'Qui aut omnis.', '{\"en\":\"Wilhelm Heaney\"}', '1567260204', '1905546825', '1326040514', '{\"en\":\"Nostrum.\"}', 57, 1, 2, 'Minima quaerat sunt.', '2022-03-03 19:37:13', '2022-03-03 19:37:13'),
(329, 'allan.yundt@example.org', '$2y$10$92IXUNpkjO0rOQ5byMi.Ye4oKoEa3Ro9llC/.og/at2.uheWG/igi', '{\"en\":\"Lera Bernhard\"}', '1157597291', '1138072756', '1718720906', '{\"en\":\"Quis.\"}', 219, 8, 2, 'Dolor excepturi.', '{\"en\":\"Remington Towne\"}', '23848061', '500309466', '617363759', '{\"en\":\"Qui.\"}', 195, 8, 2, 'Minus id harum id.', '2022-03-03 19:37:13', '2022-03-03 19:37:13'),
(330, 'sprohaska@example.com', '$2y$10$92IXUNpkjO0rOQ5byMi.Ye4oKoEa3Ro9llC/.og/at2.uheWG/igi', '{\"en\":\"Eliezer Robel\"}', '1363702709', '124815913', '1187795569', '{\"en\":\"Unde ut.\"}', 114, 7, 1, 'Laudantium dolorem.', '{\"en\":\"Maximus Bergstrom\"}', '969195573', '458537215', '1326140904', '{\"en\":\"Debitis.\"}', 73, 3, 1, 'Qui nihil est non.', '2022-03-03 19:37:13', '2022-03-03 19:37:13'),
(331, 'dixie.powlowski@example.com', '$2y$10$92IXUNpkjO0rOQ5byMi.Ye4oKoEa3Ro9llC/.og/at2.uheWG/igi', '{\"en\":\"Jorge Yundt IV\"}', '116438791', '237253548', '1223536224', '{\"en\":\"Ipsa.\"}', 30, 8, 1, 'Deleniti vel quo.', '{\"en\":\"Ahmad Kassulke\"}', '468998304', '1962564533', '77514804', '{\"en\":\"Corporis.\"}', 94, 2, 2, 'Similique hic quas.', '2022-03-03 19:37:13', '2022-03-03 19:37:13'),
(332, 'boehm.fritz@example.com', '$2y$10$92IXUNpkjO0rOQ5byMi.Ye4oKoEa3Ro9llC/.og/at2.uheWG/igi', '{\"en\":\"Layne Sauer\"}', '1018390588', '1155357477', '504471918', '{\"en\":\"Aliquam.\"}', 99, 5, 1, 'Vel placeat aut.', '{\"en\":\"Dr. Milford Ledner\"}', '2067637827', '2070078868', '1963136069', '{\"en\":\"Dolorem.\"}', 222, 1, 1, 'Omnis et ut autem.', '2022-03-03 19:37:13', '2022-03-03 19:37:13'),
(333, 'nicolas.aurelio@example.com', '$2y$10$92IXUNpkjO0rOQ5byMi.Ye4oKoEa3Ro9llC/.og/at2.uheWG/igi', '{\"en\":\"Cleora Gerlach\"}', '1607454346', '1113058872', '1871346180', '{\"en\":\"Est.\"}', 182, 7, 1, 'Velit est facilis.', '{\"en\":\"Karen Hauck\"}', '882279772', '1106511236', '582551017', '{\"en\":\"Rem ut.\"}', 94, 1, 1, 'Et maxime.', '2022-03-03 19:37:13', '2022-03-03 19:37:13'),
(334, 'collier.amie@example.com', '$2y$10$92IXUNpkjO0rOQ5byMi.Ye4oKoEa3Ro9llC/.og/at2.uheWG/igi', '{\"en\":\"Dr. Gonzalo Windler II\"}', '2099667051', '1510440568', '1390495132', '{\"en\":\"Sint.\"}', 146, 5, 2, 'Molestiae aliquid.', '{\"en\":\"Mr. Kelton Jacobs MD\"}', '379302127', '642722293', '648674859', '{\"en\":\"Rerum.\"}', 233, 5, 2, 'Et omnis architecto.', '2022-03-03 19:37:13', '2022-03-03 19:37:13'),
(335, 'lou.homenick@example.org', '$2y$10$92IXUNpkjO0rOQ5byMi.Ye4oKoEa3Ro9llC/.og/at2.uheWG/igi', '{\"en\":\"Ms. Rita Harber\"}', '1165562087', '1778986793', '461684401', '{\"en\":\"Delectus.\"}', 6, 2, 1, 'Perferendis aliquid.', '{\"en\":\"Deja Dach\"}', '521267425', '753798772', '765568234', '{\"en\":\"Sed.\"}', 235, 1, 1, 'Nisi non doloribus.', '2022-03-03 19:37:13', '2022-03-03 19:37:13'),
(336, 'jacey.franecki@example.com', '$2y$10$92IXUNpkjO0rOQ5byMi.Ye4oKoEa3Ro9llC/.og/at2.uheWG/igi', '{\"en\":\"Ms. Jennyfer Considine DVM\"}', '1412395067', '836706545', '1655070013', '{\"en\":\"Aut.\"}', 233, 5, 1, 'Quasi vel.', '{\"en\":\"Prof. Janae Sipes Sr.\"}', '2064448281', '272694831', '1920620966', '{\"en\":\"Enim est.\"}', 154, 5, 2, 'Voluptatibus.', '2022-03-03 19:37:13', '2022-03-03 19:37:13'),
(337, 'mortimer84@example.net', '$2y$10$92IXUNpkjO0rOQ5byMi.Ye4oKoEa3Ro9llC/.og/at2.uheWG/igi', '{\"en\":\"Weston Lind\"}', '1569248520', '929732708', '1103186260', '{\"en\":\"Qui.\"}', 55, 4, 1, 'Sunt blanditiis.', '{\"en\":\"Keagan Jenkins\"}', '1591119515', '30784190', '90127741', '{\"en\":\"Quo et.\"}', 230, 7, 1, 'Aliquam accusamus.', '2022-03-03 19:37:13', '2022-03-03 19:37:13'),
(338, 'schamberger.alexzander@example.org', '$2y$10$92IXUNpkjO0rOQ5byMi.Ye4oKoEa3Ro9llC/.og/at2.uheWG/igi', '{\"en\":\"Mrs. Stefanie Schneider\"}', '1973624236', '1492425907', '1325520490', '{\"en\":\"Qui quas.\"}', 56, 7, 2, 'Dolores enim esse.', '{\"en\":\"Trace Keeling\"}', '186508328', '1514836837', '582910328', '{\"en\":\"Rem aut.\"}', 184, 7, 2, 'Cumque fugiat.', '2022-03-03 19:37:13', '2022-03-03 19:37:13'),
(339, 'jessy.prosacco@example.org', '$2y$10$92IXUNpkjO0rOQ5byMi.Ye4oKoEa3Ro9llC/.og/at2.uheWG/igi', '{\"en\":\"Zane Hyatt\"}', '1016300524', '1461605581', '450623861', '{\"en\":\"Ullam.\"}', 24, 6, 1, 'Vel asperiores.', '{\"en\":\"Stanton Kuhlman\"}', '758979541', '1116938975', '3244763', '{\"en\":\"Quos eum.\"}', 83, 2, 2, 'Quis ducimus labore.', '2022-03-03 19:37:13', '2022-03-03 19:37:13'),
(340, 'vbauch@example.net', '$2y$10$92IXUNpkjO0rOQ5byMi.Ye4oKoEa3Ro9llC/.og/at2.uheWG/igi', '{\"en\":\"Irwin Barrows PhD\"}', '28623567', '700022630', '415401637', '{\"en\":\"Sed ut.\"}', 237, 3, 2, 'Deserunt officiis.', '{\"en\":\"Mrs. Hertha Leannon Sr.\"}', '1930048146', '248659907', '730235352', '{\"en\":\"Minima.\"}', 124, 5, 2, 'Accusantium.', '2022-03-03 19:37:13', '2022-03-03 19:37:13'),
(341, 'prohaska.alexys@example.net', '$2y$10$92IXUNpkjO0rOQ5byMi.Ye4oKoEa3Ro9llC/.og/at2.uheWG/igi', '{\"en\":\"Bradford Hauck\"}', '253933157', '1494834163', '1607980995', '{\"en\":\"Sit ea.\"}', 70, 3, 2, 'Repudiandae.', '{\"en\":\"Melissa Schinner\"}', '694630159', '19732074', '201933755', '{\"en\":\"Quos esse.\"}', 131, 4, 2, 'Voluptatem.', '2022-03-03 19:37:14', '2022-03-03 19:37:14'),
(342, 'elian03@example.net', '$2y$10$92IXUNpkjO0rOQ5byMi.Ye4oKoEa3Ro9llC/.og/at2.uheWG/igi', '{\"en\":\"Emmy Labadie\"}', '269205214', '1204089544', '1918189780', '{\"en\":\"Totam.\"}', 156, 2, 1, 'Rem facilis sit.', '{\"en\":\"Prof. Domingo Aufderhar IV\"}', '751313037', '291928903', '1512400811', '{\"en\":\"Est quod.\"}', 96, 7, 1, 'Hic quibusdam ut.', '2022-03-03 19:37:14', '2022-03-03 19:37:14'),
(343, 'jayda.stamm@example.org', '$2y$10$92IXUNpkjO0rOQ5byMi.Ye4oKoEa3Ro9llC/.og/at2.uheWG/igi', '{\"en\":\"Josh O\'Conner\"}', '657545442', '1369973432', '1212923518', '{\"en\":\"Ad.\"}', 111, 3, 2, 'Magni aut eum quo.', '{\"en\":\"Harrison Kuvalis IV\"}', '602188168', '1837939668', '1861627670', '{\"en\":\"Veritatis.\"}', 132, 8, 1, 'Dolorem cum et sit.', '2022-03-03 19:37:14', '2022-03-03 19:37:14'),
(344, 'wunsch.natalie@example.net', '$2y$10$92IXUNpkjO0rOQ5byMi.Ye4oKoEa3Ro9llC/.og/at2.uheWG/igi', '{\"en\":\"Wiley Fisher\"}', '1072171910', '1909608535', '1907499622', '{\"en\":\"Sint enim.\"}', 23, 8, 2, 'Et ea aut harum et.', '{\"en\":\"Desmond Hamill\"}', '1738165005', '1693862164', '1235050996', '{\"en\":\"Aut.\"}', 209, 2, 1, 'Doloribus.', '2022-03-03 19:37:14', '2022-03-03 19:37:14'),
(345, 'becker.ted@example.com', '$2y$10$92IXUNpkjO0rOQ5byMi.Ye4oKoEa3Ro9llC/.og/at2.uheWG/igi', '{\"en\":\"Teresa Wiegand\"}', '284770107', '866297123', '802559507', '{\"en\":\"Eaque.\"}', 115, 3, 2, 'Nobis optio aut qui.', '{\"en\":\"Dulce Jaskolski\"}', '520090601', '1978136303', '269407329', '{\"en\":\"Ut.\"}', 44, 3, 2, 'Incidunt non beatae.', '2022-03-03 19:37:14', '2022-03-03 19:37:14'),
(346, 'aeichmann@example.net', '$2y$10$92IXUNpkjO0rOQ5byMi.Ye4oKoEa3Ro9llC/.og/at2.uheWG/igi', '{\"en\":\"Albina Schuppe III\"}', '2017458759', '1644403527', '2015751721', '{\"en\":\"Impedit.\"}', 151, 8, 1, 'Neque quod nisi.', '{\"en\":\"Selina Boyle DDS\"}', '864923345', '753680318', '880490601', '{\"en\":\"Et a.\"}', 179, 6, 2, 'Accusantium.', '2022-03-03 19:37:14', '2022-03-03 19:37:14'),
(347, 'ohuels@example.org', '$2y$10$92IXUNpkjO0rOQ5byMi.Ye4oKoEa3Ro9llC/.og/at2.uheWG/igi', '{\"en\":\"Mr. Keanu Bergstrom\"}', '77022043', '1928563034', '264406995', '{\"en\":\"Est.\"}', 54, 7, 2, 'Rem rerum.', '{\"en\":\"Dr. Ericka Crooks\"}', '1313635801', '1880929405', '1212842361', '{\"en\":\"Officiis.\"}', 186, 7, 1, 'Mollitia ex.', '2022-03-03 19:37:14', '2022-03-03 19:37:14'),
(348, 'gwunsch@example.com', '$2y$10$92IXUNpkjO0rOQ5byMi.Ye4oKoEa3Ro9llC/.og/at2.uheWG/igi', '{\"en\":\"Elise Klocko\"}', '2039140439', '1643704805', '1024826389', '{\"en\":\"Dolorem.\"}', 225, 2, 2, 'Nobis magni vitae.', '{\"en\":\"Talon Upton\"}', '226940309', '379363928', '1641451048', '{\"en\":\"Quae vero.\"}', 234, 1, 1, 'Odio facilis et.', '2022-03-03 19:37:14', '2022-03-03 19:37:14'),
(349, 'delta77@example.org', '$2y$10$92IXUNpkjO0rOQ5byMi.Ye4oKoEa3Ro9llC/.og/at2.uheWG/igi', '{\"en\":\"Carmelo Labadie\"}', '1358570150', '1595333599', '1157229051', '{\"en\":\"Ducimus.\"}', 11, 5, 2, 'Qui esse autem ab.', '{\"en\":\"Elmo Rohan\"}', '1560511997', '1519672889', '431356724', '{\"en\":\"Omnis sed.\"}', 71, 1, 2, 'Sapiente corrupti.', '2022-03-03 19:37:14', '2022-03-03 19:37:14'),
(350, 'maureen49@example.org', '$2y$10$92IXUNpkjO0rOQ5byMi.Ye4oKoEa3Ro9llC/.og/at2.uheWG/igi', '{\"en\":\"Maxie Ryan PhD\"}', '1535005779', '2108337667', '750584908', '{\"en\":\"Possimus.\"}', 189, 3, 1, 'Consequatur est.', '{\"en\":\"Dr. Aurelie Kiehn\"}', '1744370895', '1993030934', '1011545612', '{\"en\":\"Sint nam.\"}', 232, 5, 1, 'Illum qui excepturi.', '2022-03-03 19:37:14', '2022-03-03 19:37:14'),
(351, 'turner.greyson@example.net', '$2y$10$92IXUNpkjO0rOQ5byMi.Ye4oKoEa3Ro9llC/.og/at2.uheWG/igi', '{\"en\":\"Imani Oberbrunner\"}', '484507654', '1523122596', '1614454622', '{\"en\":\"Ipsum est.\"}', 60, 4, 2, 'Eveniet ea quidem.', '{\"en\":\"Monserrat Quitzon PhD\"}', '940368134', '1241965109', '679053204', '{\"en\":\"Nostrum.\"}', 148, 2, 1, 'Voluptates omnis.', '2022-03-03 19:37:14', '2022-03-03 19:37:14'),
(352, 'abernathy.bo@example.com', '$2y$10$92IXUNpkjO0rOQ5byMi.Ye4oKoEa3Ro9llC/.og/at2.uheWG/igi', '{\"en\":\"Miss Pauline Reichel\"}', '990834170', '238705620', '340790855', '{\"en\":\"Ducimus.\"}', 3, 5, 2, 'Nobis dolor.', '{\"en\":\"Ludie Beer\"}', '68580596', '1969465244', '871300873', '{\"en\":\"Voluptas.\"}', 52, 2, 2, 'Velit eius atque et.', '2022-03-03 19:37:14', '2022-03-03 19:37:14'),
(353, 'vernice65@example.net', '$2y$10$92IXUNpkjO0rOQ5byMi.Ye4oKoEa3Ro9llC/.og/at2.uheWG/igi', '{\"en\":\"Mr. Elian Von\"}', '1258891373', '825104846', '1747251435', '{\"en\":\"Esse.\"}', 30, 8, 2, 'Autem minus fuga.', '{\"en\":\"Dixie Hackett\"}', '2004271934', '583540459', '287081137', '{\"en\":\"Quidem.\"}', 137, 7, 2, 'Asperiores ut dicta.', '2022-03-03 19:37:14', '2022-03-03 19:37:14'),
(354, 'jed15@example.net', '$2y$10$92IXUNpkjO0rOQ5byMi.Ye4oKoEa3Ro9llC/.og/at2.uheWG/igi', '{\"en\":\"Erna Walter\"}', '1335173484', '244915344', '1276710885', '{\"en\":\"Dolorem.\"}', 150, 7, 1, 'Molestiae.', '{\"en\":\"Julianne Kirlin\"}', '64352301', '1299562333', '2131549835', '{\"en\":\"Non.\"}', 227, 8, 1, 'Qui officiis.', '2022-03-03 19:37:14', '2022-03-03 19:37:14'),
(355, 'alivia20@example.com', '$2y$10$92IXUNpkjO0rOQ5byMi.Ye4oKoEa3Ro9llC/.og/at2.uheWG/igi', '{\"en\":\"Julie Doyle\"}', '548693005', '287033042', '2045630377', '{\"en\":\"Possimus.\"}', 65, 3, 1, 'Nihil sunt.', '{\"en\":\"Helga Rempel\"}', '1548396426', '1179897083', '2033003866', '{\"en\":\"Fugit.\"}', 122, 6, 2, 'Praesentium ad.', '2022-03-03 19:37:14', '2022-03-03 19:37:14'),
(356, 'vdenesik@example.com', '$2y$10$92IXUNpkjO0rOQ5byMi.Ye4oKoEa3Ro9llC/.og/at2.uheWG/igi', '{\"en\":\"Kenny Leffler\"}', '1265273907', '937773854', '1651342637', '{\"en\":\"Qui et.\"}', 71, 4, 2, 'Eum molestias ut.', '{\"en\":\"Ryder Balistreri\"}', '888630781', '637786688', '780343527', '{\"en\":\"Illo.\"}', 19, 6, 2, 'Nemo perferendis.', '2022-03-03 19:37:14', '2022-03-03 19:37:14'),
(357, 'ffritsch@example.org', '$2y$10$92IXUNpkjO0rOQ5byMi.Ye4oKoEa3Ro9llC/.og/at2.uheWG/igi', '{\"en\":\"Dr. Donny Kerluke\"}', '1382886594', '90557682', '924777381', '{\"en\":\"Sint ipsa.\"}', 131, 7, 1, 'Est expedita maxime.', '{\"en\":\"Bryce Schulist\"}', '495798152', '680491259', '629018949', '{\"en\":\"Neque.\"}', 179, 6, 2, 'Magnam amet.', '2022-03-03 19:37:14', '2022-03-03 19:37:14'),
(358, 'ydonnelly@example.org', '$2y$10$92IXUNpkjO0rOQ5byMi.Ye4oKoEa3Ro9llC/.og/at2.uheWG/igi', '{\"en\":\"Edd Sanford\"}', '25525740', '1487373939', '305578068', '{\"en\":\"Deleniti.\"}', 122, 5, 2, 'Distinctio.', '{\"en\":\"Prof. Leonel Nikolaus MD\"}', '111313666', '1473236964', '1943134997', '{\"en\":\"Quisquam.\"}', 193, 6, 1, 'Non quae fugit.', '2022-03-03 19:37:14', '2022-03-03 19:37:14'),
(359, 'nicolas.pansy@example.net', '$2y$10$92IXUNpkjO0rOQ5byMi.Ye4oKoEa3Ro9llC/.og/at2.uheWG/igi', '{\"en\":\"Rosemary Ledner\"}', '473837641', '2061570783', '1959943686', '{\"en\":\"Quis.\"}', 122, 3, 1, 'Sit vel deserunt.', '{\"en\":\"Lavinia O\'Kon\"}', '652800639', '1191513512', '624049983', '{\"en\":\"Eum.\"}', 190, 6, 1, 'Deserunt ut error.', '2022-03-03 19:37:14', '2022-03-03 19:37:14'),
(360, 'lehner.delaney@example.org', '$2y$10$92IXUNpkjO0rOQ5byMi.Ye4oKoEa3Ro9llC/.og/at2.uheWG/igi', '{\"en\":\"Jaime Kilback\"}', '1981624595', '1155310177', '1377287525', '{\"en\":\"Velit et.\"}', 85, 8, 1, 'Consequuntur.', '{\"en\":\"Timmothy Metz\"}', '152086304', '1113740686', '1757445177', '{\"en\":\"Neque ut.\"}', 139, 8, 2, 'Hic fugit incidunt.', '2022-03-03 19:37:14', '2022-03-03 19:37:14'),
(361, 'xbernhard@example.net', '$2y$10$92IXUNpkjO0rOQ5byMi.Ye4oKoEa3Ro9llC/.og/at2.uheWG/igi', '{\"en\":\"Lora Cartwright\"}', '1761387361', '587075003', '352985215', '{\"en\":\"Occaecati.\"}', 105, 1, 2, 'Molestiae.', '{\"en\":\"Charity Witting\"}', '305644483', '1732422875', '399570070', '{\"en\":\"Pariatur.\"}', 126, 2, 1, 'Nam quas doloremque.', '2022-03-03 19:37:14', '2022-03-03 19:37:14'),
(362, 'ian03@example.com', '$2y$10$92IXUNpkjO0rOQ5byMi.Ye4oKoEa3Ro9llC/.og/at2.uheWG/igi', '{\"en\":\"Broderick Orn\"}', '267446381', '2095302336', '1475948099', '{\"en\":\"Ducimus.\"}', 154, 8, 2, 'Impedit quia.', '{\"en\":\"Carmelo Lehner\"}', '1421096309', '838030076', '1605263233', '{\"en\":\"Id sed.\"}', 224, 4, 2, 'Eveniet possimus.', '2022-03-03 19:37:14', '2022-03-03 19:37:14'),
(363, 'suzanne11@example.net', '$2y$10$92IXUNpkjO0rOQ5byMi.Ye4oKoEa3Ro9llC/.og/at2.uheWG/igi', '{\"en\":\"Verona Trantow DDS\"}', '1975473608', '1516270209', '426621171', '{\"en\":\"Assumenda.\"}', 145, 1, 2, 'Adipisci.', '{\"en\":\"Prof. Zachariah Ferry I\"}', '1194040944', '1993024826', '1246437971', '{\"en\":\"Aut.\"}', 111, 7, 2, 'Culpa tenetur.', '2022-03-03 19:37:14', '2022-03-03 19:37:14'),
(364, 'abe90@example.com', '$2y$10$92IXUNpkjO0rOQ5byMi.Ye4oKoEa3Ro9llC/.og/at2.uheWG/igi', '{\"en\":\"Sharon Marks\"}', '1948809992', '378810701', '514522915', '{\"en\":\"Impedit.\"}', 210, 6, 1, 'Ut corrupti aut.', '{\"en\":\"Keyshawn McDermott\"}', '881452844', '110963959', '227609856', '{\"en\":\"Qui.\"}', 194, 5, 2, 'Quasi est.', '2022-03-03 19:37:14', '2022-03-03 19:37:14'),
(365, 'hickle.kayleigh@example.net', '$2y$10$92IXUNpkjO0rOQ5byMi.Ye4oKoEa3Ro9llC/.og/at2.uheWG/igi', '{\"en\":\"Mr. Gay Bechtelar\"}', '121662124', '1807818560', '99159819', '{\"en\":\"Aut non.\"}', 68, 5, 1, 'Est et modi.', '{\"en\":\"Sandy Dibbert\"}', '2137154727', '44277875', '936750664', '{\"en\":\"Delectus.\"}', 229, 6, 1, 'Molestias ipsum.', '2022-03-03 19:37:14', '2022-03-03 19:37:14'),
(366, 'jenkins.dorcas@example.org', '$2y$10$92IXUNpkjO0rOQ5byMi.Ye4oKoEa3Ro9llC/.og/at2.uheWG/igi', '{\"en\":\"Eli Hessel\"}', '697760189', '1638913261', '1541924279', '{\"en\":\"Non.\"}', 61, 6, 2, 'Itaque a optio.', '{\"en\":\"Dr. Faye Crist IV\"}', '1178930137', '200111410', '456045609', '{\"en\":\"Tempore.\"}', 40, 1, 1, 'Dignissimos.', '2022-03-03 19:37:14', '2022-03-03 19:37:14'),
(367, 'padberg.van@example.com', '$2y$10$92IXUNpkjO0rOQ5byMi.Ye4oKoEa3Ro9llC/.og/at2.uheWG/igi', '{\"en\":\"Laury Cronin Sr.\"}', '1852250604', '557183068', '191642646', '{\"en\":\"Enim aut.\"}', 101, 4, 2, 'Blanditiis eveniet.', '{\"en\":\"Prof. Lewis Satterfield\"}', '1243033444', '218556553', '1378286690', '{\"en\":\"Ratione.\"}', 238, 6, 1, 'Qui quia sed et.', '2022-03-03 19:37:14', '2022-03-03 19:37:14'),
(368, 'vanessa.donnelly@example.com', '$2y$10$92IXUNpkjO0rOQ5byMi.Ye4oKoEa3Ro9llC/.og/at2.uheWG/igi', '{\"en\":\"Emanuel Wuckert\"}', '1979252608', '738515996', '2030605705', '{\"en\":\"Impedit.\"}', 88, 7, 1, 'Perferendis sed ut.', '{\"en\":\"Tad Ruecker\"}', '1732092148', '1123877615', '914884200', '{\"en\":\"Alias non.\"}', 9, 4, 1, 'Qui sunt cupiditate.', '2022-03-03 19:37:14', '2022-03-03 19:37:14'),
(369, 'gail91@example.org', '$2y$10$92IXUNpkjO0rOQ5byMi.Ye4oKoEa3Ro9llC/.og/at2.uheWG/igi', '{\"en\":\"Alessia Mitchell\"}', '1937101206', '55945673', '1759167258', '{\"en\":\"Quisquam.\"}', 168, 1, 2, 'Molestiae est est.', '{\"en\":\"Delphia Lang III\"}', '1515512572', '284087421', '1340909928', '{\"en\":\"Eligendi.\"}', 37, 3, 1, 'Aut nostrum odio.', '2022-03-03 19:37:14', '2022-03-03 19:37:14'),
(370, 'wilderman.lawrence@example.com', '$2y$10$92IXUNpkjO0rOQ5byMi.Ye4oKoEa3Ro9llC/.og/at2.uheWG/igi', '{\"en\":\"Garnet Wyman\"}', '938157841', '2137691430', '1241827828', '{\"en\":\"Quis sit.\"}', 54, 5, 1, 'Nulla ratione rerum.', '{\"en\":\"Ms. Herminia Quitzon I\"}', '2078611455', '384112038', '1563989903', '{\"en\":\"Nihil.\"}', 195, 3, 2, 'Iure enim commodi.', '2022-03-03 19:37:14', '2022-03-03 19:37:14');
INSERT INTO `guardians` (`id`, `email`, `password`, `name_father`, `national_id_father`, `passport_id_father`, `phone_father`, `job_father`, `nationality_father_id`, `blood_type_father_id`, `religion_father_id`, `address_father`, `name_mother`, `national_id_mother`, `passport_id_mother`, `phone_mother`, `job_mother`, `nationality_mother_id`, `blood_type_mother_id`, `religion_mother_id`, `address_mother`, `created_at`, `updated_at`) VALUES
(371, 'xframi@example.net', '$2y$10$92IXUNpkjO0rOQ5byMi.Ye4oKoEa3Ro9llC/.og/at2.uheWG/igi', '{\"en\":\"Malinda Erdman\"}', '1935464361', '2140173037', '1758496539', '{\"en\":\"Iste qui.\"}', 167, 7, 1, 'Sunt vel distinctio.', '{\"en\":\"Ms. Breana Medhurst I\"}', '1717646268', '722454824', '1773930041', '{\"en\":\"Debitis.\"}', 86, 2, 2, 'Non nihil et qui.', '2022-03-03 19:37:14', '2022-03-03 19:37:14'),
(372, 'bonita69@example.org', '$2y$10$92IXUNpkjO0rOQ5byMi.Ye4oKoEa3Ro9llC/.og/at2.uheWG/igi', '{\"en\":\"Missouri Friesen\"}', '595993219', '1539622175', '876662858', '{\"en\":\"Iste.\"}', 1, 7, 2, 'Soluta.', '{\"en\":\"Lura Funk\"}', '2035929755', '2097056856', '1829999883', '{\"en\":\"Adipisci.\"}', 181, 3, 1, 'Ipsum corrupti a at.', '2022-03-03 19:37:15', '2022-03-03 19:37:15'),
(373, 'qarmstrong@example.org', '$2y$10$92IXUNpkjO0rOQ5byMi.Ye4oKoEa3Ro9llC/.og/at2.uheWG/igi', '{\"en\":\"Dr. Milo Cummings\"}', '375050006', '135655182', '1675554478', '{\"en\":\"Et.\"}', 228, 6, 1, 'Exercitationem unde.', '{\"en\":\"Oma Marvin\"}', '1847935357', '570108875', '1026471334', '{\"en\":\"Qui.\"}', 198, 6, 2, 'Atque et adipisci.', '2022-03-03 19:37:15', '2022-03-03 19:37:15'),
(374, 'erica03@example.net', '$2y$10$92IXUNpkjO0rOQ5byMi.Ye4oKoEa3Ro9llC/.og/at2.uheWG/igi', '{\"en\":\"Dr. Genoveva Abshire\"}', '297027954', '1926715918', '1820125531', '{\"en\":\"Suscipit.\"}', 158, 1, 2, 'Quo aut eos itaque.', '{\"en\":\"Nettie Conroy\"}', '1026087990', '873576739', '1113677799', '{\"en\":\"Harum.\"}', 211, 5, 1, 'Illum rem placeat.', '2022-03-03 19:37:15', '2022-03-03 19:37:15'),
(375, 'xbeier@example.net', '$2y$10$92IXUNpkjO0rOQ5byMi.Ye4oKoEa3Ro9llC/.og/at2.uheWG/igi', '{\"en\":\"Dr. Bonita Murphy\"}', '1960391246', '1618136150', '1012058085', '{\"en\":\"Aut.\"}', 121, 4, 2, 'Exercitationem.', '{\"en\":\"Morton Kreiger\"}', '40758227', '44630855', '1293638093', '{\"en\":\"Tenetur.\"}', 76, 7, 2, 'Consequatur.', '2022-03-03 19:37:15', '2022-03-03 19:37:15'),
(376, 'bashirian.erik@example.net', '$2y$10$92IXUNpkjO0rOQ5byMi.Ye4oKoEa3Ro9llC/.og/at2.uheWG/igi', '{\"en\":\"Grady Lang\"}', '1235616257', '84580278', '190374483', '{\"en\":\"Eaque.\"}', 204, 6, 2, 'Aut voluptate aut.', '{\"en\":\"Mrs. Eugenia Grant V\"}', '829064861', '494581943', '1095296576', '{\"en\":\"Et.\"}', 16, 6, 1, 'Perferendis fugiat.', '2022-03-03 19:37:15', '2022-03-03 19:37:15'),
(377, 'braun.roosevelt@example.net', '$2y$10$92IXUNpkjO0rOQ5byMi.Ye4oKoEa3Ro9llC/.og/at2.uheWG/igi', '{\"en\":\"Clemmie Hansen\"}', '565405555', '921784691', '836792000', '{\"en\":\"Sint.\"}', 16, 7, 2, 'Odio beatae sit qui.', '{\"en\":\"Prof. Dina Lubowitz IV\"}', '1640169327', '801486367', '749121394', '{\"en\":\"Veniam ut.\"}', 60, 4, 1, 'In ex maxime.', '2022-03-03 19:37:15', '2022-03-03 19:37:15'),
(378, 'chandler.collins@example.org', '$2y$10$92IXUNpkjO0rOQ5byMi.Ye4oKoEa3Ro9llC/.og/at2.uheWG/igi', '{\"en\":\"Arlene Frami\"}', '668831381', '30729038', '1909818961', '{\"en\":\"Quos odio.\"}', 174, 8, 1, 'Qui a odit autem.', '{\"en\":\"Dr. Jamar O\'Kon DDS\"}', '2046603304', '1513928909', '1789047629', '{\"en\":\"Tempora.\"}', 127, 7, 2, 'Rerum recusandae ea.', '2022-03-03 19:37:15', '2022-03-03 19:37:15'),
(379, 'smorar@example.net', '$2y$10$92IXUNpkjO0rOQ5byMi.Ye4oKoEa3Ro9llC/.og/at2.uheWG/igi', '{\"en\":\"Prof. Harley Hyatt\"}', '892592377', '79737564', '1683746863', '{\"en\":\"Porro.\"}', 154, 6, 1, 'Officiis mollitia.', '{\"en\":\"Adella Torphy\"}', '202927616', '1335700810', '1301345937', '{\"en\":\"Rerum.\"}', 23, 3, 2, 'Sint hic sed veniam.', '2022-03-03 19:37:15', '2022-03-03 19:37:15'),
(380, 'klein.mya@example.net', '$2y$10$92IXUNpkjO0rOQ5byMi.Ye4oKoEa3Ro9llC/.og/at2.uheWG/igi', '{\"en\":\"Rodger Windler I\"}', '1755003910', '2008885171', '1603581361', '{\"en\":\"Nemo ea.\"}', 245, 1, 2, 'Autem ratione.', '{\"en\":\"Ericka Greenholt\"}', '1611449997', '660895541', '1695815587', '{\"en\":\"Unde.\"}', 210, 5, 1, 'Ut accusamus.', '2022-03-03 19:37:15', '2022-03-03 19:37:15'),
(381, 'fisher.abraham@example.org', '$2y$10$92IXUNpkjO0rOQ5byMi.Ye4oKoEa3Ro9llC/.og/at2.uheWG/igi', '{\"en\":\"Prof. Easter Doyle\"}', '549012610', '563726528', '840632564', '{\"en\":\"Assumenda.\"}', 232, 4, 2, 'Suscipit qui.', '{\"en\":\"Dr. Margot Hermiston\"}', '350987697', '1836872685', '2006714169', '{\"en\":\"Nemo.\"}', 34, 5, 1, 'Praesentium.', '2022-03-03 19:37:15', '2022-03-03 19:37:15'),
(382, 'reichert.michaela@example.net', '$2y$10$92IXUNpkjO0rOQ5byMi.Ye4oKoEa3Ro9llC/.og/at2.uheWG/igi', '{\"en\":\"Shayne Hagenes\"}', '299254614', '1799250682', '1126715683', '{\"en\":\"Saepe.\"}', 184, 4, 2, 'Eius voluptatem vel.', '{\"en\":\"Mr. Soledad Rice MD\"}', '2096440787', '292413474', '1415562935', '{\"en\":\"Saepe aut.\"}', 131, 6, 2, 'Aperiam culpa sunt.', '2022-03-03 19:37:15', '2022-03-03 19:37:15'),
(383, 'hilton.zulauf@example.org', '$2y$10$92IXUNpkjO0rOQ5byMi.Ye4oKoEa3Ro9llC/.og/at2.uheWG/igi', '{\"en\":\"Bethany West\"}', '1164876214', '1599949137', '593648870', '{\"en\":\"Et velit.\"}', 41, 5, 2, 'Dolor blanditiis.', '{\"en\":\"Mabelle Ledner\"}', '510217609', '1621048923', '629723087', '{\"en\":\"Doloribus.\"}', 151, 8, 1, 'Veritatis cum eum.', '2022-03-03 19:37:15', '2022-03-03 19:37:15'),
(384, 'wehner.cyrus@example.net', '$2y$10$92IXUNpkjO0rOQ5byMi.Ye4oKoEa3Ro9llC/.og/at2.uheWG/igi', '{\"en\":\"Mr. Lafayette Schuppe Sr.\"}', '1672659967', '1948186043', '864277788', '{\"en\":\"Dicta quo.\"}', 61, 5, 2, 'Sed et molestias.', '{\"en\":\"Casper Miller I\"}', '1599535940', '1926876212', '1944942293', '{\"en\":\"Ratione.\"}', 125, 3, 1, 'Qui quia et quia.', '2022-03-03 19:37:15', '2022-03-03 19:37:15'),
(385, 'simone45@example.com', '$2y$10$92IXUNpkjO0rOQ5byMi.Ye4oKoEa3Ro9llC/.og/at2.uheWG/igi', '{\"en\":\"Edythe Kuvalis\"}', '1971006629', '786094194', '1886865275', '{\"en\":\"Rerum.\"}', 139, 5, 2, 'Placeat possimus.', '{\"en\":\"Tessie Medhurst III\"}', '500484772', '299150903', '1490663306', '{\"en\":\"Omnis ea.\"}', 2, 1, 2, 'Iste porro omnis.', '2022-03-03 19:37:15', '2022-03-03 19:37:15'),
(386, 'powlowski.cierra@example.net', '$2y$10$92IXUNpkjO0rOQ5byMi.Ye4oKoEa3Ro9llC/.og/at2.uheWG/igi', '{\"en\":\"Reggie Jakubowski\"}', '1321943850', '1555456602', '2141860026', '{\"en\":\"Et culpa.\"}', 208, 3, 2, 'Est consequuntur.', '{\"en\":\"Vesta Hyatt\"}', '1134768325', '193983866', '317715425', '{\"en\":\"Rerum.\"}', 54, 1, 2, 'Cumque quisquam.', '2022-03-03 19:37:15', '2022-03-03 19:37:15'),
(387, 'tyreek.miller@example.org', '$2y$10$92IXUNpkjO0rOQ5byMi.Ye4oKoEa3Ro9llC/.og/at2.uheWG/igi', '{\"en\":\"Tianna Vandervort\"}', '276266239', '1651413674', '1137655695', '{\"en\":\"Eius.\"}', 70, 6, 1, 'Aut quasi id.', '{\"en\":\"Angelica Beier Jr.\"}', '1327129679', '495439885', '625669820', '{\"en\":\"Veritatis.\"}', 142, 7, 2, 'Repellat eum quia.', '2022-03-03 19:37:15', '2022-03-03 19:37:15'),
(388, 'conner.sipes@example.org', '$2y$10$92IXUNpkjO0rOQ5byMi.Ye4oKoEa3Ro9llC/.og/at2.uheWG/igi', '{\"en\":\"Wilfrid Price\"}', '1858778476', '441223333', '727217798', '{\"en\":\"Earum.\"}', 204, 2, 2, 'Voluptatum.', '{\"en\":\"Jaqueline Mertz\"}', '1031468320', '1781481132', '1337472554', '{\"en\":\"Nobis aut.\"}', 214, 7, 1, 'Harum sed aut ipsum.', '2022-03-03 19:37:15', '2022-03-03 19:37:15'),
(389, 'jayde89@example.com', '$2y$10$92IXUNpkjO0rOQ5byMi.Ye4oKoEa3Ro9llC/.og/at2.uheWG/igi', '{\"en\":\"Jakayla Nitzsche\"}', '449207305', '28659714', '1568223161', '{\"en\":\"Nemo.\"}', 5, 5, 1, 'Culpa sint cumque.', '{\"en\":\"Prof. Ricky Fisher\"}', '2095325493', '1212783709', '1827034829', '{\"en\":\"Cum.\"}', 129, 1, 2, 'Temporibus iste.', '2022-03-03 19:37:15', '2022-03-03 19:37:15'),
(390, 'garry.lemke@example.org', '$2y$10$92IXUNpkjO0rOQ5byMi.Ye4oKoEa3Ro9llC/.og/at2.uheWG/igi', '{\"en\":\"Kailyn Hickle\"}', '28667950', '1996675577', '445655709', '{\"en\":\"Quis et.\"}', 83, 2, 1, 'Quam quidem fugiat.', '{\"en\":\"Reyna Ziemann\"}', '1103230283', '1489444019', '1724509703', '{\"en\":\"Expedita.\"}', 184, 8, 1, 'Aut tempore.', '2022-03-03 19:37:15', '2022-03-03 19:37:15'),
(391, 'annetta07@example.net', '$2y$10$92IXUNpkjO0rOQ5byMi.Ye4oKoEa3Ro9llC/.og/at2.uheWG/igi', '{\"en\":\"Christian Wiza\"}', '627886264', '1801136578', '394039493', '{\"en\":\"Qui.\"}', 129, 2, 2, 'Vitae minima.', '{\"en\":\"Tressie Auer\"}', '528911857', '89649701', '527631110', '{\"en\":\"Unde ipsa.\"}', 22, 1, 1, 'Beatae sed nam.', '2022-03-03 19:37:15', '2022-03-03 19:37:15'),
(392, 'manley.hane@example.org', '$2y$10$92IXUNpkjO0rOQ5byMi.Ye4oKoEa3Ro9llC/.og/at2.uheWG/igi', '{\"en\":\"Alvis Shields PhD\"}', '688837317', '1218646687', '1095109074', '{\"en\":\"Sit.\"}', 168, 3, 1, 'Qui officiis rerum.', '{\"en\":\"Filomena Bailey III\"}', '1718174997', '1867786752', '614338279', '{\"en\":\"Ut nihil.\"}', 157, 2, 1, 'Voluptate.', '2022-03-03 19:37:15', '2022-03-03 19:37:15'),
(393, 'pbailey@example.org', '$2y$10$92IXUNpkjO0rOQ5byMi.Ye4oKoEa3Ro9llC/.og/at2.uheWG/igi', '{\"en\":\"Pinkie Orn\"}', '2071712726', '759013585', '2013909843', '{\"en\":\"Quaerat.\"}', 90, 5, 1, 'Ipsam magnam.', '{\"en\":\"Lurline Beatty\"}', '844480566', '1123658162', '422544489', '{\"en\":\"Qui.\"}', 107, 2, 2, 'Qui est fugit dolor.', '2022-03-03 19:37:15', '2022-03-03 19:37:15'),
(394, 'ureinger@example.com', '$2y$10$92IXUNpkjO0rOQ5byMi.Ye4oKoEa3Ro9llC/.og/at2.uheWG/igi', '{\"en\":\"Cara Kessler\"}', '186344664', '1019629816', '205037573', '{\"en\":\"Modi quis.\"}', 57, 4, 2, 'Qui aut autem.', '{\"en\":\"Marcus Prosacco\"}', '926052549', '1816937905', '716617808', '{\"en\":\"Id maxime.\"}', 200, 3, 2, 'Est debitis.', '2022-03-03 19:37:15', '2022-03-03 19:37:15'),
(395, 'pwillms@example.org', '$2y$10$92IXUNpkjO0rOQ5byMi.Ye4oKoEa3Ro9llC/.og/at2.uheWG/igi', '{\"en\":\"Laron Gaylord\"}', '1202009169', '703317481', '74474777', '{\"en\":\"In.\"}', 187, 3, 2, 'Corrupti quos sed.', '{\"en\":\"Stanton Stanton\"}', '906791936', '1254092583', '423055584', '{\"en\":\"Est quo.\"}', 59, 5, 1, 'Et eum veniam.', '2022-03-03 19:37:16', '2022-03-03 19:37:16'),
(396, 'joel.wyman@example.com', '$2y$10$92IXUNpkjO0rOQ5byMi.Ye4oKoEa3Ro9llC/.og/at2.uheWG/igi', '{\"en\":\"Keegan Borer\"}', '1471751678', '1937163762', '1545805601', '{\"en\":\"Dolores.\"}', 186, 8, 1, 'Necessitatibus.', '{\"en\":\"Sallie Mitchell\"}', '1320547214', '237419181', '1036994500', '{\"en\":\"Enim ab.\"}', 85, 4, 2, 'Atque laboriosam.', '2022-03-03 19:37:16', '2022-03-03 19:37:16'),
(397, 'morar.camila@example.net', '$2y$10$92IXUNpkjO0rOQ5byMi.Ye4oKoEa3Ro9llC/.og/at2.uheWG/igi', '{\"en\":\"Dr. Carlo Funk\"}', '1333114932', '383473872', '1294729952', '{\"en\":\"At.\"}', 123, 7, 2, 'Delectus fuga.', '{\"en\":\"Meta Von IV\"}', '815838981', '974448119', '1241806264', '{\"en\":\"Porro.\"}', 208, 6, 1, 'Possimus aut atque.', '2022-03-03 19:37:16', '2022-03-03 19:37:16'),
(398, 'strosin.susana@example.net', '$2y$10$92IXUNpkjO0rOQ5byMi.Ye4oKoEa3Ro9llC/.og/at2.uheWG/igi', '{\"en\":\"Ronaldo Tillman\"}', '436102820', '127955814', '1023413463', '{\"en\":\"Id.\"}', 209, 3, 1, 'Numquam ea sequi.', '{\"en\":\"Patience Bogan\"}', '982065666', '229103058', '1724991582', '{\"en\":\"Adipisci.\"}', 50, 2, 1, 'Ullam magnam et.', '2022-03-03 19:37:16', '2022-03-03 19:37:16'),
(399, 'thalia91@example.com', '$2y$10$92IXUNpkjO0rOQ5byMi.Ye4oKoEa3Ro9llC/.og/at2.uheWG/igi', '{\"en\":\"Dr. Alexandro Nader\"}', '11083405', '8469845', '1323361609', '{\"en\":\"Impedit.\"}', 32, 4, 2, 'Impedit et deleniti.', '{\"en\":\"Dr. Elenora Kris\"}', '1097312840', '321648763', '442117210', '{\"en\":\"Aut et.\"}', 87, 7, 2, 'Est ut adipisci.', '2022-03-03 19:37:16', '2022-03-03 19:37:16'),
(400, 'sebastian.schumm@example.com', '$2y$10$92IXUNpkjO0rOQ5byMi.Ye4oKoEa3Ro9llC/.og/at2.uheWG/igi', '{\"en\":\"Leatha Huels\"}', '382024002', '308049971', '1576190565', '{\"en\":\"Ut.\"}', 6, 3, 1, 'Beatae voluptatem.', '{\"en\":\"Yasmeen Gorczany\"}', '1748963038', '1611258710', '848721808', '{\"en\":\"Facilis.\"}', 215, 5, 2, 'Est natus.', '2022-03-03 19:37:16', '2022-03-03 19:37:16'),
(401, 'yfeest@example.org', '$2y$10$92IXUNpkjO0rOQ5byMi.Ye4oKoEa3Ro9llC/.og/at2.uheWG/igi', '{\"en\":\"Aisha Moen\"}', '1986707565', '202439991', '1215656411', '{\"en\":\"Aut id.\"}', 238, 2, 2, 'Enim consequuntur.', '{\"en\":\"Alfred Kozey DDS\"}', '979004685', '27927358', '1211572094', '{\"en\":\"Fuga.\"}', 156, 3, 2, 'Odit quae voluptas.', '2022-03-03 19:37:16', '2022-03-03 19:37:16'),
(402, 'ekiehn@example.com', '$2y$10$92IXUNpkjO0rOQ5byMi.Ye4oKoEa3Ro9llC/.og/at2.uheWG/igi', '{\"en\":\"Arielle Treutel V\"}', '1145820513', '576150523', '2063405808', '{\"en\":\"Eligendi.\"}', 18, 6, 2, 'Velit et rerum est.', '{\"en\":\"Rosalia Lebsack\"}', '1679143992', '1892830907', '1152441442', '{\"en\":\"Quo sed.\"}', 62, 4, 1, 'Similique velit.', '2022-03-03 19:37:16', '2022-03-03 19:37:16'),
(403, 'bruce53@example.org', '$2y$10$92IXUNpkjO0rOQ5byMi.Ye4oKoEa3Ro9llC/.og/at2.uheWG/igi', '{\"en\":\"Ms. Fanny Auer PhD\"}', '652132403', '1009985944', '1492205728', '{\"en\":\"A ea et.\"}', 155, 7, 2, 'Illo occaecati quo.', '{\"en\":\"Eusebio Mohr\"}', '888654388', '925053396', '829494272', '{\"en\":\"Et odit.\"}', 217, 1, 2, 'Architecto non.', '2022-03-03 19:37:16', '2022-03-03 19:37:16'),
(404, 'dortha.lowe@example.org', '$2y$10$92IXUNpkjO0rOQ5byMi.Ye4oKoEa3Ro9llC/.og/at2.uheWG/igi', '{\"en\":\"Coleman Kris\"}', '492170000', '605637918', '573840770', '{\"en\":\"Est nihil.\"}', 9, 3, 1, 'Neque autem.', '{\"en\":\"Prof. Myles Berge\"}', '1440543994', '1549362552', '375838952', '{\"en\":\"Aut optio.\"}', 136, 5, 2, 'Enim ipsam.', '2022-03-03 19:37:17', '2022-03-03 19:37:17'),
(405, 'kristin.crooks@example.com', '$2y$10$92IXUNpkjO0rOQ5byMi.Ye4oKoEa3Ro9llC/.og/at2.uheWG/igi', '{\"en\":\"Dr. Porter Johns\"}', '4698258', '1291923869', '505500883', '{\"en\":\"Dolor.\"}', 184, 2, 2, 'Quae doloribus.', '{\"en\":\"Eriberto Kemmer Sr.\"}', '2008285252', '2056134402', '744252536', '{\"en\":\"Culpa.\"}', 214, 5, 1, 'Et odio fugiat.', '2022-03-03 19:37:17', '2022-03-03 19:37:17'),
(406, 'ledner.roselyn@example.org', '$2y$10$92IXUNpkjO0rOQ5byMi.Ye4oKoEa3Ro9llC/.og/at2.uheWG/igi', '{\"en\":\"Oma Bernier\"}', '240170873', '1980248119', '521575313', '{\"en\":\"Eius in.\"}', 217, 4, 2, 'Laboriosam officia.', '{\"en\":\"Evelyn Kuvalis\"}', '852620649', '1482396887', '255005381', '{\"en\":\"Enim quam.\"}', 48, 7, 2, 'Consequatur minima.', '2022-03-03 19:37:17', '2022-03-03 19:37:17'),
(407, 'lowe.louie@example.net', '$2y$10$92IXUNpkjO0rOQ5byMi.Ye4oKoEa3Ro9llC/.og/at2.uheWG/igi', '{\"en\":\"Manley Bogan\"}', '1572715822', '1497576046', '1274822642', '{\"en\":\"Placeat.\"}', 244, 5, 1, 'Nisi quae corporis.', '{\"en\":\"Prof. Ursula Feeney\"}', '601574358', '210823857', '1173922910', '{\"en\":\"Error.\"}', 82, 1, 2, 'Eaque dolorem sint.', '2022-03-03 19:37:17', '2022-03-03 19:37:17'),
(408, 'fcasper@example.org', '$2y$10$92IXUNpkjO0rOQ5byMi.Ye4oKoEa3Ro9llC/.og/at2.uheWG/igi', '{\"en\":\"Otilia Wisozk DDS\"}', '774243933', '1095306579', '350250597', '{\"en\":\"Iusto.\"}', 105, 2, 1, 'Voluptate harum quo.', '{\"en\":\"Samson McDermott II\"}', '89612458', '1515553810', '1509010307', '{\"en\":\"Fugit.\"}', 87, 1, 1, 'Dolor recusandae.', '2022-03-03 19:37:59', '2022-03-03 19:37:59'),
(409, 'eliseo.fahey@example.org', '$2y$10$92IXUNpkjO0rOQ5byMi.Ye4oKoEa3Ro9llC/.og/at2.uheWG/igi', '{\"en\":\"Kaylie Cremin\"}', '434915794', '1642510360', '1072872446', '{\"en\":\"Doloribus.\"}', 188, 6, 1, 'Quisquam dolor.', '{\"en\":\"Alden Kessler\"}', '1631787388', '69091543', '638676843', '{\"en\":\"Aut qui.\"}', 193, 7, 2, 'Quam quia et ipsam.', '2022-03-03 19:37:59', '2022-03-03 19:37:59'),
(410, 'isobel97@example.net', '$2y$10$92IXUNpkjO0rOQ5byMi.Ye4oKoEa3Ro9llC/.og/at2.uheWG/igi', '{\"en\":\"Dr. Emmalee Hane DVM\"}', '748434877', '246277111', '588592736', '{\"en\":\"Quaerat.\"}', 68, 7, 2, 'Minima facilis.', '{\"en\":\"Alf Reichert DDS\"}', '2130540671', '32482930', '406447976', '{\"en\":\"Quis.\"}', 16, 3, 2, 'Repellat recusandae.', '2022-03-03 19:37:59', '2022-03-03 19:37:59'),
(411, 'eulah.crist@example.net', '$2y$10$92IXUNpkjO0rOQ5byMi.Ye4oKoEa3Ro9llC/.og/at2.uheWG/igi', '{\"en\":\"Jackie Koss\"}', '1123560926', '1310658697', '1396005546', '{\"en\":\"Facilis.\"}', 210, 5, 2, 'Ea est fugit iusto.', '{\"en\":\"Neva Ziemann\"}', '11048440', '507651151', '758387227', '{\"en\":\"Ex vitae.\"}', 127, 1, 2, 'Ipsum odio qui.', '2022-03-03 19:37:59', '2022-03-03 19:37:59'),
(412, 'swaniawski.isaac@example.com', '$2y$10$92IXUNpkjO0rOQ5byMi.Ye4oKoEa3Ro9llC/.og/at2.uheWG/igi', '{\"en\":\"Urban Reichel\"}', '640964725', '1230808603', '355534936', '{\"en\":\"Qui hic.\"}', 159, 6, 1, 'Aliquam aspernatur.', '{\"en\":\"Dr. Ron Schuster\"}', '1237676860', '1346956512', '1647621832', '{\"en\":\"Et.\"}', 70, 2, 1, 'Dicta corporis.', '2022-03-03 19:37:59', '2022-03-03 19:37:59'),
(413, 'devin71@example.com', '$2y$10$92IXUNpkjO0rOQ5byMi.Ye4oKoEa3Ro9llC/.og/at2.uheWG/igi', '{\"en\":\"Hillary Hudson\"}', '2061983774', '1559680751', '205090586', '{\"en\":\"Inventore.\"}', 230, 6, 2, 'Aut amet sit.', '{\"en\":\"Carrie Stokes\"}', '976523545', '681481611', '800954673', '{\"en\":\"Vitae.\"}', 75, 5, 1, 'Perferendis sint.', '2022-03-03 19:37:59', '2022-03-03 19:37:59'),
(414, 'nader.maribel@example.com', '$2y$10$92IXUNpkjO0rOQ5byMi.Ye4oKoEa3Ro9llC/.og/at2.uheWG/igi', '{\"en\":\"Ned Kerluke\"}', '432342671', '987768757', '972053925', '{\"en\":\"In.\"}', 111, 8, 1, 'Harum ducimus omnis.', '{\"en\":\"Dr. Sylvia Rutherford II\"}', '726498921', '1877626164', '2012723515', '{\"en\":\"Nihil.\"}', 178, 6, 1, 'Quibusdam eligendi.', '2022-03-03 19:37:59', '2022-03-03 19:37:59'),
(415, 'raul86@example.org', '$2y$10$92IXUNpkjO0rOQ5byMi.Ye4oKoEa3Ro9llC/.og/at2.uheWG/igi', '{\"en\":\"Geovanni Smith\"}', '938071034', '132168470', '1841179552', '{\"en\":\"Beatae.\"}', 46, 3, 1, 'Quasi libero id.', '{\"en\":\"Prof. Dax Hoeger\"}', '1527529137', '472379465', '1362151568', '{\"en\":\"Fugit.\"}', 106, 6, 1, 'Voluptas asperiores.', '2022-03-03 19:37:59', '2022-03-03 19:37:59'),
(416, 'amir.schultz@example.org', '$2y$10$92IXUNpkjO0rOQ5byMi.Ye4oKoEa3Ro9llC/.og/at2.uheWG/igi', '{\"en\":\"Wiley Rath\"}', '859977122', '1467462830', '2117067458', '{\"en\":\"Aut.\"}', 24, 5, 1, 'Maiores dolore.', '{\"en\":\"Tavares Kub\"}', '1219184196', '351074578', '5081135', '{\"en\":\"Totam est.\"}', 24, 7, 1, 'Non earum optio.', '2022-03-03 19:37:59', '2022-03-03 19:37:59'),
(417, 'mayer.aylin@example.net', '$2y$10$92IXUNpkjO0rOQ5byMi.Ye4oKoEa3Ro9llC/.og/at2.uheWG/igi', '{\"en\":\"Karelle Tromp\"}', '1767436875', '1468525706', '341253666', '{\"en\":\"Quia.\"}', 109, 4, 2, 'Beatae est velit.', '{\"en\":\"Jevon Strosin\"}', '719658456', '1849309977', '1432425755', '{\"en\":\"Numquam.\"}', 230, 6, 2, 'Ullam non et autem.', '2022-03-03 19:37:59', '2022-03-03 19:37:59'),
(418, 'kelsie.block@example.net', '$2y$10$92IXUNpkjO0rOQ5byMi.Ye4oKoEa3Ro9llC/.og/at2.uheWG/igi', '{\"en\":\"Lila Schaefer\"}', '775288375', '1037136389', '324429092', '{\"en\":\"Sed nemo.\"}', 7, 1, 1, 'Est quae.', '{\"en\":\"Kareem Skiles\"}', '463794909', '71115991', '839182477', '{\"en\":\"Rerum qui.\"}', 64, 7, 1, 'Voluptatem eligendi.', '2022-03-03 19:37:59', '2022-03-03 19:37:59'),
(419, 'makenna43@example.org', '$2y$10$92IXUNpkjO0rOQ5byMi.Ye4oKoEa3Ro9llC/.og/at2.uheWG/igi', '{\"en\":\"Sylvia Daniel\"}', '1791712517', '242539825', '381626725', '{\"en\":\"Nobis.\"}', 205, 8, 1, 'Aliquid voluptas.', '{\"en\":\"Dr. Casimir Kessler IV\"}', '582750854', '1652310920', '1994336246', '{\"en\":\"Iste.\"}', 111, 2, 2, 'Neque quia.', '2022-03-03 19:37:59', '2022-03-03 19:37:59'),
(420, 'dkemmer@example.com', '$2y$10$92IXUNpkjO0rOQ5byMi.Ye4oKoEa3Ro9llC/.og/at2.uheWG/igi', '{\"en\":\"Prof. Tiffany Erdman\"}', '1752101390', '1856957876', '1671668130', '{\"en\":\"Excepturi.\"}', 102, 4, 2, 'Provident vero qui.', '{\"en\":\"Sabryna O\'Connell\"}', '1400091792', '636455600', '1783441346', '{\"en\":\"Vel cum.\"}', 205, 6, 1, 'Molestiae qui.', '2022-03-03 19:37:59', '2022-03-03 19:37:59'),
(421, 'bette.wiza@example.net', '$2y$10$92IXUNpkjO0rOQ5byMi.Ye4oKoEa3Ro9llC/.og/at2.uheWG/igi', '{\"en\":\"Brain Howe\"}', '226326622', '982007223', '1078890969', '{\"en\":\"Voluptas.\"}', 182, 6, 1, 'Veniam quod at ut.', '{\"en\":\"Osbaldo Labadie\"}', '307390167', '1971537450', '2064091179', '{\"en\":\"Possimus.\"}', 154, 8, 2, 'Fuga quia aut.', '2022-03-03 19:37:59', '2022-03-03 19:37:59'),
(422, 'jillian.marquardt@example.com', '$2y$10$92IXUNpkjO0rOQ5byMi.Ye4oKoEa3Ro9llC/.og/at2.uheWG/igi', '{\"en\":\"Emily Ernser\"}', '968795188', '1132841989', '1233775860', '{\"en\":\"Earum.\"}', 11, 1, 1, 'Sequi magnam qui.', '{\"en\":\"Dr. Gussie Littel V\"}', '1515417244', '1100969223', '1780794522', '{\"en\":\"In velit.\"}', 238, 4, 2, 'Modi ex officia et.', '2022-03-03 19:37:59', '2022-03-03 19:37:59'),
(423, 'hkirlin@example.org', '$2y$10$92IXUNpkjO0rOQ5byMi.Ye4oKoEa3Ro9llC/.og/at2.uheWG/igi', '{\"en\":\"Mrs. Marie Bechtelar I\"}', '1664416487', '1914100742', '171791323', '{\"en\":\"Officia.\"}', 143, 4, 1, 'Consequatur a et.', '{\"en\":\"Miss Charlene Feeney IV\"}', '1412494308', '609243473', '720074115', '{\"en\":\"Nesciunt.\"}', 151, 1, 2, 'Placeat sequi.', '2022-03-03 19:37:59', '2022-03-03 19:37:59'),
(424, 'mconn@example.net', '$2y$10$92IXUNpkjO0rOQ5byMi.Ye4oKoEa3Ro9llC/.og/at2.uheWG/igi', '{\"en\":\"Ernestine Robel\"}', '930675810', '844777436', '2144147149', '{\"en\":\"Dolor.\"}', 36, 3, 2, 'Est ducimus.', '{\"en\":\"Coy Jaskolski IV\"}', '1876757476', '503295383', '1763963334', '{\"en\":\"Dolorem.\"}', 225, 6, 1, 'Deserunt maxime.', '2022-03-03 19:37:59', '2022-03-03 19:37:59'),
(425, 'connelly.price@example.net', '$2y$10$92IXUNpkjO0rOQ5byMi.Ye4oKoEa3Ro9llC/.og/at2.uheWG/igi', '{\"en\":\"Prof. Scot Rice\"}', '1513538526', '1091183563', '3178773', '{\"en\":\"In.\"}', 163, 6, 2, 'Harum aliquam aut.', '{\"en\":\"Dane Goldner\"}', '2144070345', '366917118', '645449245', '{\"en\":\"Ea rem.\"}', 37, 1, 1, 'Necessitatibus.', '2022-03-03 19:37:59', '2022-03-03 19:37:59'),
(426, 'dmorar@example.org', '$2y$10$92IXUNpkjO0rOQ5byMi.Ye4oKoEa3Ro9llC/.og/at2.uheWG/igi', '{\"en\":\"Johann Beier I\"}', '2123751020', '178314876', '406885199', '{\"en\":\"Neque.\"}', 64, 3, 1, 'Modi natus sed.', '{\"en\":\"Melody Collier\"}', '152724793', '17881325', '1316555406', '{\"en\":\"Numquam.\"}', 186, 6, 1, 'Maxime maxime unde.', '2022-03-03 19:37:59', '2022-03-03 19:37:59'),
(427, 'hziemann@example.com', '$2y$10$92IXUNpkjO0rOQ5byMi.Ye4oKoEa3Ro9llC/.og/at2.uheWG/igi', '{\"en\":\"Ms. Dejah Kertzmann\"}', '1751170091', '562702525', '786988275', '{\"en\":\"Commodi.\"}', 80, 1, 2, 'Sunt qui velit.', '{\"en\":\"Ashlee Stark II\"}', '67150448', '1259099349', '302352224', '{\"en\":\"Sint ut.\"}', 194, 8, 2, 'Molestiae et.', '2022-03-03 19:37:59', '2022-03-03 19:37:59'),
(428, 'patience10@example.com', '$2y$10$92IXUNpkjO0rOQ5byMi.Ye4oKoEa3Ro9llC/.og/at2.uheWG/igi', '{\"en\":\"Gardner Pfeffer\"}', '1665837051', '275343230', '1551152971', '{\"en\":\"Explicabo.\"}', 230, 2, 2, 'Odio ut tenetur.', '{\"en\":\"Mr. Deshaun Connelly\"}', '12849041', '1348658691', '354942380', '{\"en\":\"Quia.\"}', 234, 7, 2, 'Expedita aut sequi.', '2022-03-03 19:37:59', '2022-03-03 19:37:59'),
(429, 'eryn.nicolas@example.net', '$2y$10$92IXUNpkjO0rOQ5byMi.Ye4oKoEa3Ro9llC/.og/at2.uheWG/igi', '{\"en\":\"Claudia Predovic\"}', '2029434679', '1922043371', '2021755531', '{\"en\":\"Voluptas.\"}', 147, 5, 2, 'Possimus laudantium.', '{\"en\":\"Mr. Chad Reichel\"}', '1271973541', '357042082', '1785252018', '{\"en\":\"Provident.\"}', 183, 3, 1, 'Error ut voluptates.', '2022-03-03 19:37:59', '2022-03-03 19:37:59'),
(430, 'legros.koby@example.net', '$2y$10$92IXUNpkjO0rOQ5byMi.Ye4oKoEa3Ro9llC/.og/at2.uheWG/igi', '{\"en\":\"Peter Bogisich\"}', '806038787', '1701482801', '587968435', '{\"en\":\"Saepe.\"}', 59, 7, 1, 'Sequi aspernatur et.', '{\"en\":\"Florian Hintz\"}', '1363189528', '1843579681', '763857775', '{\"en\":\"Nobis.\"}', 191, 5, 2, 'Voluptas beatae.', '2022-03-03 19:37:59', '2022-03-03 19:37:59'),
(431, 'npurdy@example.org', '$2y$10$92IXUNpkjO0rOQ5byMi.Ye4oKoEa3Ro9llC/.og/at2.uheWG/igi', '{\"en\":\"Mr. Merl Jones DVM\"}', '451615157', '1710659020', '1340011835', '{\"en\":\"Eligendi.\"}', 177, 3, 2, 'Libero ex fugiat.', '{\"en\":\"Broderick Breitenberg\"}', '1105603854', '99824894', '1108638296', '{\"en\":\"Et hic.\"}', 42, 4, 2, 'Minus impedit.', '2022-03-03 19:37:59', '2022-03-03 19:37:59'),
(432, 'nlangosh@example.org', '$2y$10$92IXUNpkjO0rOQ5byMi.Ye4oKoEa3Ro9llC/.og/at2.uheWG/igi', '{\"en\":\"Annabell Hamill\"}', '1823960848', '126086437', '1588428299', '{\"en\":\"Et iste.\"}', 66, 3, 2, 'Ipsa consequatur.', '{\"en\":\"Maymie Bashirian\"}', '1224152226', '2090032360', '2016243426', '{\"en\":\"Quo ut.\"}', 58, 7, 1, 'Ab excepturi.', '2022-03-03 19:37:59', '2022-03-03 19:37:59'),
(433, 'keebler.barrett@example.net', '$2y$10$92IXUNpkjO0rOQ5byMi.Ye4oKoEa3Ro9llC/.og/at2.uheWG/igi', '{\"en\":\"Fredrick Skiles\"}', '353724641', '1414997838', '282842413', '{\"en\":\"Similique.\"}', 236, 2, 2, 'Totam vel rerum.', '{\"en\":\"Eldora Rodriguez MD\"}', '1737752194', '885706159', '1409081397', '{\"en\":\"Eos est.\"}', 61, 8, 1, 'Praesentium.', '2022-03-03 19:38:00', '2022-03-03 19:38:00'),
(434, 'svon@example.org', '$2y$10$92IXUNpkjO0rOQ5byMi.Ye4oKoEa3Ro9llC/.og/at2.uheWG/igi', '{\"en\":\"Kurt Renner\"}', '913039651', '1919810639', '875554765', '{\"en\":\"Vel qui.\"}', 24, 1, 1, 'Occaecati et qui.', '{\"en\":\"Agnes Torphy\"}', '1554244274', '1513147506', '1125987445', '{\"en\":\"Vel et.\"}', 21, 3, 2, 'Quia fugiat.', '2022-03-03 19:38:00', '2022-03-03 19:38:00'),
(435, 'hhessel@example.org', '$2y$10$92IXUNpkjO0rOQ5byMi.Ye4oKoEa3Ro9llC/.og/at2.uheWG/igi', '{\"en\":\"Janice Douglas I\"}', '324148222', '2001886413', '1799508806', '{\"en\":\"Eaque ut.\"}', 96, 7, 1, 'Eaque est voluptas.', '{\"en\":\"Cristal Kling\"}', '2085834714', '195231947', '1913369484', '{\"en\":\"Minima.\"}', 73, 1, 1, 'Magni officiis et.', '2022-03-03 19:38:00', '2022-03-03 19:38:00'),
(436, 'orion.moore@example.org', '$2y$10$92IXUNpkjO0rOQ5byMi.Ye4oKoEa3Ro9llC/.og/at2.uheWG/igi', '{\"en\":\"Mr. Alvis Breitenberg\"}', '1167138761', '790887494', '162289190', '{\"en\":\"Error.\"}', 34, 7, 2, 'Non nostrum veniam.', '{\"en\":\"Jude Lindgren\"}', '1341104508', '114107355', '1894655263', '{\"en\":\"Deserunt.\"}', 238, 2, 2, 'Hic quo debitis.', '2022-03-03 19:38:00', '2022-03-03 19:38:00'),
(437, 'mariane34@example.com', '$2y$10$92IXUNpkjO0rOQ5byMi.Ye4oKoEa3Ro9llC/.og/at2.uheWG/igi', '{\"en\":\"Mr. Adalberto Armstrong II\"}', '1978636826', '1871758082', '1447186117', '{\"en\":\"Dolor.\"}', 203, 1, 2, 'Aut voluptatem.', '{\"en\":\"Alexane Dach\"}', '1905663685', '418406811', '1236658435', '{\"en\":\"Alias.\"}', 104, 4, 2, 'Porro ducimus.', '2022-03-03 19:38:00', '2022-03-03 19:38:00'),
(438, 'funk.mckayla@example.org', '$2y$10$92IXUNpkjO0rOQ5byMi.Ye4oKoEa3Ro9llC/.og/at2.uheWG/igi', '{\"en\":\"Mozelle Stark\"}', '871404853', '255827639', '1342282168', '{\"en\":\"Fugit.\"}', 44, 2, 1, 'Dolor est dolorem.', '{\"en\":\"Mr. Kennedi McDermott\"}', '1338995556', '1814297532', '1791162764', '{\"en\":\"Nostrum.\"}', 82, 2, 2, 'Deserunt dolores et.', '2022-03-03 19:38:00', '2022-03-03 19:38:00'),
(439, 'klocko.rocio@example.com', '$2y$10$92IXUNpkjO0rOQ5byMi.Ye4oKoEa3Ro9llC/.og/at2.uheWG/igi', '{\"en\":\"Wilfredo Bechtelar PhD\"}', '880059301', '2119528805', '262533133', '{\"en\":\"Non et.\"}', 147, 7, 2, 'Consequatur.', '{\"en\":\"Ms. Juliet Weber IV\"}', '137194112', '1880070081', '1414706863', '{\"en\":\"Ad.\"}', 246, 7, 1, 'Ratione voluptatem.', '2022-03-03 19:38:00', '2022-03-03 19:38:00'),
(440, 'marietta62@example.net', '$2y$10$92IXUNpkjO0rOQ5byMi.Ye4oKoEa3Ro9llC/.og/at2.uheWG/igi', '{\"en\":\"Jarrett Yundt\"}', '1518619937', '1445368253', '305174847', '{\"en\":\"Voluptas.\"}', 207, 7, 1, 'Enim error rerum.', '{\"en\":\"Adriel Emard MD\"}', '1405284249', '2103863342', '1442943986', '{\"en\":\"Eveniet.\"}', 80, 5, 2, 'Nisi est nostrum.', '2022-03-03 19:38:00', '2022-03-03 19:38:00'),
(441, 'luna97@example.org', '$2y$10$92IXUNpkjO0rOQ5byMi.Ye4oKoEa3Ro9llC/.og/at2.uheWG/igi', '{\"en\":\"Andre Gislason\"}', '978054325', '1021724199', '232930865', '{\"en\":\"Alias.\"}', 50, 4, 1, 'Nisi deserunt.', '{\"en\":\"Rafael Murazik\"}', '371940386', '552090386', '479147474', '{\"en\":\"Facere.\"}', 46, 1, 2, 'Aut qui earum.', '2022-03-03 19:38:00', '2022-03-03 19:38:00'),
(442, 'braden.skiles@example.org', '$2y$10$92IXUNpkjO0rOQ5byMi.Ye4oKoEa3Ro9llC/.og/at2.uheWG/igi', '{\"en\":\"Rossie Walter\"}', '2088335012', '556117815', '1166347703', '{\"en\":\"Itaque.\"}', 199, 5, 1, 'Aut voluptatem.', '{\"en\":\"Mr. Robbie Langworth I\"}', '689312316', '61465695', '1463628627', '{\"en\":\"Eos et.\"}', 237, 2, 2, 'Dolorem dignissimos.', '2022-03-03 19:38:00', '2022-03-03 19:38:00'),
(443, 'nichole.runte@example.net', '$2y$10$92IXUNpkjO0rOQ5byMi.Ye4oKoEa3Ro9llC/.og/at2.uheWG/igi', '{\"en\":\"Mr. Barry Dickens DDS\"}', '1245654592', '701444218', '805552583', '{\"en\":\"Natus.\"}', 158, 4, 1, 'Nemo ut delectus.', '{\"en\":\"Enrico Emmerich\"}', '1610273315', '1510651793', '756385201', '{\"en\":\"Est.\"}', 149, 7, 1, 'Temporibus velit et.', '2022-03-03 19:38:00', '2022-03-03 19:38:00'),
(444, 'billie.koepp@example.net', '$2y$10$92IXUNpkjO0rOQ5byMi.Ye4oKoEa3Ro9llC/.og/at2.uheWG/igi', '{\"en\":\"Chelsie Koch\"}', '28740268', '555370422', '581346933', '{\"en\":\"Minus.\"}', 47, 1, 2, 'Voluptatem.', '{\"en\":\"Jacky Dietrich\"}', '932760404', '1818512485', '1646262498', '{\"en\":\"Voluptate.\"}', 111, 2, 1, 'Ut ratione amet.', '2022-03-03 19:38:00', '2022-03-03 19:38:00'),
(445, 'schmidt.marquis@example.com', '$2y$10$92IXUNpkjO0rOQ5byMi.Ye4oKoEa3Ro9llC/.og/at2.uheWG/igi', '{\"en\":\"Ms. Shania Schoen\"}', '2038136247', '2003846807', '1927646667', '{\"en\":\"Animi.\"}', 205, 1, 1, 'Dolorem et.', '{\"en\":\"Mrs. Fabiola Ernser\"}', '165585069', '1893508320', '884040354', '{\"en\":\"Totam.\"}', 170, 2, 1, 'Ipsum aperiam a.', '2022-03-03 19:38:00', '2022-03-03 19:38:00'),
(446, 'volkman.rossie@example.com', '$2y$10$92IXUNpkjO0rOQ5byMi.Ye4oKoEa3Ro9llC/.og/at2.uheWG/igi', '{\"en\":\"Deon Upton\"}', '1733468658', '1461852536', '554992340', '{\"en\":\"Velit.\"}', 66, 6, 2, 'Voluptates optio.', '{\"en\":\"Prof. Barney Hand III\"}', '1646012440', '640666525', '183089161', '{\"en\":\"A itaque.\"}', 48, 4, 2, 'Tempore aspernatur.', '2022-03-03 19:38:00', '2022-03-03 19:38:00'),
(447, 'holden09@example.com', '$2y$10$92IXUNpkjO0rOQ5byMi.Ye4oKoEa3Ro9llC/.og/at2.uheWG/igi', '{\"en\":\"Dorthy Williamson\"}', '1446882255', '803113359', '1174300366', '{\"en\":\"Explicabo.\"}', 121, 3, 1, 'Autem ut natus est.', '{\"en\":\"Grant Reilly I\"}', '40018960', '1310439612', '1906152617', '{\"en\":\"Aperiam.\"}', 96, 3, 2, 'Minus quo velit.', '2022-03-03 19:38:00', '2022-03-03 19:38:00'),
(448, 'eveline18@example.com', '$2y$10$92IXUNpkjO0rOQ5byMi.Ye4oKoEa3Ro9llC/.og/at2.uheWG/igi', '{\"en\":\"Laurence Lesch\"}', '88069506', '272065648', '683741549', '{\"en\":\"Et.\"}', 5, 2, 1, 'Esse neque.', '{\"en\":\"Wiley Sawayn\"}', '1632264669', '1537398474', '92473732', '{\"en\":\"Quis id.\"}', 181, 6, 1, 'Dolore vel deleniti.', '2022-03-03 19:38:00', '2022-03-03 19:38:00'),
(449, 'xcartwright@example.org', '$2y$10$92IXUNpkjO0rOQ5byMi.Ye4oKoEa3Ro9llC/.og/at2.uheWG/igi', '{\"en\":\"Katheryn Macejkovic\"}', '1844933193', '429385998', '1876238597', '{\"en\":\"Neque.\"}', 89, 4, 1, 'A voluptatem eius.', '{\"en\":\"Jaylen Macejkovic\"}', '203785576', '2110415865', '1154216970', '{\"en\":\"Voluptas.\"}', 66, 8, 1, 'Est atque cum.', '2022-03-03 19:38:00', '2022-03-03 19:38:00'),
(450, 'crooks.logan@example.net', '$2y$10$92IXUNpkjO0rOQ5byMi.Ye4oKoEa3Ro9llC/.og/at2.uheWG/igi', '{\"en\":\"Mrs. Kailyn O\'Kon DDS\"}', '261650302', '759470578', '640138847', '{\"en\":\"Sint aut.\"}', 162, 5, 1, 'Omnis sit.', '{\"en\":\"Samir Wiza\"}', '420554251', '834185327', '1476827877', '{\"en\":\"Aliquid.\"}', 117, 3, 1, 'Est consectetur.', '2022-03-03 19:38:00', '2022-03-03 19:38:00'),
(451, 'brice21@example.com', '$2y$10$92IXUNpkjO0rOQ5byMi.Ye4oKoEa3Ro9llC/.og/at2.uheWG/igi', '{\"en\":\"Friedrich Reynolds\"}', '527147495', '386241114', '196130241', '{\"en\":\"Veritatis.\"}', 240, 6, 1, 'Assumenda.', '{\"en\":\"Jazmyne Schultz\"}', '1808740462', '1944444737', '960986217', '{\"en\":\"Officia.\"}', 22, 5, 2, 'Quasi molestias est.', '2022-03-03 19:38:00', '2022-03-03 19:38:00'),
(452, 'kevon64@example.com', '$2y$10$92IXUNpkjO0rOQ5byMi.Ye4oKoEa3Ro9llC/.og/at2.uheWG/igi', '{\"en\":\"Dale McGlynn II\"}', '1636178176', '121644812', '1667793723', '{\"en\":\"Magni.\"}', 75, 6, 1, 'Enim et fugit.', '{\"en\":\"Sandy Spencer\"}', '669928992', '1377080970', '896475779', '{\"en\":\"Et.\"}', 221, 3, 1, 'Rem similique rerum.', '2022-03-03 19:38:00', '2022-03-03 19:38:00'),
(453, 'adriana48@example.com', '$2y$10$92IXUNpkjO0rOQ5byMi.Ye4oKoEa3Ro9llC/.og/at2.uheWG/igi', '{\"en\":\"Odell Ferry MD\"}', '1305857867', '1803269363', '1432743379', '{\"en\":\"Deserunt.\"}', 81, 2, 2, 'Vero iure.', '{\"en\":\"Elmira Reynolds DDS\"}', '1061322976', '594734008', '484592375', '{\"en\":\"Quia.\"}', 228, 4, 2, 'Voluptas.', '2022-03-03 19:38:00', '2022-03-03 19:38:00'),
(454, 'reinger.patrick@example.com', '$2y$10$92IXUNpkjO0rOQ5byMi.Ye4oKoEa3Ro9llC/.og/at2.uheWG/igi', '{\"en\":\"Ms. Holly Crona\"}', '392291438', '448187117', '923879868', '{\"en\":\"Alias.\"}', 93, 8, 2, 'Occaecati rerum eos.', '{\"en\":\"Brandon Ruecker\"}', '1837326807', '1544432657', '603570543', '{\"en\":\"Et a.\"}', 144, 4, 1, 'Error ut deleniti.', '2022-03-03 19:38:00', '2022-03-03 19:38:00'),
(455, 'fsawayn@example.com', '$2y$10$92IXUNpkjO0rOQ5byMi.Ye4oKoEa3Ro9llC/.og/at2.uheWG/igi', '{\"en\":\"Mr. Joaquin Hayes I\"}', '1367733879', '1696908801', '1687582868', '{\"en\":\"Sunt quos.\"}', 72, 5, 1, 'Iste commodi.', '{\"en\":\"Lyla Langworth\"}', '1387102952', '1670635139', '321272447', '{\"en\":\"Fugiat ut.\"}', 58, 3, 1, 'Qui porro quas.', '2022-03-03 19:38:00', '2022-03-03 19:38:00'),
(456, 'maxine72@example.net', '$2y$10$92IXUNpkjO0rOQ5byMi.Ye4oKoEa3Ro9llC/.og/at2.uheWG/igi', '{\"en\":\"Adrianna Stoltenberg Jr.\"}', '1046007459', '552250897', '1247791029', '{\"en\":\"Inventore.\"}', 217, 1, 1, 'Sed sed et.', '{\"en\":\"Eliza Runolfsdottir Sr.\"}', '198186964', '402225706', '1615237506', '{\"en\":\"Beatae.\"}', 72, 2, 1, 'Sit error velit.', '2022-03-03 19:38:00', '2022-03-03 19:38:00'),
(457, 'kozey.imani@example.net', '$2y$10$92IXUNpkjO0rOQ5byMi.Ye4oKoEa3Ro9llC/.og/at2.uheWG/igi', '{\"en\":\"Francesco Donnelly\"}', '1154061142', '2137825737', '1734753145', '{\"en\":\"Beatae.\"}', 213, 6, 2, 'Dolorem provident.', '{\"en\":\"Alden Yost\"}', '2131124043', '2071033422', '505256803', '{\"en\":\"Adipisci.\"}', 90, 3, 2, 'Quaerat libero et.', '2022-03-03 19:38:00', '2022-03-03 19:38:00'),
(458, 'wkirlin@example.net', '$2y$10$92IXUNpkjO0rOQ5byMi.Ye4oKoEa3Ro9llC/.og/at2.uheWG/igi', '{\"en\":\"Jeramie Denesik\"}', '2142351201', '1279332411', '593899833', '{\"en\":\"Et labore.\"}', 113, 2, 1, 'Delectus ut tenetur.', '{\"en\":\"Emmanuelle Kihn\"}', '1294064543', '1549417778', '1498528186', '{\"en\":\"Quos.\"}', 224, 2, 2, 'Magnam voluptatem.', '2022-03-03 19:38:00', '2022-03-03 19:38:00'),
(459, 'flavie.anderson@example.com', '$2y$10$92IXUNpkjO0rOQ5byMi.Ye4oKoEa3Ro9llC/.og/at2.uheWG/igi', '{\"en\":\"Mary Murphy\"}', '448805471', '1203952951', '754136153', '{\"en\":\"Ea modi.\"}', 184, 3, 1, 'Ut distinctio.', '{\"en\":\"Anthony Mueller\"}', '983668405', '317680561', '953597326', '{\"en\":\"Ratione.\"}', 154, 6, 2, 'Eum reiciendis.', '2022-03-03 19:38:00', '2022-03-03 19:38:00'),
(460, 'heller.betty@example.net', '$2y$10$92IXUNpkjO0rOQ5byMi.Ye4oKoEa3Ro9llC/.og/at2.uheWG/igi', '{\"en\":\"Ladarius Orn\"}', '1888817945', '1657057966', '1789146708', '{\"en\":\"Voluptas.\"}', 117, 3, 2, 'Alias dolores hic.', '{\"en\":\"Alexandrea Kerluke\"}', '940444279', '673930427', '2114994009', '{\"en\":\"Nostrum.\"}', 235, 7, 2, 'Sint quaerat eius.', '2022-03-03 19:38:00', '2022-03-03 19:38:00'),
(461, 'walter.sophia@example.com', '$2y$10$92IXUNpkjO0rOQ5byMi.Ye4oKoEa3Ro9llC/.og/at2.uheWG/igi', '{\"en\":\"Jermey Gaylord PhD\"}', '316194515', '324457032', '1700354665', '{\"en\":\"Beatae.\"}', 245, 6, 1, 'Optio libero.', '{\"en\":\"Vida Hessel\"}', '1883228726', '2034304127', '89571655', '{\"en\":\"Eaque.\"}', 245, 6, 2, 'Voluptas qui.', '2022-03-03 19:38:00', '2022-03-03 19:38:00'),
(462, 'whackett@example.com', '$2y$10$92IXUNpkjO0rOQ5byMi.Ye4oKoEa3Ro9llC/.og/at2.uheWG/igi', '{\"en\":\"Grover Farrell I\"}', '1900703756', '521072898', '939580159', '{\"en\":\"Esse.\"}', 220, 1, 2, 'Iusto omnis qui.', '{\"en\":\"Sven Denesik\"}', '1947721046', '154808177', '665516312', '{\"en\":\"Dolores.\"}', 90, 7, 1, 'Et neque in qui.', '2022-03-03 19:38:00', '2022-03-03 19:38:00'),
(463, 'kessler.caleigh@example.org', '$2y$10$92IXUNpkjO0rOQ5byMi.Ye4oKoEa3Ro9llC/.og/at2.uheWG/igi', '{\"en\":\"Horacio Lemke DDS\"}', '1810068012', '1051505551', '2053307795', '{\"en\":\"Suscipit.\"}', 155, 8, 2, 'Fugiat totam.', '{\"en\":\"Mustafa Kilback\"}', '1407238480', '1515040244', '917905688', '{\"en\":\"Culpa.\"}', 44, 6, 2, 'Quod sed neque.', '2022-03-03 19:38:00', '2022-03-03 19:38:00'),
(464, 'umertz@example.org', '$2y$10$92IXUNpkjO0rOQ5byMi.Ye4oKoEa3Ro9llC/.og/at2.uheWG/igi', '{\"en\":\"Miss Bianka Dickinson\"}', '1728287009', '1120808517', '259961274', '{\"en\":\"Nam.\"}', 64, 4, 1, 'Ut repellat.', '{\"en\":\"Emmett Bayer I\"}', '730190141', '554841118', '1551339303', '{\"en\":\"Odio et.\"}', 119, 3, 2, 'Corrupti mollitia.', '2022-03-03 19:38:00', '2022-03-03 19:38:00'),
(465, 'nico53@example.org', '$2y$10$92IXUNpkjO0rOQ5byMi.Ye4oKoEa3Ro9llC/.og/at2.uheWG/igi', '{\"en\":\"Miss Veda Doyle I\"}', '1000270005', '2010654861', '1744364241', '{\"en\":\"Sunt iste.\"}', 67, 6, 1, 'Maxime optio qui.', '{\"en\":\"Dr. Queen Reinger\"}', '674364993', '1274067536', '599034110', '{\"en\":\"Quas.\"}', 37, 3, 2, 'Delectus dolorum.', '2022-03-03 19:38:00', '2022-03-03 19:38:00'),
(466, 'alyson29@example.com', '$2y$10$92IXUNpkjO0rOQ5byMi.Ye4oKoEa3Ro9llC/.og/at2.uheWG/igi', '{\"en\":\"Eddie Emmerich\"}', '502334729', '1052005771', '1242724043', '{\"en\":\"Libero.\"}', 77, 5, 2, 'Molestiae est rerum.', '{\"en\":\"Santiago Cummerata\"}', '1385965724', '1898844757', '890136433', '{\"en\":\"Sit et.\"}', 6, 8, 2, 'Modi accusamus.', '2022-03-03 19:38:01', '2022-03-03 19:38:01'),
(467, 'britney68@example.org', '$2y$10$92IXUNpkjO0rOQ5byMi.Ye4oKoEa3Ro9llC/.og/at2.uheWG/igi', '{\"en\":\"Damien Schoen\"}', '1767065527', '64286514', '1599161434', '{\"en\":\"Vel.\"}', 104, 2, 1, 'Est nam libero eum.', '{\"en\":\"Dayna Simonis\"}', '716525704', '1803996180', '1626426391', '{\"en\":\"Dolorem.\"}', 53, 5, 1, 'Nisi aut.', '2022-03-03 19:38:01', '2022-03-03 19:38:01'),
(468, 'nmiller@example.com', '$2y$10$92IXUNpkjO0rOQ5byMi.Ye4oKoEa3Ro9llC/.og/at2.uheWG/igi', '{\"en\":\"Melissa Parker\"}', '280545238', '226078522', '1215670390', '{\"en\":\"Eum enim.\"}', 116, 4, 2, 'Animi debitis vero.', '{\"en\":\"Mrs. Marianne Boyle III\"}', '1254405620', '1865068008', '595337291', '{\"en\":\"Nihil.\"}', 73, 8, 2, 'Fugit molestiae.', '2022-03-03 19:38:01', '2022-03-03 19:38:01'),
(469, 'bcollins@example.com', '$2y$10$92IXUNpkjO0rOQ5byMi.Ye4oKoEa3Ro9llC/.og/at2.uheWG/igi', '{\"en\":\"Carmine Abbott\"}', '873728241', '1007253764', '336088338', '{\"en\":\"Corporis.\"}', 205, 2, 1, 'Harum dicta quia.', '{\"en\":\"Karlie Schaden\"}', '1129296631', '2125304377', '1673780345', '{\"en\":\"At rerum.\"}', 238, 7, 2, 'Minima nihil.', '2022-03-03 19:38:01', '2022-03-03 19:38:01'),
(470, 'hellen09@example.com', '$2y$10$92IXUNpkjO0rOQ5byMi.Ye4oKoEa3Ro9llC/.og/at2.uheWG/igi', '{\"en\":\"Rafael Kemmer\"}', '1434236092', '1729833564', '234934694', '{\"en\":\"Qui sit.\"}', 57, 6, 2, 'Ut quia ut et vel.', '{\"en\":\"Hannah Abbott Jr.\"}', '1563245886', '1474528715', '53622114', '{\"en\":\"Maiores.\"}', 17, 1, 2, 'Error officiis.', '2022-03-03 19:38:01', '2022-03-03 19:38:01'),
(471, 'zulauf.beverly@example.net', '$2y$10$92IXUNpkjO0rOQ5byMi.Ye4oKoEa3Ro9llC/.og/at2.uheWG/igi', '{\"en\":\"Brannon Price\"}', '194876660', '1975860987', '611180257', '{\"en\":\"Omnis.\"}', 230, 2, 1, 'Nihil facere.', '{\"en\":\"Dr. Aimee Weissnat DVM\"}', '1967298990', '170724452', '871721843', '{\"en\":\"Mollitia.\"}', 196, 7, 1, 'Tempore sit et sed.', '2022-03-03 19:38:01', '2022-03-03 19:38:01'),
(472, 'kgutmann@example.org', '$2y$10$92IXUNpkjO0rOQ5byMi.Ye4oKoEa3Ro9llC/.og/at2.uheWG/igi', '{\"en\":\"Lila Strosin\"}', '1680237613', '234363210', '279353679', '{\"en\":\"Omnis.\"}', 194, 2, 2, 'Sed esse suscipit.', '{\"en\":\"Miss Golda Sawayn II\"}', '68648933', '732733104', '924604606', '{\"en\":\"Est dolor.\"}', 89, 5, 1, 'Quia rem rem.', '2022-03-03 19:38:01', '2022-03-03 19:38:01'),
(473, 'krath@example.org', '$2y$10$92IXUNpkjO0rOQ5byMi.Ye4oKoEa3Ro9llC/.og/at2.uheWG/igi', '{\"en\":\"Angelica O\'Connell\"}', '1085460073', '866110949', '1854847211', '{\"en\":\"Qui.\"}', 44, 3, 1, 'Doloribus mollitia.', '{\"en\":\"Prof. Maria Leffler Sr.\"}', '1282144266', '1794207556', '1379634065', '{\"en\":\"At qui.\"}', 186, 8, 2, 'Unde vero aut amet.', '2022-03-03 19:38:01', '2022-03-03 19:38:01'),
(474, 'clare24@example.org', '$2y$10$92IXUNpkjO0rOQ5byMi.Ye4oKoEa3Ro9llC/.og/at2.uheWG/igi', '{\"en\":\"Berta Weimann\"}', '963198306', '1979113523', '1605864793', '{\"en\":\"Sunt.\"}', 75, 8, 1, 'Incidunt est et et.', '{\"en\":\"Ms. Kira Carter\"}', '2013866220', '1604187371', '1558410886', '{\"en\":\"Dolorem.\"}', 194, 3, 1, 'Fuga nobis et.', '2022-03-03 19:38:01', '2022-03-03 19:38:01'),
(475, 'herminio.zboncak@example.org', '$2y$10$92IXUNpkjO0rOQ5byMi.Ye4oKoEa3Ro9llC/.og/at2.uheWG/igi', '{\"en\":\"Prof. Peggie Armstrong\"}', '354468246', '1759764014', '904777874', '{\"en\":\"Quia.\"}', 207, 3, 1, 'Qui voluptatem.', '{\"en\":\"Mrs. Melba Balistreri V\"}', '1534229305', '805819835', '607580481', '{\"en\":\"A natus.\"}', 130, 8, 1, 'Ut ut ea rerum.', '2022-03-03 19:38:01', '2022-03-03 19:38:01'),
(476, 'isabel.hegmann@example.org', '$2y$10$92IXUNpkjO0rOQ5byMi.Ye4oKoEa3Ro9llC/.og/at2.uheWG/igi', '{\"en\":\"Kenton Ankunding\"}', '85862188', '1751476053', '1038707455', '{\"en\":\"Ut animi.\"}', 103, 1, 2, 'Itaque in aut id.', '{\"en\":\"Prof. Rylan Effertz\"}', '316179989', '673755799', '880920915', '{\"en\":\"Aut animi.\"}', 128, 4, 2, 'Numquam et aut ipsa.', '2022-03-03 19:38:01', '2022-03-03 19:38:01'),
(477, 'qstamm@example.net', '$2y$10$92IXUNpkjO0rOQ5byMi.Ye4oKoEa3Ro9llC/.og/at2.uheWG/igi', '{\"en\":\"Sebastian Hoppe\"}', '442439089', '745012833', '1153576058', '{\"en\":\"Eos quas.\"}', 71, 1, 1, 'Impedit ipsa.', '{\"en\":\"Juliet Hilpert\"}', '1156249597', '1774433685', '371429606', '{\"en\":\"Modi aut.\"}', 97, 2, 2, 'Consequatur et sed.', '2022-03-03 19:38:01', '2022-03-03 19:38:01'),
(478, 'haven.crooks@example.net', '$2y$10$92IXUNpkjO0rOQ5byMi.Ye4oKoEa3Ro9llC/.og/at2.uheWG/igi', '{\"en\":\"Ariane Gutmann\"}', '2045473618', '197318952', '1658000956', '{\"en\":\"Aut in.\"}', 17, 2, 1, 'Iure suscipit sint.', '{\"en\":\"Leonel Cremin\"}', '949923082', '285469734', '1706684061', '{\"en\":\"Beatae.\"}', 127, 7, 1, 'Voluptas ducimus.', '2022-03-03 19:38:01', '2022-03-03 19:38:01'),
(479, 'nmurazik@example.net', '$2y$10$92IXUNpkjO0rOQ5byMi.Ye4oKoEa3Ro9llC/.og/at2.uheWG/igi', '{\"en\":\"Rodolfo Windler DDS\"}', '231352333', '267610667', '1440034494', '{\"en\":\"Voluptas.\"}', 235, 5, 1, 'Minima maiores.', '{\"en\":\"Sabrina Gutmann\"}', '747357727', '1170673304', '711043325', '{\"en\":\"Rerum.\"}', 178, 4, 1, 'Voluptas.', '2022-03-03 19:38:01', '2022-03-03 19:38:01'),
(480, 'cormier.tabitha@example.org', '$2y$10$92IXUNpkjO0rOQ5byMi.Ye4oKoEa3Ro9llC/.og/at2.uheWG/igi', '{\"en\":\"Violette Effertz\"}', '838911187', '534133895', '687263749', '{\"en\":\"Qui.\"}', 83, 3, 1, 'Ea culpa tempora.', '{\"en\":\"Marquis Brown\"}', '854532136', '1061383789', '1087706436', '{\"en\":\"Modi.\"}', 148, 7, 2, 'Illum maxime dicta.', '2022-03-03 19:38:01', '2022-03-03 19:38:01'),
(481, 'xosinski@example.org', '$2y$10$92IXUNpkjO0rOQ5byMi.Ye4oKoEa3Ro9llC/.og/at2.uheWG/igi', '{\"en\":\"America Deckow\"}', '925701211', '776185780', '1725433741', '{\"en\":\"Ea.\"}', 158, 3, 1, 'Quo maxime quam.', '{\"en\":\"Mr. Kolby Wilderman MD\"}', '400463204', '89052809', '1619722975', '{\"en\":\"Aut.\"}', 47, 2, 1, 'Iste quae vel qui.', '2022-03-03 19:38:01', '2022-03-03 19:38:01'),
(482, 'zack78@example.com', '$2y$10$92IXUNpkjO0rOQ5byMi.Ye4oKoEa3Ro9llC/.og/at2.uheWG/igi', '{\"en\":\"Prof. Madaline Bins I\"}', '367790359', '1101908091', '483849773', '{\"en\":\"Qui.\"}', 18, 4, 1, 'Quia reprehenderit.', '{\"en\":\"Krystal Barton V\"}', '1540292872', '270012777', '107446544', '{\"en\":\"Ipsum eos.\"}', 140, 1, 1, 'Dolorem cumque est.', '2022-03-03 19:38:02', '2022-03-03 19:38:02'),
(483, 'jalen.wilderman@example.net', '$2y$10$92IXUNpkjO0rOQ5byMi.Ye4oKoEa3Ro9llC/.og/at2.uheWG/igi', '{\"en\":\"Miss Catherine Windler DDS\"}', '430356179', '76150554', '560893414', '{\"en\":\"Enim.\"}', 6, 4, 2, 'Nemo itaque qui.', '{\"en\":\"Porter Weber\"}', '1223865258', '1145604871', '1943855380', '{\"en\":\"Ratione.\"}', 45, 6, 1, 'Aut veritatis hic.', '2022-03-03 19:38:02', '2022-03-03 19:38:02'),
(484, 'jake72@example.net', '$2y$10$92IXUNpkjO0rOQ5byMi.Ye4oKoEa3Ro9llC/.og/at2.uheWG/igi', '{\"en\":\"Kieran Lebsack\"}', '365329641', '1259330917', '2067884831', '{\"en\":\"Facere.\"}', 227, 6, 1, 'Corporis qui enim.', '{\"en\":\"Naomie Schaefer II\"}', '1309592204', '1829576393', '688576338', '{\"en\":\"Veniam.\"}', 86, 1, 2, 'Suscipit quaerat.', '2022-03-03 19:38:02', '2022-03-03 19:38:02'),
(485, 'austin.johnson@example.net', '$2y$10$92IXUNpkjO0rOQ5byMi.Ye4oKoEa3Ro9llC/.og/at2.uheWG/igi', '{\"en\":\"Brook Kautzer\"}', '2064656584', '578035764', '93909430', '{\"en\":\"Assumenda.\"}', 150, 6, 2, 'Consequatur et.', '{\"en\":\"Dr. Antonio Gerlach\"}', '385944963', '1796879093', '270555147', '{\"en\":\"Magni.\"}', 30, 8, 2, 'Vel aut ad.', '2022-03-03 19:38:02', '2022-03-03 19:38:02'),
(486, 'koby99@example.org', '$2y$10$92IXUNpkjO0rOQ5byMi.Ye4oKoEa3Ro9llC/.og/at2.uheWG/igi', '{\"en\":\"Asa Simonis\"}', '1507319493', '1326077728', '380005484', '{\"en\":\"Qui error.\"}', 31, 2, 2, 'Ullam ipsa dolor.', '{\"en\":\"Emma Paucek\"}', '1567817090', '985380077', '1670100655', '{\"en\":\"Harum.\"}', 197, 2, 2, 'Distinctio rerum.', '2022-03-03 19:38:02', '2022-03-03 19:38:02'),
(487, 'koepp.jany@example.com', '$2y$10$92IXUNpkjO0rOQ5byMi.Ye4oKoEa3Ro9llC/.og/at2.uheWG/igi', '{\"en\":\"Daniela Daniel\"}', '851480308', '255613095', '1412825204', '{\"en\":\"Sint in.\"}', 146, 4, 2, 'Dolores recusandae.', '{\"en\":\"Ms. Hailee Orn Sr.\"}', '1358358339', '1435176664', '969306775', '{\"en\":\"Similique.\"}', 128, 8, 1, 'Vel consequatur.', '2022-03-03 19:38:02', '2022-03-03 19:38:02'),
(488, 'alvena87@example.com', '$2y$10$92IXUNpkjO0rOQ5byMi.Ye4oKoEa3Ro9llC/.og/at2.uheWG/igi', '{\"en\":\"Francesco Trantow\"}', '1431067490', '1391765793', '1099680697', '{\"en\":\"Fugit.\"}', 240, 8, 2, 'Cumque autem.', '{\"en\":\"Alberto Bashirian III\"}', '1488919367', '788312963', '101565468', '{\"en\":\"Aut culpa.\"}', 83, 6, 2, 'Perspiciatis.', '2022-03-03 19:38:02', '2022-03-03 19:38:02'),
(489, 'krobel@example.net', '$2y$10$92IXUNpkjO0rOQ5byMi.Ye4oKoEa3Ro9llC/.og/at2.uheWG/igi', '{\"en\":\"Rigoberto Schiller\"}', '457169320', '81118305', '2136366629', '{\"en\":\"Rerum et.\"}', 87, 6, 2, 'Fugit illo iusto ad.', '{\"en\":\"Miss Antoinette Dietrich DDS\"}', '1801615935', '456886884', '1458703677', '{\"en\":\"Quis.\"}', 117, 2, 2, 'Enim consequatur.', '2022-03-03 19:38:02', '2022-03-03 19:38:02'),
(490, 'wuckert.earl@example.org', '$2y$10$92IXUNpkjO0rOQ5byMi.Ye4oKoEa3Ro9llC/.og/at2.uheWG/igi', '{\"en\":\"Ona Romaguera\"}', '938843012', '1751057955', '1066419591', '{\"en\":\"Quibusdam.\"}', 151, 3, 1, 'Est sint minus ut.', '{\"en\":\"Mr. Ethel Grant I\"}', '2110587213', '996719775', '301945246', '{\"en\":\"Eveniet.\"}', 88, 1, 1, 'Consequatur dolores.', '2022-03-03 19:38:02', '2022-03-03 19:38:02'),
(491, 'ankunding.earlene@example.com', '$2y$10$92IXUNpkjO0rOQ5byMi.Ye4oKoEa3Ro9llC/.og/at2.uheWG/igi', '{\"en\":\"Prof. Salvador Schroeder DVM\"}', '1992141064', '878680495', '327772941', '{\"en\":\"Sed enim.\"}', 40, 8, 1, 'Animi dolor qui.', '{\"en\":\"Freddy Kutch\"}', '59613418', '1042018204', '672186808', '{\"en\":\"Quibusdam.\"}', 116, 5, 1, 'Voluptas nihil.', '2022-03-03 19:38:02', '2022-03-03 19:38:02'),
(492, 'abode@example.net', '$2y$10$92IXUNpkjO0rOQ5byMi.Ye4oKoEa3Ro9llC/.og/at2.uheWG/igi', '{\"en\":\"Chloe Mann\"}', '1290820452', '1163506797', '1734751623', '{\"en\":\"Sequi ex.\"}', 207, 3, 2, 'Commodi molestiae.', '{\"en\":\"Moshe Hodkiewicz\"}', '1807004142', '1771324140', '1154374618', '{\"en\":\"Aut.\"}', 92, 6, 2, 'Consectetur est.', '2022-03-03 19:38:02', '2022-03-03 19:38:02'),
(493, 'harmony48@example.net', '$2y$10$92IXUNpkjO0rOQ5byMi.Ye4oKoEa3Ro9llC/.og/at2.uheWG/igi', '{\"en\":\"Judson Maggio\"}', '492966767', '2029976176', '1124557318', '{\"en\":\"Dolorum.\"}', 20, 5, 2, 'Quos eos nam.', '{\"en\":\"Jewel Gaylord\"}', '570508640', '1587297622', '1191395881', '{\"en\":\"Et.\"}', 175, 1, 2, 'Molestiae ut.', '2022-03-03 19:38:02', '2022-03-03 19:38:02'),
(494, 'buck.cartwright@example.org', '$2y$10$92IXUNpkjO0rOQ5byMi.Ye4oKoEa3Ro9llC/.og/at2.uheWG/igi', '{\"en\":\"Tyrique Glover\"}', '417975334', '1835841374', '1323166008', '{\"en\":\"Est.\"}', 223, 3, 1, 'Fugit est quo modi.', '{\"en\":\"Treva Armstrong II\"}', '1891134630', '22963966', '166911774', '{\"en\":\"Qui.\"}', 23, 3, 1, 'Qui odio enim.', '2022-03-03 19:38:02', '2022-03-03 19:38:02');
INSERT INTO `guardians` (`id`, `email`, `password`, `name_father`, `national_id_father`, `passport_id_father`, `phone_father`, `job_father`, `nationality_father_id`, `blood_type_father_id`, `religion_father_id`, `address_father`, `name_mother`, `national_id_mother`, `passport_id_mother`, `phone_mother`, `job_mother`, `nationality_mother_id`, `blood_type_mother_id`, `religion_mother_id`, `address_mother`, `created_at`, `updated_at`) VALUES
(495, 'candace.swaniawski@example.net', '$2y$10$92IXUNpkjO0rOQ5byMi.Ye4oKoEa3Ro9llC/.og/at2.uheWG/igi', '{\"en\":\"Dortha Bednar\"}', '915511898', '1137688997', '197733453', '{\"en\":\"Dolor.\"}', 183, 8, 1, 'Nihil sed.', '{\"en\":\"Thaddeus Farrell MD\"}', '644342491', '1970220476', '732497313', '{\"en\":\"Autem.\"}', 120, 8, 1, 'Sequi ipsa laborum.', '2022-03-03 19:38:02', '2022-03-03 19:38:02'),
(496, 'cartwright.burdette@example.com', '$2y$10$92IXUNpkjO0rOQ5byMi.Ye4oKoEa3Ro9llC/.og/at2.uheWG/igi', '{\"en\":\"Mr. Jeromy Paucek\"}', '841345753', '223706145', '471391687', '{\"en\":\"Animi sed.\"}', 78, 8, 1, 'Qui qui laboriosam.', '{\"en\":\"Myrna Schaefer Sr.\"}', '1569598439', '208625874', '306732644', '{\"en\":\"Aut sed.\"}', 191, 2, 2, 'Ducimus molestiae.', '2022-03-03 19:38:02', '2022-03-03 19:38:02'),
(497, 'qstroman@example.org', '$2y$10$92IXUNpkjO0rOQ5byMi.Ye4oKoEa3Ro9llC/.og/at2.uheWG/igi', '{\"en\":\"Dr. Gwendolyn Mertz PhD\"}', '2040159002', '1628209121', '646994733', '{\"en\":\"Harum.\"}', 32, 1, 1, 'Eos omnis voluptas.', '{\"en\":\"Bailee Metz DVM\"}', '1863533354', '1440713821', '1442359040', '{\"en\":\"Non.\"}', 75, 2, 2, 'Qui assumenda.', '2022-03-03 19:38:02', '2022-03-03 19:38:02'),
(498, 'white.joanne@example.org', '$2y$10$92IXUNpkjO0rOQ5byMi.Ye4oKoEa3Ro9llC/.og/at2.uheWG/igi', '{\"en\":\"Kyra Swaniawski\"}', '268701580', '1483380976', '1165244340', '{\"en\":\"Aliquid.\"}', 95, 6, 1, 'Ut corrupti quis.', '{\"en\":\"Priscilla Harvey\"}', '537727175', '1071722277', '209592090', '{\"en\":\"Laborum.\"}', 58, 4, 2, 'Qui doloribus fugit.', '2022-03-03 19:38:02', '2022-03-03 19:38:02'),
(499, 'lehner.christina@example.com', '$2y$10$92IXUNpkjO0rOQ5byMi.Ye4oKoEa3Ro9llC/.og/at2.uheWG/igi', '{\"en\":\"Prof. Jacklyn Thiel IV\"}', '1903226539', '1089619749', '939734017', '{\"en\":\"Ut omnis.\"}', 2, 3, 1, 'Repellat facere.', '{\"en\":\"Thea Lemke\"}', '1058563311', '257366999', '972215929', '{\"en\":\"Possimus.\"}', 209, 2, 2, 'Assumenda odit.', '2022-03-03 19:38:02', '2022-03-03 19:38:02'),
(500, 'lurline60@example.org', '$2y$10$92IXUNpkjO0rOQ5byMi.Ye4oKoEa3Ro9llC/.og/at2.uheWG/igi', '{\"en\":\"Carlotta Miller\"}', '75269659', '1319450203', '641776922', '{\"en\":\"Earum quo.\"}', 122, 7, 1, 'Hic eos distinctio.', '{\"en\":\"Johan Hills\"}', '2039138260', '1434149646', '308551205', '{\"en\":\"Fugit.\"}', 4, 1, 1, 'Autem repellat.', '2022-03-03 19:38:02', '2022-03-03 19:38:02'),
(501, 'lehner.kaycee@example.com', '$2y$10$92IXUNpkjO0rOQ5byMi.Ye4oKoEa3Ro9llC/.og/at2.uheWG/igi', '{\"en\":\"Bernardo Shields\"}', '24289206', '1185322376', '569387073', '{\"en\":\"Voluptas.\"}', 175, 1, 1, 'Eius ab iure eius.', '{\"en\":\"Jaime Turner\"}', '776468308', '2022169729', '1615818200', '{\"en\":\"Doloribus.\"}', 91, 1, 2, 'Voluptatem officiis.', '2022-03-03 19:38:02', '2022-03-03 19:38:02'),
(502, 'aberge@example.com', '$2y$10$92IXUNpkjO0rOQ5byMi.Ye4oKoEa3Ro9llC/.og/at2.uheWG/igi', '{\"en\":\"Mr. Johan Graham PhD\"}', '1904408339', '182916987', '1801381414', '{\"en\":\"Quia id.\"}', 131, 3, 1, 'Quasi facere vel.', '{\"en\":\"Mable Muller\"}', '289166891', '806981543', '186659757', '{\"en\":\"Nostrum.\"}', 184, 6, 1, 'Eius laboriosam.', '2022-03-03 19:38:02', '2022-03-03 19:38:02'),
(503, 'qkuhn@example.net', '$2y$10$92IXUNpkjO0rOQ5byMi.Ye4oKoEa3Ro9llC/.og/at2.uheWG/igi', '{\"en\":\"Maeve King\"}', '1528459810', '1819475570', '309291232', '{\"en\":\"Deserunt.\"}', 204, 3, 1, 'Sed officia iste.', '{\"en\":\"Mrs. Nikki Hamill\"}', '746768998', '1086569560', '1371996480', '{\"en\":\"Minus.\"}', 220, 6, 2, 'Ab et expedita cum.', '2022-03-03 19:38:02', '2022-03-03 19:38:02'),
(504, 'jamey.yost@example.com', '$2y$10$92IXUNpkjO0rOQ5byMi.Ye4oKoEa3Ro9llC/.og/at2.uheWG/igi', '{\"en\":\"Mr. Jasmin Kunze\"}', '764063022', '506511606', '1164317833', '{\"en\":\"Rerum.\"}', 226, 3, 2, 'Quia aperiam saepe.', '{\"en\":\"Ubaldo Davis\"}', '1740454408', '1384296526', '381849508', '{\"en\":\"A qui.\"}', 207, 7, 1, 'Doloremque deserunt.', '2022-03-03 19:38:02', '2022-03-03 19:38:02'),
(505, 'brenden.morar@example.org', '$2y$10$92IXUNpkjO0rOQ5byMi.Ye4oKoEa3Ro9llC/.og/at2.uheWG/igi', '{\"en\":\"Fanny Altenwerth\"}', '558185229', '414920727', '1842314508', '{\"en\":\"Minus.\"}', 198, 3, 2, 'Et voluptas.', '{\"en\":\"Katelin Stoltenberg\"}', '1643931790', '1926571781', '1222522292', '{\"en\":\"Sint.\"}', 143, 2, 1, 'Quidem et et.', '2022-03-03 19:38:02', '2022-03-03 19:38:02'),
(506, 'terry.ullrich@example.net', '$2y$10$92IXUNpkjO0rOQ5byMi.Ye4oKoEa3Ro9llC/.og/at2.uheWG/igi', '{\"en\":\"Prof. Alex Howell\"}', '1226064278', '1988444626', '2002013090', '{\"en\":\"Similique.\"}', 221, 1, 1, 'Id sequi aliquid.', '{\"en\":\"Kailee Rolfson\"}', '526682809', '2011514361', '2058589348', '{\"en\":\"Hic quas.\"}', 6, 8, 2, 'Et ad ut vel autem.', '2022-03-03 19:38:02', '2022-03-03 19:38:02'),
(507, 'afisher@example.com', '$2y$10$92IXUNpkjO0rOQ5byMi.Ye4oKoEa3Ro9llC/.og/at2.uheWG/igi', '{\"en\":\"Mrs. Dominique Hyatt DVM\"}', '1549645702', '76255403', '26739925', '{\"en\":\"Sunt ut.\"}', 39, 1, 1, 'Adipisci optio.', '{\"en\":\"Maybelle Braun\"}', '185826307', '768186879', '1625001252', '{\"en\":\"Ipsum.\"}', 8, 5, 2, 'Quia porro sunt.', '2022-03-03 19:38:02', '2022-03-03 19:38:02'),
(509, 'ashry@ashry.com', '$2y$10$Fv0m4nmzabVPsfuOKfKnfOfG0zR.xfMFM.IA2XWDDrfW9.JwVrAXq', '{\"en\":\"Tarek Mahmod Mohamed El Ashry\",\"ar\":\"\\u0637\\u0627\\u0631\\u0642 \\u0645\\u062d\\u0645\\u0648\\u062f \\u0645\\u062d\\u0645\\u062f \\u0627\\u0644\\u0639\\u0634\\u0631\\u0649\"}', '12354789562145', '2585258525', '15151514524', '{\"en\":\"ghgh fh\",\"ar\":\"\\u0628\\u0644\\u0644\\u0628 \\u0644\\u064a\\u0628\\u0644\"}', 19, 3, 1, 'fhg fghf ', '{\"en\":\"Toqa Tarek Mahmod Mohamed El Ashry\",\"ar\":\"\\u062a\\u0642\\u0649 \\u0637\\u0627\\u0631\\u0642 \\u0645\\u062d\\u0645\\u0648\\u062f \\u0645\\u062d\\u0645\\u062f \\u0627\\u0644\\u0639\\u0634\\u0631\\u0649\"}', '21569874523654', '1236547896', '25845214521', '{\"en\":\"non\",\"ar\":\"\\u0644\\u0627\"}', 18, 1, 1, 'fhjd djjkfk', '2022-03-04 11:01:50', '2022-03-04 11:01:50');

-- --------------------------------------------------------

--
-- Table structure for table `images`
--

CREATE TABLE `images` (
  `id` bigint(20) UNSIGNED NOT NULL,
  `filename` varchar(255) COLLATE utf8mb4_unicode_ci NOT NULL,
  `imageable_id` int(11) NOT NULL,
  `imageable_type` varchar(255) COLLATE utf8mb4_unicode_ci NOT NULL,
  `created_at` timestamp NULL DEFAULT NULL,
  `updated_at` timestamp NULL DEFAULT NULL
) ENGINE=InnoDB DEFAULT CHARSET=utf8mb4 COLLATE=utf8mb4_unicode_ci;

--
-- Dumping data for table `images`
--

INSERT INTO `images` (`id`, `filename`, `imageable_id`, `imageable_type`, `created_at`, `updated_at`) VALUES
(1, 'elkemma.png', 1, 'App\\Models\\Student', '2022-02-28 21:53:50', '2022-02-28 21:53:50'),
(2, 'elkemma.png', 2, 'App\\Models\\Student', '2022-03-01 17:08:20', '2022-03-01 17:08:20'),
(3, 'elkemma.png', 13, 'App\\Models\\Student', '2022-03-03 18:49:17', '2022-03-03 18:49:17'),
(4, 'elkemma.png', 512, 'App\\Models\\Student', '2022-03-03 19:30:18', '2022-03-03 19:30:18');

-- --------------------------------------------------------

--
-- Table structure for table `libraries`
--

CREATE TABLE `libraries` (
  `id` bigint(20) UNSIGNED NOT NULL,
  `title` varchar(255) COLLATE utf8mb4_unicode_ci NOT NULL,
  `file_name` varchar(255) COLLATE utf8mb4_unicode_ci NOT NULL,
  `grade_id` bigint(20) UNSIGNED NOT NULL,
  `classroom_id` bigint(20) UNSIGNED NOT NULL,
  `section_id` bigint(20) UNSIGNED NOT NULL,
  `teacher_id` bigint(20) UNSIGNED NOT NULL,
  `created_at` timestamp NULL DEFAULT NULL,
  `updated_at` timestamp NULL DEFAULT NULL
) ENGINE=InnoDB DEFAULT CHARSET=utf8mb4 COLLATE=utf8mb4_unicode_ci;

-- --------------------------------------------------------

--
-- Table structure for table `migrations`
--

CREATE TABLE `migrations` (
  `id` int(10) UNSIGNED NOT NULL,
  `migration` varchar(255) COLLATE utf8mb4_unicode_ci NOT NULL,
  `batch` int(11) NOT NULL
) ENGINE=InnoDB DEFAULT CHARSET=utf8mb4 COLLATE=utf8mb4_unicode_ci;

--
-- Dumping data for table `migrations`
--

INSERT INTO `migrations` (`id`, `migration`, `batch`) VALUES
(1, '2014_10_12_000000_create_users_table', 1),
(2, '2014_10_12_100000_create_password_resets_table', 1),
(3, '2019_08_19_000000_create_failed_jobs_table', 1),
(4, '2019_12_14_000001_create_personal_access_tokens_table', 1),
(5, '2022_02_15_105659_create_admins_table', 1),
(6, '2022_02_16_092615_create_grade_table', 2),
(7, '2022_02_16_093052_create_classroom_table', 2),
(8, '2022_02_16_093128_create_sections_table', 2),
(9, '2022_02_16_093639_create_bloodtypes_table', 2),
(10, '2022_02_16_094916_create_nationalities_table', 2),
(11, '2022_02_16_094928_create_religions_table', 2),
(12, '2022_02_16_094939_create_guardians_table', 2),
(13, '2022_02_16_094951_create_parent_attachments_table', 2),
(14, '2022_02_16_095003_create_foreign_keys', 2),
(15, '2022_02_16_095018_create_genders_table', 2),
(16, '2022_02_16_095030_create_specializations_table', 2),
(17, '2022_02_16_095043_create_teachers_table', 2),
(18, '2022_02_16_095057_create_teacher_sections_table', 2),
(19, '2022_02_16_095109_create_students_table', 2),
(20, '2022_02_16_095121_create_images_table', 2),
(21, '2022_02_16_095132_create_promotions_table', 2),
(22, '2022_02_16_095145_create_fees_table', 2),
(23, '2022_02_16_095156_create_fee_invoices_table', 2),
(24, '2022_02_16_095208_create_student_accounts_table', 2),
(25, '2022_02_16_095219_create_receipt_students_table', 2),
(26, '2022_02_16_095230_create_fund_accounts_table', 2),
(27, '2022_02_16_095241_create_processing_fees_table', 2),
(28, '2022_02_16_095253_create_payment_students_table', 2),
(29, '2022_02_16_095304_create_attendances_table', 2),
(30, '2022_02_16_095317_create_subjects_table', 2),
(31, '2022_02_16_095329_create_quizzes_table', 2),
(32, '2022_02_16_095340_create_questions_table', 2),
(33, '2022_02_16_095351_create_online_classes_table', 2),
(34, '2022_02_16_095412_create_libraries_table', 2),
(35, '2022_02_16_095423_create_settings_table', 2),
(36, '2022_02_16_095435_create_events_table', 2);

-- --------------------------------------------------------

--
-- Table structure for table `nationalities`
--

CREATE TABLE `nationalities` (
  `id` bigint(20) UNSIGNED NOT NULL,
  `name` varchar(255) COLLATE utf8mb4_unicode_ci NOT NULL,
  `created_at` timestamp NULL DEFAULT NULL,
  `updated_at` timestamp NULL DEFAULT NULL
) ENGINE=InnoDB DEFAULT CHARSET=utf8mb4 COLLATE=utf8mb4_unicode_ci;

--
-- Dumping data for table `nationalities`
--

INSERT INTO `nationalities` (`id`, `name`, `created_at`, `updated_at`) VALUES
(1, '{\"en\":\"Afghan\",\"ar\":\"\\u0623\\u0641\\u063a\\u0627\\u0646\\u0633\\u062a\\u0627\\u0646\\u064a\"}', '2022-02-16 08:37:26', '2022-02-16 08:37:26'),
(2, '{\"en\":\"Albanian\",\"ar\":\"\\u0623\\u0644\\u0628\\u0627\\u0646\\u064a\"}', '2022-02-16 08:37:26', '2022-02-16 08:37:26'),
(3, '{\"en\":\"Aland Islander\",\"ar\":\"\\u0622\\u0644\\u0627\\u0646\\u062f\\u064a\"}', '2022-02-16 08:37:26', '2022-02-16 08:37:26'),
(4, '{\"en\":\"Algerian\",\"ar\":\"\\u062c\\u0632\\u0627\\u0626\\u0631\\u064a\"}', '2022-02-16 08:37:26', '2022-02-16 08:37:26'),
(5, '{\"en\":\"American Samoan\",\"ar\":\"\\u0623\\u0645\\u0631\\u064a\\u0643\\u064a \\u0633\\u0627\\u0645\\u0648\\u0627\\u0646\\u064a\"}', '2022-02-16 08:37:26', '2022-02-16 08:37:26'),
(6, '{\"en\":\"Andorran\",\"ar\":\"\\u0623\\u0646\\u062f\\u0648\\u0631\\u064a\"}', '2022-02-16 08:37:26', '2022-02-16 08:37:26'),
(7, '{\"en\":\"Angolan\",\"ar\":\"\\u0623\\u0646\\u0642\\u0648\\u0644\\u064a\"}', '2022-02-16 08:37:26', '2022-02-16 08:37:26'),
(8, '{\"en\":\"Anguillan\",\"ar\":\"\\u0623\\u0646\\u063a\\u0648\\u064a\\u0644\\u064a\"}', '2022-02-16 08:37:26', '2022-02-16 08:37:26'),
(9, '{\"en\":\"Antarctican\",\"ar\":\"\\u0623\\u0646\\u062a\\u0627\\u0631\\u0643\\u062a\\u064a\\u0643\\u064a\"}', '2022-02-16 08:37:26', '2022-02-16 08:37:26'),
(10, '{\"en\":\"Antiguan\",\"ar\":\"\\u0628\\u0631\\u0628\\u0648\\u062f\\u064a\"}', '2022-02-16 08:37:26', '2022-02-16 08:37:26'),
(11, '{\"en\":\"Argentinian\",\"ar\":\"\\u0623\\u0631\\u062c\\u0646\\u062a\\u064a\\u0646\\u064a\"}', '2022-02-16 08:37:26', '2022-02-16 08:37:26'),
(12, '{\"en\":\"Armenian\",\"ar\":\"\\u0623\\u0631\\u0645\\u064a\\u0646\\u064a\"}', '2022-02-16 08:37:26', '2022-02-16 08:37:26'),
(13, '{\"en\":\"Aruban\",\"ar\":\"\\u0623\\u0648\\u0631\\u0648\\u0628\\u0647\\u064a\\u0646\\u064a\"}', '2022-02-16 08:37:26', '2022-02-16 08:37:26'),
(14, '{\"en\":\"Australian\",\"ar\":\"\\u0623\\u0633\\u062a\\u0631\\u0627\\u0644\\u064a\"}', '2022-02-16 08:37:26', '2022-02-16 08:37:26'),
(15, '{\"en\":\"Austrian\",\"ar\":\"\\u0646\\u0645\\u0633\\u0627\\u0648\\u064a\"}', '2022-02-16 08:37:26', '2022-02-16 08:37:26'),
(16, '{\"en\":\"Azerbaijani\",\"ar\":\"\\u0623\\u0630\\u0631\\u0628\\u064a\\u062c\\u0627\\u0646\\u064a\"}', '2022-02-16 08:37:26', '2022-02-16 08:37:26'),
(17, '{\"en\":\"Bahamian\",\"ar\":\"\\u0628\\u0627\\u0647\\u0627\\u0645\\u064a\\u0633\\u064a\"}', '2022-02-16 08:37:26', '2022-02-16 08:37:26'),
(18, '{\"en\":\"Bahraini\",\"ar\":\"\\u0628\\u062d\\u0631\\u064a\\u0646\\u064a\"}', '2022-02-16 08:37:26', '2022-02-16 08:37:26'),
(19, '{\"en\":\"Bangladeshi\",\"ar\":\"\\u0628\\u0646\\u063a\\u0644\\u0627\\u062f\\u064a\\u0634\\u064a\"}', '2022-02-16 08:37:26', '2022-02-16 08:37:26'),
(20, '{\"en\":\"Barbadian\",\"ar\":\"\\u0628\\u0631\\u0628\\u0627\\u062f\\u0648\\u0633\\u064a\"}', '2022-02-16 08:37:26', '2022-02-16 08:37:26'),
(21, '{\"en\":\"Belarusian\",\"ar\":\"\\u0631\\u0648\\u0633\\u064a\"}', '2022-02-16 08:37:26', '2022-02-16 08:37:26'),
(22, '{\"en\":\"Belgian\",\"ar\":\"\\u0628\\u0644\\u062c\\u064a\\u0643\\u064a\"}', '2022-02-16 08:37:26', '2022-02-16 08:37:26'),
(23, '{\"en\":\"Belizean\",\"ar\":\"\\u0628\\u064a\\u0644\\u064a\\u0632\\u064a\"}', '2022-02-16 08:37:27', '2022-02-16 08:37:27'),
(24, '{\"en\":\"Beninese\",\"ar\":\"\\u0628\\u0646\\u064a\\u0646\\u064a\"}', '2022-02-16 08:37:27', '2022-02-16 08:37:27'),
(25, '{\"en\":\"Saint Barthelmian\",\"ar\":\"\\u0633\\u0627\\u0646 \\u0628\\u0627\\u0631\\u062a\\u064a\\u0644\\u0645\\u064a\"}', '2022-02-16 08:37:27', '2022-02-16 08:37:27'),
(26, '{\"en\":\"Bermudan\",\"ar\":\"\\u0628\\u0631\\u0645\\u0648\\u062f\\u064a\"}', '2022-02-16 08:37:27', '2022-02-16 08:37:27'),
(27, '{\"en\":\"Bhutanese\",\"ar\":\"\\u0628\\u0648\\u062a\\u0627\\u0646\\u064a\"}', '2022-02-16 08:37:27', '2022-02-16 08:37:27'),
(28, '{\"en\":\"Bolivian\",\"ar\":\"\\u0628\\u0648\\u0644\\u064a\\u0641\\u064a\"}', '2022-02-16 08:37:27', '2022-02-16 08:37:27'),
(29, '{\"en\":\"Bosnian \\/ Herzegovinian\",\"ar\":\"\\u0628\\u0648\\u0633\\u0646\\u064a\\/\\u0647\\u0631\\u0633\\u0643\\u064a\"}', '2022-02-16 08:37:27', '2022-02-16 08:37:27'),
(30, '{\"en\":\"Botswanan\",\"ar\":\"\\u0628\\u0648\\u062a\\u0633\\u0648\\u0627\\u0646\\u064a\"}', '2022-02-16 08:37:27', '2022-02-16 08:37:27'),
(31, '{\"en\":\"Bouvetian\",\"ar\":\"\\u0628\\u0648\\u0641\\u064a\\u0647\\u064a\"}', '2022-02-16 08:37:27', '2022-02-16 08:37:27'),
(32, '{\"en\":\"Brazilian\",\"ar\":\"\\u0628\\u0631\\u0627\\u0632\\u064a\\u0644\\u064a\"}', '2022-02-16 08:37:27', '2022-02-16 08:37:27'),
(33, '{\"en\":\"British Indian Ocean Territory\",\"ar\":\"\\u0625\\u0642\\u0644\\u064a\\u0645 \\u0627\\u0644\\u0645\\u062d\\u064a\\u0637 \\u0627\\u0644\\u0647\\u0646\\u062f\\u064a \\u0627\\u0644\\u0628\\u0631\\u064a\\u0637\\u0627\\u0646\\u064a\"}', '2022-02-16 08:37:27', '2022-02-16 08:37:27'),
(34, '{\"en\":\"Bruneian\",\"ar\":\"\\u0628\\u0631\\u0648\\u0646\\u064a\"}', '2022-02-16 08:37:27', '2022-02-16 08:37:27'),
(35, '{\"en\":\"Bulgarian\",\"ar\":\"\\u0628\\u0644\\u063a\\u0627\\u0631\\u064a\"}', '2022-02-16 08:37:27', '2022-02-16 08:37:27'),
(36, '{\"en\":\"Burkinabe\",\"ar\":\"\\u0628\\u0648\\u0631\\u0643\\u064a\\u0646\\u064a\"}', '2022-02-16 08:37:27', '2022-02-16 08:37:27'),
(37, '{\"en\":\"Burundian\",\"ar\":\"\\u0628\\u0648\\u0631\\u0648\\u0646\\u064a\\u062f\\u064a\"}', '2022-02-16 08:37:27', '2022-02-16 08:37:27'),
(38, '{\"en\":\"Cambodian\",\"ar\":\"\\u0643\\u0645\\u0628\\u0648\\u062f\\u064a\"}', '2022-02-16 08:37:27', '2022-02-16 08:37:27'),
(39, '{\"en\":\"Cameroonian\",\"ar\":\"\\u0643\\u0627\\u0645\\u064a\\u0631\\u0648\\u0646\\u064a\"}', '2022-02-16 08:37:27', '2022-02-16 08:37:27'),
(40, '{\"en\":\"Canadian\",\"ar\":\"\\u0643\\u0646\\u062f\\u064a\"}', '2022-02-16 08:37:27', '2022-02-16 08:37:27'),
(41, '{\"en\":\"Cape Verdean\",\"ar\":\"\\u0627\\u0644\\u0631\\u0623\\u0633 \\u0627\\u0644\\u0623\\u062e\\u0636\\u0631\"}', '2022-02-16 08:37:27', '2022-02-16 08:37:27'),
(42, '{\"en\":\"Caymanian\",\"ar\":\"\\u0643\\u0627\\u064a\\u0645\\u0627\\u0646\\u064a\"}', '2022-02-16 08:37:27', '2022-02-16 08:37:27'),
(43, '{\"en\":\"Central African\",\"ar\":\"\\u0623\\u0641\\u0631\\u064a\\u0642\\u064a\"}', '2022-02-16 08:37:27', '2022-02-16 08:37:27'),
(44, '{\"en\":\"Chadian\",\"ar\":\"\\u062a\\u0634\\u0627\\u062f\\u064a\"}', '2022-02-16 08:37:27', '2022-02-16 08:37:27'),
(45, '{\"en\":\"Chilean\",\"ar\":\"\\u0634\\u064a\\u0644\\u064a\"}', '2022-02-16 08:37:27', '2022-02-16 08:37:27'),
(46, '{\"en\":\"Chinese\",\"ar\":\"\\u0635\\u064a\\u0646\\u064a\"}', '2022-02-16 08:37:27', '2022-02-16 08:37:27'),
(47, '{\"en\":\"Christmas Islander\",\"ar\":\"\\u062c\\u0632\\u064a\\u0631\\u0629 \\u0639\\u064a\\u062f \\u0627\\u0644\\u0645\\u064a\\u0644\\u0627\\u062f\"}', '2022-02-16 08:37:27', '2022-02-16 08:37:27'),
(48, '{\"en\":\"Cocos Islander\",\"ar\":\"\\u062c\\u0632\\u0631 \\u0643\\u0648\\u0643\\u0648\\u0633\"}', '2022-02-16 08:37:27', '2022-02-16 08:37:27'),
(49, '{\"en\":\"Colombian\",\"ar\":\"\\u0643\\u0648\\u0644\\u0648\\u0645\\u0628\\u064a\"}', '2022-02-16 08:37:27', '2022-02-16 08:37:27'),
(50, '{\"en\":\"Comorian\",\"ar\":\"\\u062c\\u0632\\u0631 \\u0627\\u0644\\u0642\\u0645\\u0631\"}', '2022-02-16 08:37:27', '2022-02-16 08:37:27'),
(51, '{\"en\":\"Congolese\",\"ar\":\"\\u0643\\u0648\\u0646\\u063a\\u064a\"}', '2022-02-16 08:37:27', '2022-02-16 08:37:27'),
(52, '{\"en\":\"Cook Islander\",\"ar\":\"\\u062c\\u0632\\u0631 \\u0643\\u0648\\u0643\"}', '2022-02-16 08:37:27', '2022-02-16 08:37:27'),
(53, '{\"en\":\"Costa Rican\",\"ar\":\"\\u0643\\u0648\\u0633\\u062a\\u0627\\u0631\\u064a\\u0643\\u064a\"}', '2022-02-16 08:37:27', '2022-02-16 08:37:27'),
(54, '{\"en\":\"Croatian\",\"ar\":\"\\u0643\\u0648\\u0631\\u0627\\u062a\\u064a\"}', '2022-02-16 08:37:28', '2022-02-16 08:37:28'),
(55, '{\"en\":\"Cuban\",\"ar\":\"\\u0643\\u0648\\u0628\\u064a\"}', '2022-02-16 08:37:28', '2022-02-16 08:37:28'),
(56, '{\"en\":\"Cypriot\",\"ar\":\"\\u0642\\u0628\\u0631\\u0635\\u064a\"}', '2022-02-16 08:37:28', '2022-02-16 08:37:28'),
(57, '{\"en\":\"Curacian\",\"ar\":\"\\u0643\\u0648\\u0631\\u0627\\u0633\\u0627\\u0648\\u064a\"}', '2022-02-16 08:37:28', '2022-02-16 08:37:28'),
(58, '{\"en\":\"Czech\",\"ar\":\"\\u062a\\u0634\\u064a\\u0643\\u064a\"}', '2022-02-16 08:37:28', '2022-02-16 08:37:28'),
(59, '{\"en\":\"Danish\",\"ar\":\"\\u062f\\u0646\\u0645\\u0627\\u0631\\u0643\\u064a\"}', '2022-02-16 08:37:28', '2022-02-16 08:37:28'),
(60, '{\"en\":\"Djiboutian\",\"ar\":\"\\u062c\\u064a\\u0628\\u0648\\u062a\\u064a\"}', '2022-02-16 08:37:28', '2022-02-16 08:37:28'),
(61, '{\"en\":\"Dominican\",\"ar\":\"\\u062f\\u0648\\u0645\\u064a\\u0646\\u064a\\u0643\\u064a\"}', '2022-02-16 08:37:28', '2022-02-16 08:37:28'),
(62, '{\"en\":\"Dominican\",\"ar\":\"\\u062f\\u0648\\u0645\\u064a\\u0646\\u064a\\u0643\\u064a\"}', '2022-02-16 08:37:28', '2022-02-16 08:37:28'),
(63, '{\"en\":\"Ecuadorian\",\"ar\":\"\\u0625\\u0643\\u0648\\u0627\\u062f\\u0648\\u0631\\u064a\"}', '2022-02-16 08:37:28', '2022-02-16 08:37:28'),
(64, '{\"en\":\"Egyptian\",\"ar\":\"\\u0645\\u0635\\u0631\\u064a\"}', '2022-02-16 08:37:28', '2022-02-16 08:37:28'),
(65, '{\"en\":\"Salvadoran\",\"ar\":\"\\u0633\\u0644\\u0641\\u0627\\u062f\\u0648\\u0631\\u064a\"}', '2022-02-16 08:37:28', '2022-02-16 08:37:28'),
(66, '{\"en\":\"Equatorial Guinean\",\"ar\":\"\\u063a\\u064a\\u0646\\u064a\"}', '2022-02-16 08:37:28', '2022-02-16 08:37:28'),
(67, '{\"en\":\"Eritrean\",\"ar\":\"\\u0625\\u0631\\u064a\\u062a\\u064a\\u0631\\u064a\"}', '2022-02-16 08:37:28', '2022-02-16 08:37:28'),
(68, '{\"en\":\"Estonian\",\"ar\":\"\\u0627\\u0633\\u062a\\u0648\\u0646\\u064a\"}', '2022-02-16 08:37:28', '2022-02-16 08:37:28'),
(69, '{\"en\":\"Ethiopian\",\"ar\":\"\\u0623\\u062b\\u064a\\u0648\\u0628\\u064a\"}', '2022-02-16 08:37:28', '2022-02-16 08:37:28'),
(70, '{\"en\":\"Falkland Islander\",\"ar\":\"\\u0641\\u0648\\u0643\\u0644\\u0627\\u0646\\u062f\\u064a\"}', '2022-02-16 08:37:28', '2022-02-16 08:37:28'),
(71, '{\"en\":\"Faroese\",\"ar\":\"\\u062c\\u0632\\u0631 \\u0641\\u0627\\u0631\\u0648\"}', '2022-02-16 08:37:28', '2022-02-16 08:37:28'),
(72, '{\"en\":\"Fijian\",\"ar\":\"\\u0641\\u064a\\u062c\\u064a\"}', '2022-02-16 08:37:28', '2022-02-16 08:37:28'),
(73, '{\"en\":\"Finnish\",\"ar\":\"\\u0641\\u0646\\u0644\\u0646\\u062f\\u064a\"}', '2022-02-16 08:37:28', '2022-02-16 08:37:28'),
(74, '{\"en\":\"French\",\"ar\":\"\\u0641\\u0631\\u0646\\u0633\\u064a\"}', '2022-02-16 08:37:28', '2022-02-16 08:37:28'),
(75, '{\"en\":\"French Guianese\",\"ar\":\"\\u063a\\u0648\\u064a\\u0627\\u0646\\u0627 \\u0627\\u0644\\u0641\\u0631\\u0646\\u0633\\u064a\\u0629\"}', '2022-02-16 08:37:28', '2022-02-16 08:37:28'),
(76, '{\"en\":\"French Polynesian\",\"ar\":\"\\u0628\\u0648\\u0644\\u064a\\u0646\\u064a\\u0632\\u064a\\u064a\"}', '2022-02-16 08:37:28', '2022-02-16 08:37:28'),
(77, '{\"en\":\"French\",\"ar\":\"\\u0623\\u0631\\u0627\\u0636 \\u0641\\u0631\\u0646\\u0633\\u064a\\u0629 \\u062c\\u0646\\u0648\\u0628\\u064a\\u0629 \\u0648\\u0623\\u0646\\u062a\\u0627\\u0631\\u062a\\u064a\\u0643\\u064a\\u0629\"}', '2022-02-16 08:37:28', '2022-02-16 08:37:28'),
(78, '{\"en\":\"Gabonese\",\"ar\":\"\\u063a\\u0627\\u0628\\u0648\\u0646\\u064a\"}', '2022-02-16 08:37:28', '2022-02-16 08:37:28'),
(79, '{\"en\":\"Gambian\",\"ar\":\"\\u063a\\u0627\\u0645\\u0628\\u064a\"}', '2022-02-16 08:37:28', '2022-02-16 08:37:28'),
(80, '{\"en\":\"Georgian\",\"ar\":\"\\u062c\\u064a\\u0648\\u0631\\u062c\\u064a\"}', '2022-02-16 08:37:28', '2022-02-16 08:37:28'),
(81, '{\"en\":\"German\",\"ar\":\"\\u0623\\u0644\\u0645\\u0627\\u0646\\u064a\"}', '2022-02-16 08:37:28', '2022-02-16 08:37:28'),
(82, '{\"en\":\"Ghanaian\",\"ar\":\"\\u063a\\u0627\\u0646\\u064a\"}', '2022-02-16 08:37:28', '2022-02-16 08:37:28'),
(83, '{\"en\":\"Gibraltar\",\"ar\":\"\\u062c\\u0628\\u0644 \\u0637\\u0627\\u0631\\u0642\"}', '2022-02-16 08:37:28', '2022-02-16 08:37:28'),
(84, '{\"en\":\"Guernsian\",\"ar\":\"\\u063a\\u064a\\u0631\\u0646\\u0632\\u064a\"}', '2022-02-16 08:37:29', '2022-02-16 08:37:29'),
(85, '{\"en\":\"Greek\",\"ar\":\"\\u064a\\u0648\\u0646\\u0627\\u0646\\u064a\"}', '2022-02-16 08:37:29', '2022-02-16 08:37:29'),
(86, '{\"en\":\"Greenlandic\",\"ar\":\"\\u062c\\u0631\\u064a\\u0646\\u0644\\u0627\\u0646\\u062f\\u064a\"}', '2022-02-16 08:37:29', '2022-02-16 08:37:29'),
(87, '{\"en\":\"Grenadian\",\"ar\":\"\\u063a\\u0631\\u064a\\u0646\\u0627\\u062f\\u064a\"}', '2022-02-16 08:37:29', '2022-02-16 08:37:29'),
(88, '{\"en\":\"Guadeloupe\",\"ar\":\"\\u062c\\u0632\\u0631 \\u062c\\u0648\\u0627\\u062f\\u0644\\u0648\\u0628\"}', '2022-02-16 08:37:29', '2022-02-16 08:37:29'),
(89, '{\"en\":\"Guamanian\",\"ar\":\"\\u062c\\u0648\\u0627\\u0645\\u064a\"}', '2022-02-16 08:37:29', '2022-02-16 08:37:29'),
(90, '{\"en\":\"Guatemalan\",\"ar\":\"\\u063a\\u0648\\u0627\\u062a\\u064a\\u0645\\u0627\\u0644\\u064a\"}', '2022-02-16 08:37:29', '2022-02-16 08:37:29'),
(91, '{\"en\":\"Guinean\",\"ar\":\"\\u063a\\u064a\\u0646\\u064a\"}', '2022-02-16 08:37:29', '2022-02-16 08:37:29'),
(92, '{\"en\":\"Guinea-Bissauan\",\"ar\":\"\\u063a\\u064a\\u0646\\u064a\"}', '2022-02-16 08:37:29', '2022-02-16 08:37:29'),
(93, '{\"en\":\"Guyanese\",\"ar\":\"\\u063a\\u064a\\u0627\\u0646\\u064a\"}', '2022-02-16 08:37:29', '2022-02-16 08:37:29'),
(94, '{\"en\":\"Haitian\",\"ar\":\"\\u0647\\u0627\\u064a\\u062a\\u064a\"}', '2022-02-16 08:37:29', '2022-02-16 08:37:29'),
(95, '{\"en\":\"Heard and Mc Donald Islanders\",\"ar\":\"\\u062c\\u0632\\u064a\\u0631\\u0629 \\u0647\\u064a\\u0631\\u062f \\u0648\\u062c\\u0632\\u0631 \\u0645\\u0627\\u0643\\u062f\\u0648\\u0646\\u0627\\u0644\\u062f\"}', '2022-02-16 08:37:29', '2022-02-16 08:37:29'),
(96, '{\"en\":\"Honduran\",\"ar\":\"\\u0647\\u0646\\u062f\\u0648\\u0631\\u0627\\u0633\\u064a\"}', '2022-02-16 08:37:29', '2022-02-16 08:37:29'),
(97, '{\"en\":\"Hongkongese\",\"ar\":\"\\u0647\\u0648\\u0646\\u063a \\u0643\\u0648\\u0646\\u063a\\u064a\"}', '2022-02-16 08:37:30', '2022-02-16 08:37:30'),
(98, '{\"en\":\"Hungarian\",\"ar\":\"\\u0645\\u062c\\u0631\\u064a\"}', '2022-02-16 08:37:30', '2022-02-16 08:37:30'),
(99, '{\"en\":\"Icelandic\",\"ar\":\"\\u0622\\u064a\\u0633\\u0644\\u0646\\u062f\\u064a\"}', '2022-02-16 08:37:30', '2022-02-16 08:37:30'),
(100, '{\"en\":\"Indian\",\"ar\":\"\\u0647\\u0646\\u062f\\u064a\"}', '2022-02-16 08:37:30', '2022-02-16 08:37:30'),
(101, '{\"en\":\"Manx\",\"ar\":\"\\u0645\\u0627\\u0646\\u064a\"}', '2022-02-16 08:37:30', '2022-02-16 08:37:30'),
(102, '{\"en\":\"Indonesian\",\"ar\":\"\\u0623\\u0646\\u062f\\u0648\\u0646\\u064a\\u0633\\u064a\\u064a\"}', '2022-02-16 08:37:30', '2022-02-16 08:37:30'),
(103, '{\"en\":\"Iranian\",\"ar\":\"\\u0625\\u064a\\u0631\\u0627\\u0646\\u064a\"}', '2022-02-16 08:37:30', '2022-02-16 08:37:30'),
(104, '{\"en\":\"Iraqi\",\"ar\":\"\\u0639\\u0631\\u0627\\u0642\\u064a\"}', '2022-02-16 08:37:30', '2022-02-16 08:37:30'),
(105, '{\"en\":\"Irish\",\"ar\":\"\\u0625\\u064a\\u0631\\u0644\\u0646\\u062f\\u064a\"}', '2022-02-16 08:37:30', '2022-02-16 08:37:30'),
(106, '{\"en\":\"Italian\",\"ar\":\"\\u0625\\u064a\\u0637\\u0627\\u0644\\u064a\"}', '2022-02-16 08:37:30', '2022-02-16 08:37:30'),
(107, '{\"en\":\"Ivory Coastian\",\"ar\":\"\\u0633\\u0627\\u062d\\u0644 \\u0627\\u0644\\u0639\\u0627\\u062c\"}', '2022-02-16 08:37:30', '2022-02-16 08:37:30'),
(108, '{\"en\":\"Jersian\",\"ar\":\"\\u062c\\u064a\\u0631\\u0632\\u064a\"}', '2022-02-16 08:37:30', '2022-02-16 08:37:30'),
(109, '{\"en\":\"Jamaican\",\"ar\":\"\\u062c\\u0645\\u0627\\u064a\\u0643\\u064a\"}', '2022-02-16 08:37:30', '2022-02-16 08:37:30'),
(110, '{\"en\":\"Japanese\",\"ar\":\"\\u064a\\u0627\\u0628\\u0627\\u0646\\u064a\"}', '2022-02-16 08:37:30', '2022-02-16 08:37:30'),
(111, '{\"en\":\"Jordanian\",\"ar\":\"\\u0623\\u0631\\u062f\\u0646\\u064a\"}', '2022-02-16 08:37:31', '2022-02-16 08:37:31'),
(112, '{\"en\":\"Kazakh\",\"ar\":\"\\u0643\\u0627\\u0632\\u0627\\u062e\\u0633\\u062a\\u0627\\u0646\\u064a\"}', '2022-02-16 08:37:31', '2022-02-16 08:37:31'),
(113, '{\"en\":\"Kenyan\",\"ar\":\"\\u0643\\u064a\\u0646\\u064a\"}', '2022-02-16 08:37:31', '2022-02-16 08:37:31'),
(114, '{\"en\":\"I-Kiribati\",\"ar\":\"\\u0643\\u064a\\u0631\\u064a\\u0628\\u0627\\u062a\\u064a\"}', '2022-02-16 08:37:31', '2022-02-16 08:37:31'),
(115, '{\"en\":\"North Korean\",\"ar\":\"\\u0643\\u0648\\u0631\\u064a\"}', '2022-02-16 08:37:31', '2022-02-16 08:37:31'),
(116, '{\"en\":\"South Korean\",\"ar\":\"\\u0643\\u0648\\u0631\\u064a\"}', '2022-02-16 08:37:31', '2022-02-16 08:37:31'),
(117, '{\"en\":\"Kosovar\",\"ar\":\"\\u0643\\u0648\\u0633\\u064a\\u0641\\u064a\"}', '2022-02-16 08:37:31', '2022-02-16 08:37:31'),
(118, '{\"en\":\"Kuwaiti\",\"ar\":\"\\u0643\\u0648\\u064a\\u062a\\u064a\"}', '2022-02-16 08:37:31', '2022-02-16 08:37:31'),
(119, '{\"en\":\"Kyrgyzstani\",\"ar\":\"\\u0642\\u064a\\u0631\\u063a\\u064a\\u0632\\u0633\\u062a\\u0627\\u0646\\u064a\"}', '2022-02-16 08:37:31', '2022-02-16 08:37:31'),
(120, '{\"en\":\"Laotian\",\"ar\":\"\\u0644\\u0627\\u0648\\u0633\\u064a\"}', '2022-02-16 08:37:31', '2022-02-16 08:37:31'),
(121, '{\"en\":\"Latvian\",\"ar\":\"\\u0644\\u0627\\u062a\\u064a\\u0641\\u064a\"}', '2022-02-16 08:37:31', '2022-02-16 08:37:31'),
(122, '{\"en\":\"Lebanese\",\"ar\":\"\\u0644\\u0628\\u0646\\u0627\\u0646\\u064a\"}', '2022-02-16 08:37:31', '2022-02-16 08:37:31'),
(123, '{\"en\":\"Basotho\",\"ar\":\"\\u0644\\u064a\\u0648\\u0633\\u064a\\u062a\\u064a\"}', '2022-02-16 08:37:31', '2022-02-16 08:37:31'),
(124, '{\"en\":\"Liberian\",\"ar\":\"\\u0644\\u064a\\u0628\\u064a\\u0631\\u064a\"}', '2022-02-16 08:37:31', '2022-02-16 08:37:31'),
(125, '{\"en\":\"Libyan\",\"ar\":\"\\u0644\\u064a\\u0628\\u064a\"}', '2022-02-16 08:37:31', '2022-02-16 08:37:31'),
(126, '{\"en\":\"Liechtenstein\",\"ar\":\"\\u0644\\u064a\\u062e\\u062a\\u0646\\u0634\\u062a\\u064a\\u0646\\u064a\"}', '2022-02-16 08:37:31', '2022-02-16 08:37:31'),
(127, '{\"en\":\"Lithuanian\",\"ar\":\"\\u0644\\u062a\\u0648\\u0627\\u0646\\u064a\\u064a\"}', '2022-02-16 08:37:31', '2022-02-16 08:37:31'),
(128, '{\"en\":\"Luxembourger\",\"ar\":\"\\u0644\\u0648\\u0643\\u0633\\u0645\\u0628\\u0648\\u0631\\u063a\\u064a\"}', '2022-02-16 08:37:31', '2022-02-16 08:37:31'),
(129, '{\"en\":\"Sri Lankian\",\"ar\":\"\\u0633\\u0631\\u064a\\u0644\\u0627\\u0646\\u0643\\u064a\"}', '2022-02-16 08:37:32', '2022-02-16 08:37:32'),
(130, '{\"en\":\"Macanese\",\"ar\":\"\\u0645\\u0627\\u0643\\u0627\\u0648\\u064a\"}', '2022-02-16 08:37:32', '2022-02-16 08:37:32'),
(131, '{\"en\":\"Macedonian\",\"ar\":\"\\u0645\\u0642\\u062f\\u0648\\u0646\\u064a\"}', '2022-02-16 08:37:32', '2022-02-16 08:37:32'),
(132, '{\"en\":\"Malagasy\",\"ar\":\"\\u0645\\u062f\\u063a\\u0634\\u0642\\u0631\\u064a\"}', '2022-02-16 08:37:32', '2022-02-16 08:37:32'),
(133, '{\"en\":\"Malawian\",\"ar\":\"\\u0645\\u0627\\u0644\\u0627\\u0648\\u064a\"}', '2022-02-16 08:37:32', '2022-02-16 08:37:32'),
(134, '{\"en\":\"Malaysian\",\"ar\":\"\\u0645\\u0627\\u0644\\u064a\\u0632\\u064a\"}', '2022-02-16 08:37:32', '2022-02-16 08:37:32'),
(135, '{\"en\":\"Maldivian\",\"ar\":\"\\u0645\\u0627\\u0644\\u062f\\u064a\\u0641\\u064a\"}', '2022-02-16 08:37:32', '2022-02-16 08:37:32'),
(136, '{\"en\":\"Malian\",\"ar\":\"\\u0645\\u0627\\u0644\\u064a\"}', '2022-02-16 08:37:32', '2022-02-16 08:37:32'),
(137, '{\"en\":\"Maltese\",\"ar\":\"\\u0645\\u0627\\u0644\\u0637\\u064a\"}', '2022-02-16 08:37:32', '2022-02-16 08:37:32'),
(138, '{\"en\":\"Marshallese\",\"ar\":\"\\u0645\\u0627\\u0631\\u0634\\u0627\\u0644\\u064a\"}', '2022-02-16 08:37:32', '2022-02-16 08:37:32'),
(139, '{\"en\":\"Martiniquais\",\"ar\":\"\\u0645\\u0627\\u0631\\u062a\\u064a\\u0646\\u064a\\u0643\\u064a\"}', '2022-02-16 08:37:32', '2022-02-16 08:37:32'),
(140, '{\"en\":\"Mauritanian\",\"ar\":\"\\u0645\\u0648\\u0631\\u064a\\u062a\\u0627\\u0646\\u064a\\u064a\"}', '2022-02-16 08:37:32', '2022-02-16 08:37:32'),
(141, '{\"en\":\"Mauritian\",\"ar\":\"\\u0645\\u0648\\u0631\\u064a\\u0634\\u064a\\u0648\\u0633\\u064a\"}', '2022-02-16 08:37:32', '2022-02-16 08:37:32'),
(142, '{\"en\":\"Mahoran\",\"ar\":\"\\u0645\\u0627\\u064a\\u0648\\u062a\\u064a\"}', '2022-02-16 08:37:32', '2022-02-16 08:37:32'),
(143, '{\"en\":\"Mexican\",\"ar\":\"\\u0645\\u0643\\u0633\\u064a\\u0643\\u064a\"}', '2022-02-16 08:37:32', '2022-02-16 08:37:32'),
(144, '{\"en\":\"Micronesian\",\"ar\":\"\\u0645\\u0627\\u064a\\u0643\\u0631\\u0648\\u0646\\u064a\\u0632\\u064a\\u064a\"}', '2022-02-16 08:37:32', '2022-02-16 08:37:32'),
(145, '{\"en\":\"Moldovan\",\"ar\":\"\\u0645\\u0648\\u0644\\u062f\\u064a\\u0641\\u064a\"}', '2022-02-16 08:37:33', '2022-02-16 08:37:33'),
(146, '{\"en\":\"Monacan\",\"ar\":\"\\u0645\\u0648\\u0646\\u064a\\u0643\\u064a\"}', '2022-02-16 08:37:33', '2022-02-16 08:37:33'),
(147, '{\"en\":\"Mongolian\",\"ar\":\"\\u0645\\u0646\\u063a\\u0648\\u0644\\u064a\"}', '2022-02-16 08:37:33', '2022-02-16 08:37:33'),
(148, '{\"en\":\"Montenegrin\",\"ar\":\"\\u0627\\u0644\\u062c\\u0628\\u0644 \\u0627\\u0644\\u0623\\u0633\\u0648\\u062f\"}', '2022-02-16 08:37:33', '2022-02-16 08:37:33'),
(149, '{\"en\":\"Montserratian\",\"ar\":\"\\u0645\\u0648\\u0646\\u062a\\u0633\\u064a\\u0631\\u0627\\u062a\\u064a\"}', '2022-02-16 08:37:33', '2022-02-16 08:37:33'),
(150, '{\"en\":\"Moroccan\",\"ar\":\"\\u0645\\u063a\\u0631\\u0628\\u064a\"}', '2022-02-16 08:37:33', '2022-02-16 08:37:33'),
(151, '{\"en\":\"Mozambican\",\"ar\":\"\\u0645\\u0648\\u0632\\u0645\\u0628\\u064a\\u0642\\u064a\"}', '2022-02-16 08:37:33', '2022-02-16 08:37:33'),
(152, '{\"en\":\"Myanmarian\",\"ar\":\"\\u0645\\u064a\\u0627\\u0646\\u0645\\u0627\\u0631\\u064a\"}', '2022-02-16 08:37:33', '2022-02-16 08:37:33'),
(153, '{\"en\":\"Namibian\",\"ar\":\"\\u0646\\u0627\\u0645\\u064a\\u0628\\u064a\"}', '2022-02-16 08:37:33', '2022-02-16 08:37:33'),
(154, '{\"en\":\"Nauruan\",\"ar\":\"\\u0646\\u0648\\u0631\\u064a\"}', '2022-02-16 08:37:33', '2022-02-16 08:37:33'),
(155, '{\"en\":\"Nepalese\",\"ar\":\"\\u0646\\u064a\\u0628\\u0627\\u0644\\u064a\"}', '2022-02-16 08:37:33', '2022-02-16 08:37:33'),
(156, '{\"en\":\"Dutch\",\"ar\":\"\\u0647\\u0648\\u0644\\u0646\\u062f\\u064a\"}', '2022-02-16 08:37:33', '2022-02-16 08:37:33'),
(157, '{\"en\":\"Dutch Antilier\",\"ar\":\"\\u0647\\u0648\\u0644\\u0646\\u062f\\u064a\"}', '2022-02-16 08:37:33', '2022-02-16 08:37:33'),
(158, '{\"en\":\"New Caledonian\",\"ar\":\"\\u0643\\u0627\\u0644\\u064a\\u062f\\u0648\\u0646\\u064a\"}', '2022-02-16 08:37:33', '2022-02-16 08:37:33'),
(159, '{\"en\":\"New Zealander\",\"ar\":\"\\u0646\\u064a\\u0648\\u0632\\u064a\\u0644\\u0646\\u062f\\u064a\"}', '2022-02-16 08:37:33', '2022-02-16 08:37:33'),
(160, '{\"en\":\"Nicaraguan\",\"ar\":\"\\u0646\\u064a\\u0643\\u0627\\u0631\\u0627\\u062c\\u0648\\u064a\"}', '2022-02-16 08:37:34', '2022-02-16 08:37:34'),
(161, '{\"en\":\"Nigerien\",\"ar\":\"\\u0646\\u064a\\u062c\\u064a\\u0631\\u064a\"}', '2022-02-16 08:37:34', '2022-02-16 08:37:34'),
(162, '{\"en\":\"Nigerian\",\"ar\":\"\\u0646\\u064a\\u062c\\u064a\\u0631\\u064a\"}', '2022-02-16 08:37:34', '2022-02-16 08:37:34'),
(163, '{\"en\":\"Niuean\",\"ar\":\"\\u0646\\u064a\"}', '2022-02-16 08:37:34', '2022-02-16 08:37:34'),
(164, '{\"en\":\"Norfolk Islander\",\"ar\":\"\\u0646\\u0648\\u0631\\u0641\\u0648\\u0644\\u064a\\u0643\\u064a\"}', '2022-02-16 08:37:34', '2022-02-16 08:37:34'),
(165, '{\"en\":\"Northern Marianan\",\"ar\":\"\\u0645\\u0627\\u0631\\u064a\\u0646\\u064a\"}', '2022-02-16 08:37:34', '2022-02-16 08:37:34'),
(166, '{\"en\":\"Norwegian\",\"ar\":\"\\u0646\\u0631\\u0648\\u064a\\u062c\\u064a\"}', '2022-02-16 08:37:34', '2022-02-16 08:37:34'),
(167, '{\"en\":\"Omani\",\"ar\":\"\\u0639\\u0645\\u0627\\u0646\\u064a\"}', '2022-02-16 08:37:34', '2022-02-16 08:37:34'),
(168, '{\"en\":\"Pakistani\",\"ar\":\"\\u0628\\u0627\\u0643\\u0633\\u062a\\u0627\\u0646\\u064a\"}', '2022-02-16 08:37:34', '2022-02-16 08:37:34'),
(169, '{\"en\":\"Palauan\",\"ar\":\"\\u0628\\u0627\\u0644\\u0627\\u0648\\u064a\"}', '2022-02-16 08:37:34', '2022-02-16 08:37:34'),
(170, '{\"en\":\"Palestinian\",\"ar\":\"\\u0641\\u0644\\u0633\\u0637\\u064a\\u0646\\u064a\"}', '2022-02-16 08:37:34', '2022-02-16 08:37:34'),
(171, '{\"en\":\"Panamanian\",\"ar\":\"\\u0628\\u0646\\u0645\\u064a\"}', '2022-02-16 08:37:34', '2022-02-16 08:37:34'),
(172, '{\"en\":\"Papua New Guinean\",\"ar\":\"\\u0628\\u0627\\u0628\\u0648\\u064a\"}', '2022-02-16 08:37:34', '2022-02-16 08:37:34'),
(173, '{\"en\":\"Paraguayan\",\"ar\":\"\\u0628\\u0627\\u0631\\u063a\\u0627\\u0648\\u064a\"}', '2022-02-16 08:37:34', '2022-02-16 08:37:34'),
(174, '{\"en\":\"Peruvian\",\"ar\":\"\\u0628\\u064a\\u0631\\u064a\"}', '2022-02-16 08:37:34', '2022-02-16 08:37:34'),
(175, '{\"en\":\"Filipino\",\"ar\":\"\\u0641\\u0644\\u0628\\u064a\\u0646\\u064a\"}', '2022-02-16 08:37:34', '2022-02-16 08:37:34'),
(176, '{\"en\":\"Pitcairn Islander\",\"ar\":\"\\u0628\\u064a\\u062a\\u0643\\u064a\\u0631\\u0646\\u064a\"}', '2022-02-16 08:37:34', '2022-02-16 08:37:34'),
(177, '{\"en\":\"Polish\",\"ar\":\"\\u0628\\u0648\\u0644\\u064a\\u0646\\u064a\"}', '2022-02-16 08:37:34', '2022-02-16 08:37:34'),
(178, '{\"en\":\"Portuguese\",\"ar\":\"\\u0628\\u0631\\u062a\\u063a\\u0627\\u0644\\u064a\"}', '2022-02-16 08:37:34', '2022-02-16 08:37:34'),
(179, '{\"en\":\"Puerto Rican\",\"ar\":\"\\u0628\\u0648\\u0631\\u062a\\u064a\"}', '2022-02-16 08:37:34', '2022-02-16 08:37:34'),
(180, '{\"en\":\"Qatari\",\"ar\":\"\\u0642\\u0637\\u0631\\u064a\"}', '2022-02-16 08:37:34', '2022-02-16 08:37:34'),
(181, '{\"en\":\"Reunionese\",\"ar\":\"\\u0631\\u064a\\u0648\\u0646\\u064a\\u0648\\u0646\\u064a\"}', '2022-02-16 08:37:34', '2022-02-16 08:37:34'),
(182, '{\"en\":\"Romanian\",\"ar\":\"\\u0631\\u0648\\u0645\\u0627\\u0646\\u064a\"}', '2022-02-16 08:37:34', '2022-02-16 08:37:34'),
(183, '{\"en\":\"Russian\",\"ar\":\"\\u0631\\u0648\\u0633\\u064a\"}', '2022-02-16 08:37:34', '2022-02-16 08:37:34'),
(184, '{\"en\":\"Rwandan\",\"ar\":\"\\u0631\\u0648\\u0627\\u0646\\u062f\\u0627\"}', '2022-02-16 08:37:34', '2022-02-16 08:37:34'),
(185, '{\"ar\":\"Kittitian\\/Nevisian\"}', '2022-02-16 08:37:34', '2022-02-16 08:37:34'),
(186, '{\"en\":\"St. Martian(French)\",\"ar\":\"\\u0633\\u0627\\u064a\\u0646\\u062a \\u0645\\u0627\\u0631\\u062a\\u0646\\u064a \\u0641\\u0631\\u0646\\u0633\\u064a\"}', '2022-02-16 08:37:34', '2022-02-16 08:37:34'),
(187, '{\"en\":\"St. Martian(Dutch)\",\"ar\":\"\\u0633\\u0627\\u064a\\u0646\\u062a \\u0645\\u0627\\u0631\\u062a\\u0646\\u064a \\u0647\\u0648\\u0644\\u0646\\u062f\\u064a\"}', '2022-02-16 08:37:35', '2022-02-16 08:37:35'),
(188, '{\"en\":\"St. Pierre and Miquelon\",\"ar\":\"\\u0633\\u0627\\u0646 \\u0628\\u064a\\u064a\\u0631 \\u0648\\u0645\\u064a\\u0643\\u0644\\u0648\\u0646\\u064a\"}', '2022-02-16 08:37:35', '2022-02-16 08:37:35'),
(189, '{\"en\":\"Saint Vincent and the Grenadines\",\"ar\":\"\\u0633\\u0627\\u0646\\u062a \\u0641\\u0646\\u0633\\u0646\\u062a \\u0648\\u062c\\u0632\\u0631 \\u063a\\u0631\\u064a\\u0646\\u0627\\u062f\\u064a\\u0646\"}', '2022-02-16 08:37:35', '2022-02-16 08:37:35'),
(190, '{\"en\":\"Samoan\",\"ar\":\"\\u0633\\u0627\\u0645\\u0648\\u064a\"}', '2022-02-16 08:37:35', '2022-02-16 08:37:35'),
(191, '{\"en\":\"Sammarinese\",\"ar\":\"\\u0645\\u0627\\u0631\\u064a\\u0646\\u064a\"}', '2022-02-16 08:37:35', '2022-02-16 08:37:35'),
(192, '{\"en\":\"Sao Tomean\",\"ar\":\"\\u0633\\u0627\\u0648 \\u062a\\u0648\\u0645\\u064a \\u0648\\u0628\\u0631\\u064a\\u0646\\u0633\\u064a\\u0628\\u064a\"}', '2022-02-16 08:37:35', '2022-02-16 08:37:35'),
(193, '{\"en\":\"Saudi Arabian\",\"ar\":\"\\u0633\\u0639\\u0648\\u062f\\u064a\"}', '2022-02-16 08:37:35', '2022-02-16 08:37:35'),
(194, '{\"en\":\"Senegalese\",\"ar\":\"\\u0633\\u0646\\u063a\\u0627\\u0644\\u064a\"}', '2022-02-16 08:37:35', '2022-02-16 08:37:35'),
(195, '{\"en\":\"Serbian\",\"ar\":\"\\u0635\\u0631\\u0628\\u064a\"}', '2022-02-16 08:37:35', '2022-02-16 08:37:35'),
(196, '{\"en\":\"Seychellois\",\"ar\":\"\\u0633\\u064a\\u0634\\u064a\\u0644\\u064a\"}', '2022-02-16 08:37:35', '2022-02-16 08:37:35'),
(197, '{\"en\":\"Sierra Leonean\",\"ar\":\"\\u0633\\u064a\\u0631\\u0627\\u0644\\u064a\\u0648\\u0646\\u064a\"}', '2022-02-16 08:37:35', '2022-02-16 08:37:35'),
(198, '{\"en\":\"Singaporean\",\"ar\":\"\\u0633\\u0646\\u063a\\u0627\\u0641\\u0648\\u0631\\u064a\"}', '2022-02-16 08:37:35', '2022-02-16 08:37:35'),
(199, '{\"en\":\"Slovak\",\"ar\":\"\\u0633\\u0648\\u0644\\u0641\\u0627\\u0643\\u064a\"}', '2022-02-16 08:37:35', '2022-02-16 08:37:35'),
(200, '{\"en\":\"Slovenian\",\"ar\":\"\\u0633\\u0648\\u0644\\u0641\\u064a\\u0646\\u064a\"}', '2022-02-16 08:37:35', '2022-02-16 08:37:35'),
(201, '{\"en\":\"Solomon Island\",\"ar\":\"\\u062c\\u0632\\u0631 \\u0633\\u0644\\u064a\\u0645\\u0627\\u0646\"}', '2022-02-16 08:37:36', '2022-02-16 08:37:36'),
(202, '{\"en\":\"Somali\",\"ar\":\"\\u0635\\u0648\\u0645\\u0627\\u0644\\u064a\"}', '2022-02-16 08:37:36', '2022-02-16 08:37:36'),
(203, '{\"en\":\"South African\",\"ar\":\"\\u0623\\u0641\\u0631\\u064a\\u0642\\u064a\"}', '2022-02-16 08:37:36', '2022-02-16 08:37:36'),
(204, '{\"en\":\"South Georgia and the South Sandwich\",\"ar\":\"\\u0644\\u0645\\u0646\\u0637\\u0642\\u0629 \\u0627\\u0644\\u0642\\u0637\\u0628\\u064a\\u0629 \\u0627\\u0644\\u062c\\u0646\\u0648\\u0628\\u064a\\u0629\"}', '2022-02-16 08:37:36', '2022-02-16 08:37:36'),
(205, '{\"en\":\"South Sudanese\",\"ar\":\"\\u0633\\u0648\\u0627\\u062f\\u0646\\u064a \\u062c\\u0646\\u0648\\u0628\\u064a\"}', '2022-02-16 08:37:36', '2022-02-16 08:37:36'),
(206, '{\"en\":\"Spanish\",\"ar\":\"\\u0625\\u0633\\u0628\\u0627\\u0646\\u064a\"}', '2022-02-16 08:37:36', '2022-02-16 08:37:36'),
(207, '{\"en\":\"St. Helenian\",\"ar\":\"\\u0647\\u064a\\u0644\\u0627\\u0646\\u064a\"}', '2022-02-16 08:37:36', '2022-02-16 08:37:36'),
(208, '{\"en\":\"Sudanese\",\"ar\":\"\\u0633\\u0648\\u062f\\u0627\\u0646\\u064a\"}', '2022-02-16 08:37:36', '2022-02-16 08:37:36'),
(209, '{\"en\":\"Surinamese\",\"ar\":\"\\u0633\\u0648\\u0631\\u064a\\u0646\\u0627\\u0645\\u064a\"}', '2022-02-16 08:37:36', '2022-02-16 08:37:36'),
(210, '{\"en\":\"Svalbardian\\/Jan Mayenian\",\"ar\":\"\\u0633\\u0641\\u0627\\u0644\\u0628\\u0627\\u0631\\u062f \\u0648\\u064a\\u0627\\u0646 \\u0645\\u0627\\u064a\\u0646\"}', '2022-02-16 08:37:36', '2022-02-16 08:37:36'),
(211, '{\"en\":\"Swazi\",\"ar\":\"\\u0633\\u0648\\u0627\\u0632\\u064a\\u0644\\u0646\\u062f\\u064a\"}', '2022-02-16 08:37:36', '2022-02-16 08:37:36'),
(212, '{\"en\":\"Swedish\",\"ar\":\"\\u0633\\u0648\\u064a\\u062f\\u064a\"}', '2022-02-16 08:37:36', '2022-02-16 08:37:36'),
(213, '{\"en\":\"Swiss\",\"ar\":\"\\u0633\\u0648\\u064a\\u0633\\u0631\\u064a\"}', '2022-02-16 08:37:36', '2022-02-16 08:37:36'),
(214, '{\"en\":\"Syrian\",\"ar\":\"\\u0633\\u0648\\u0631\\u064a\"}', '2022-02-16 08:37:36', '2022-02-16 08:37:36'),
(215, '{\"en\":\"Taiwanese\",\"ar\":\"\\u062a\\u0627\\u064a\\u0648\\u0627\\u0646\\u064a\"}', '2022-02-16 08:37:36', '2022-02-16 08:37:36'),
(216, '{\"en\":\"Tajikistani\",\"ar\":\"\\u0637\\u0627\\u062c\\u064a\\u0643\\u0633\\u062a\\u0627\\u0646\\u064a\"}', '2022-02-16 08:37:36', '2022-02-16 08:37:36'),
(217, '{\"en\":\"Tanzanian\",\"ar\":\"\\u062a\\u0646\\u0632\\u0627\\u0646\\u064a\\u064a\"}', '2022-02-16 08:37:37', '2022-02-16 08:37:37'),
(218, '{\"en\":\"Thai\",\"ar\":\"\\u062a\\u0627\\u064a\\u0644\\u0646\\u062f\\u064a\"}', '2022-02-16 08:37:37', '2022-02-16 08:37:37'),
(219, '{\"en\":\"Timor-Lestian\",\"ar\":\"\\u062a\\u064a\\u0645\\u0648\\u0631\\u064a\"}', '2022-02-16 08:37:37', '2022-02-16 08:37:37'),
(220, '{\"en\":\"Togolese\",\"ar\":\"\\u062a\\u0648\\u063a\\u064a\"}', '2022-02-16 08:37:37', '2022-02-16 08:37:37'),
(221, '{\"en\":\"Tokelaian\",\"ar\":\"\\u062a\\u0648\\u0643\\u064a\\u0644\\u0627\\u0648\\u064a\"}', '2022-02-16 08:37:37', '2022-02-16 08:37:37'),
(222, '{\"en\":\"Tongan\",\"ar\":\"\\u062a\\u0648\\u0646\\u063a\\u064a\"}', '2022-02-16 08:37:37', '2022-02-16 08:37:37'),
(223, '{\"en\":\"Trinidadian\\/Tobagonian\",\"ar\":\"\\u062a\\u0631\\u064a\\u0646\\u064a\\u062f\\u0627\\u062f \\u0648\\u062a\\u0648\\u0628\\u0627\\u063a\\u0648\"}', '2022-02-16 08:37:37', '2022-02-16 08:37:37'),
(224, '{\"en\":\"Tunisian\",\"ar\":\"\\u062a\\u0648\\u0646\\u0633\\u064a\"}', '2022-02-16 08:37:37', '2022-02-16 08:37:37'),
(225, '{\"en\":\"Turkish\",\"ar\":\"\\u062a\\u0631\\u0643\\u064a\"}', '2022-02-16 08:37:37', '2022-02-16 08:37:37'),
(226, '{\"en\":\"Turkmen\",\"ar\":\"\\u062a\\u0631\\u0643\\u0645\\u0627\\u0646\\u0633\\u062a\\u0627\\u0646\\u064a\"}', '2022-02-16 08:37:37', '2022-02-16 08:37:37'),
(227, '{\"en\":\"Turks and Caicos Islands\",\"ar\":\"\\u062c\\u0632\\u0631 \\u062a\\u0648\\u0631\\u0643\\u0633 \\u0648\\u0643\\u0627\\u064a\\u0643\\u0648\\u0633\"}', '2022-02-16 08:37:37', '2022-02-16 08:37:37'),
(228, '{\"en\":\"Tuvaluan\",\"ar\":\"\\u062a\\u0648\\u0641\\u0627\\u0644\\u064a\"}', '2022-02-16 08:37:37', '2022-02-16 08:37:37'),
(229, '{\"en\":\"Ugandan\",\"ar\":\"\\u0623\\u0648\\u063a\\u0646\\u062f\\u064a\"}', '2022-02-16 08:37:37', '2022-02-16 08:37:37'),
(230, '{\"en\":\"Ukrainian\",\"ar\":\"\\u0623\\u0648\\u0643\\u0631\\u0627\\u0646\\u064a\"}', '2022-02-16 08:37:37', '2022-02-16 08:37:37'),
(231, '{\"en\":\"Emirati\",\"ar\":\"\\u0625\\u0645\\u0627\\u0631\\u0627\\u062a\\u064a\"}', '2022-02-16 08:37:37', '2022-02-16 08:37:37'),
(232, '{\"en\":\"British\",\"ar\":\"\\u0628\\u0631\\u064a\\u0637\\u0627\\u0646\\u064a\"}', '2022-02-16 08:37:37', '2022-02-16 08:37:37'),
(233, '{\"en\":\"American\",\"ar\":\"\\u0623\\u0645\\u0631\\u064a\\u0643\\u064a\"}', '2022-02-16 08:37:37', '2022-02-16 08:37:37'),
(234, '{\"en\":\"US Minor Outlying Islander\",\"ar\":\"\\u0623\\u0645\\u0631\\u064a\\u0643\\u064a\"}', '2022-02-16 08:37:37', '2022-02-16 08:37:37'),
(235, '{\"en\":\"Uruguayan\",\"ar\":\"\\u0623\\u0648\\u0631\\u063a\\u0648\\u0627\\u064a\"}', '2022-02-16 08:37:37', '2022-02-16 08:37:37'),
(236, '{\"en\":\"Uzbek\",\"ar\":\"\\u0623\\u0648\\u0632\\u0628\\u0627\\u0643\\u0633\\u062a\\u0627\\u0646\\u064a\"}', '2022-02-16 08:37:37', '2022-02-16 08:37:37'),
(237, '{\"en\":\"Vanuatuan\",\"ar\":\"\\u0641\\u0627\\u0646\\u0648\\u0627\\u062a\\u064a\"}', '2022-02-16 08:37:37', '2022-02-16 08:37:37'),
(238, '{\"en\":\"Venezuelan\",\"ar\":\"\\u0641\\u0646\\u0632\\u0648\\u064a\\u0644\\u064a\"}', '2022-02-16 08:37:37', '2022-02-16 08:37:37'),
(239, '{\"en\":\"Vietnamese\",\"ar\":\"\\u0641\\u064a\\u062a\\u0646\\u0627\\u0645\\u064a\"}', '2022-02-16 08:37:37', '2022-02-16 08:37:37'),
(240, '{\"en\":\"American Virgin Islander\",\"ar\":\"\\u0623\\u0645\\u0631\\u064a\\u0643\\u064a\"}', '2022-02-16 08:37:37', '2022-02-16 08:37:37'),
(241, '{\"en\":\"Vatican\",\"ar\":\"\\u0641\\u0627\\u062a\\u064a\\u0643\\u0627\\u0646\\u064a\"}', '2022-02-16 08:37:37', '2022-02-16 08:37:37'),
(242, '{\"en\":\"Wallisian\\/Futunan\",\"ar\":\"\\u0641\\u0648\\u062a\\u0648\\u0646\\u064a\"}', '2022-02-16 08:37:37', '2022-02-16 08:37:37'),
(243, '{\"en\":\"Sahrawian\",\"ar\":\"\\u0635\\u062d\\u0631\\u0627\\u0648\\u064a\"}', '2022-02-16 08:37:37', '2022-02-16 08:37:37'),
(244, '{\"en\":\"Yemeni\",\"ar\":\"\\u064a\\u0645\\u0646\\u064a\"}', '2022-02-16 08:37:37', '2022-02-16 08:37:37'),
(245, '{\"en\":\"Zambian\",\"ar\":\"\\u0632\\u0627\\u0645\\u0628\\u064a\\u0627\\u0646\\u064a\"}', '2022-02-16 08:37:37', '2022-02-16 08:37:37'),
(246, '{\"en\":\"Zimbabwean\",\"ar\":\"\\u0632\\u0645\\u0628\\u0627\\u0628\\u0648\\u064a\"}', '2022-02-16 08:37:37', '2022-02-16 08:37:37');

-- --------------------------------------------------------

--
-- Table structure for table `online_classes`
--

CREATE TABLE `online_classes` (
  `id` bigint(20) UNSIGNED NOT NULL,
  `integration` tinyint(1) NOT NULL,
  `grade_id` bigint(20) UNSIGNED NOT NULL,
  `classroom_id` bigint(20) UNSIGNED NOT NULL,
  `section_id` bigint(20) UNSIGNED NOT NULL,
  `user_id` bigint(20) UNSIGNED NOT NULL,
  `meeting_id` varchar(255) COLLATE utf8mb4_unicode_ci NOT NULL,
  `topic` varchar(255) COLLATE utf8mb4_unicode_ci NOT NULL,
  `start_at` datetime NOT NULL,
  `duration` int(11) NOT NULL COMMENT 'minutes',
  `password` varchar(255) COLLATE utf8mb4_unicode_ci NOT NULL COMMENT 'meeting password',
  `start_url` text COLLATE utf8mb4_unicode_ci NOT NULL,
  `join_url` text COLLATE utf8mb4_unicode_ci NOT NULL,
  `created_at` timestamp NULL DEFAULT NULL,
  `updated_at` timestamp NULL DEFAULT NULL
) ENGINE=InnoDB DEFAULT CHARSET=utf8mb4 COLLATE=utf8mb4_unicode_ci;

-- --------------------------------------------------------

--
-- Table structure for table `parent_attachments`
--

CREATE TABLE `parent_attachments` (
  `id` bigint(20) UNSIGNED NOT NULL,
  `file_name` varchar(255) COLLATE utf8mb4_unicode_ci DEFAULT NULL,
  `parent_id` bigint(20) UNSIGNED NOT NULL,
  `created_at` timestamp NULL DEFAULT NULL,
  `updated_at` timestamp NULL DEFAULT NULL
) ENGINE=InnoDB DEFAULT CHARSET=utf8mb4 COLLATE=utf8mb4_unicode_ci;

-- --------------------------------------------------------

--
-- Table structure for table `password_resets`
--

CREATE TABLE `password_resets` (
  `email` varchar(255) COLLATE utf8mb4_unicode_ci NOT NULL,
  `token` varchar(255) COLLATE utf8mb4_unicode_ci NOT NULL,
  `created_at` timestamp NULL DEFAULT NULL
) ENGINE=InnoDB DEFAULT CHARSET=utf8mb4 COLLATE=utf8mb4_unicode_ci;

-- --------------------------------------------------------

--
-- Table structure for table `payment_students`
--

CREATE TABLE `payment_students` (
  `id` bigint(20) UNSIGNED NOT NULL,
  `date` date NOT NULL,
  `student_id` bigint(20) UNSIGNED NOT NULL,
  `amount` decimal(8,2) DEFAULT NULL,
  `description` varchar(255) COLLATE utf8mb4_unicode_ci NOT NULL,
  `created_at` timestamp NULL DEFAULT NULL,
  `updated_at` timestamp NULL DEFAULT NULL
) ENGINE=InnoDB DEFAULT CHARSET=utf8mb4 COLLATE=utf8mb4_unicode_ci;

-- --------------------------------------------------------

--
-- Table structure for table `personal_access_tokens`
--

CREATE TABLE `personal_access_tokens` (
  `id` bigint(20) UNSIGNED NOT NULL,
  `tokenable_type` varchar(255) COLLATE utf8mb4_unicode_ci NOT NULL,
  `tokenable_id` bigint(20) UNSIGNED NOT NULL,
  `name` varchar(255) COLLATE utf8mb4_unicode_ci NOT NULL,
  `token` varchar(64) COLLATE utf8mb4_unicode_ci NOT NULL,
  `abilities` text COLLATE utf8mb4_unicode_ci DEFAULT NULL,
  `last_used_at` timestamp NULL DEFAULT NULL,
  `created_at` timestamp NULL DEFAULT NULL,
  `updated_at` timestamp NULL DEFAULT NULL
) ENGINE=InnoDB DEFAULT CHARSET=utf8mb4 COLLATE=utf8mb4_unicode_ci;

-- --------------------------------------------------------

--
-- Table structure for table `processing_fees`
--

CREATE TABLE `processing_fees` (
  `id` bigint(20) UNSIGNED NOT NULL,
  `date` date NOT NULL,
  `student_id` bigint(20) UNSIGNED NOT NULL,
  `amount` decimal(8,2) DEFAULT NULL,
  `description` varchar(255) COLLATE utf8mb4_unicode_ci NOT NULL,
  `created_at` timestamp NULL DEFAULT NULL,
  `updated_at` timestamp NULL DEFAULT NULL
) ENGINE=InnoDB DEFAULT CHARSET=utf8mb4 COLLATE=utf8mb4_unicode_ci;

-- --------------------------------------------------------

--
-- Table structure for table `promotions`
--

CREATE TABLE `promotions` (
  `id` bigint(20) UNSIGNED NOT NULL,
  `student_id` bigint(20) UNSIGNED NOT NULL,
  `from_grade` bigint(20) UNSIGNED NOT NULL,
  `from_classroom` bigint(20) UNSIGNED NOT NULL,
  `from_section` bigint(20) UNSIGNED NOT NULL,
  `to_grade` bigint(20) UNSIGNED NOT NULL,
  `to_classroom` bigint(20) UNSIGNED NOT NULL,
  `to_section` bigint(20) UNSIGNED NOT NULL,
  `academic_year` varchar(255) COLLATE utf8mb4_unicode_ci NOT NULL,
  `academic_year_new` varchar(255) COLLATE utf8mb4_unicode_ci NOT NULL,
  `created_at` timestamp NULL DEFAULT NULL,
  `updated_at` timestamp NULL DEFAULT NULL
) ENGINE=InnoDB DEFAULT CHARSET=utf8mb4 COLLATE=utf8mb4_unicode_ci;

-- --------------------------------------------------------

--
-- Table structure for table `questions`
--

CREATE TABLE `questions` (
  `id` bigint(20) UNSIGNED NOT NULL,
  `title` varchar(500) COLLATE utf8mb4_unicode_ci NOT NULL,
  `answers` varchar(500) COLLATE utf8mb4_unicode_ci NOT NULL,
  `right_answer` varchar(500) COLLATE utf8mb4_unicode_ci NOT NULL,
  `score` int(11) NOT NULL,
  `quizze_id` bigint(20) UNSIGNED NOT NULL,
  `created_at` timestamp NULL DEFAULT NULL,
  `updated_at` timestamp NULL DEFAULT NULL
) ENGINE=InnoDB DEFAULT CHARSET=utf8mb4 COLLATE=utf8mb4_unicode_ci;

-- --------------------------------------------------------

--
-- Table structure for table `quizzes`
--

CREATE TABLE `quizzes` (
  `id` bigint(20) UNSIGNED NOT NULL,
  `name` varchar(255) COLLATE utf8mb4_unicode_ci NOT NULL,
  `subject_id` bigint(20) UNSIGNED NOT NULL,
  `grade_id` bigint(20) UNSIGNED NOT NULL,
  `classroom_id` bigint(20) UNSIGNED NOT NULL,
  `section_id` bigint(20) UNSIGNED NOT NULL,
  `teacher_id` bigint(20) UNSIGNED NOT NULL,
  `created_at` timestamp NULL DEFAULT NULL,
  `updated_at` timestamp NULL DEFAULT NULL
) ENGINE=InnoDB DEFAULT CHARSET=utf8mb4 COLLATE=utf8mb4_unicode_ci;

-- --------------------------------------------------------

--
-- Table structure for table `receipt_students`
--

CREATE TABLE `receipt_students` (
  `id` bigint(20) UNSIGNED NOT NULL,
  `date` date NOT NULL,
  `student_id` bigint(20) UNSIGNED NOT NULL,
  `debit` decimal(8,2) DEFAULT NULL,
  `description` varchar(255) COLLATE utf8mb4_unicode_ci NOT NULL,
  `created_at` timestamp NULL DEFAULT NULL,
  `updated_at` timestamp NULL DEFAULT NULL
) ENGINE=InnoDB DEFAULT CHARSET=utf8mb4 COLLATE=utf8mb4_unicode_ci;

-- --------------------------------------------------------

--
-- Table structure for table `religions`
--

CREATE TABLE `religions` (
  `id` bigint(20) UNSIGNED NOT NULL,
  `name` varchar(255) COLLATE utf8mb4_unicode_ci NOT NULL,
  `created_at` timestamp NULL DEFAULT NULL,
  `updated_at` timestamp NULL DEFAULT NULL
) ENGINE=InnoDB DEFAULT CHARSET=utf8mb4 COLLATE=utf8mb4_unicode_ci;

--
-- Dumping data for table `religions`
--

INSERT INTO `religions` (`id`, `name`, `created_at`, `updated_at`) VALUES
(1, '{\"en\":\"Muslim\",\"ar\":\"\\u0645\\u0633\\u0644\\u0645\"}', '2022-02-16 09:10:40', '2022-02-16 09:10:40'),
(2, '{\"en\":\"Christian\",\"ar\":\"\\u0645\\u0633\\u064a\\u062d\\u064a\"}', '2022-02-16 09:10:40', '2022-02-16 09:10:40'),
(3, '{\"en\":\"Other\",\"ar\":\"\\u063a\\u064a\\u0631\\u0630\\u0644\\u0643\"}', '2022-02-16 09:10:40', '2022-02-16 09:10:40');

-- --------------------------------------------------------

--
-- Table structure for table `sections`
--

CREATE TABLE `sections` (
  `id` bigint(20) UNSIGNED NOT NULL,
  `name_section` varchar(255) COLLATE utf8mb4_unicode_ci NOT NULL,
  `status` int(11) NOT NULL,
  `grade_id` bigint(20) UNSIGNED NOT NULL,
  `class_id` bigint(20) UNSIGNED NOT NULL,
  `created_at` timestamp NULL DEFAULT NULL,
  `updated_at` timestamp NULL DEFAULT NULL
) ENGINE=InnoDB DEFAULT CHARSET=utf8mb4 COLLATE=utf8mb4_unicode_ci;

--
-- Dumping data for table `sections`
--

INSERT INTO `sections` (`id`, `name_section`, `status`, `grade_id`, `class_id`, `created_at`, `updated_at`) VALUES
(2, '{\"ar\":\"\\u0623\",\"en\":\"A\"}', 1, 1, 43, '2022-02-26 20:08:28', '2022-02-26 20:08:28'),
(3, '{\"ar\":\"\\u0628\",\"en\":\"B\"}', 1, 1, 43, '2022-02-26 20:08:44', '2022-02-26 20:08:44'),
(4, '{\"ar\":\"\\u062c\",\"en\":\"C\"}', 1, 1, 43, '2022-02-26 20:08:55', '2022-02-26 20:08:55'),
(5, '{\"ar\":\"\\u0623\",\"en\":\"A\"}', 1, 2, 46, '2022-02-26 20:09:05', '2022-02-26 20:09:05'),
(6, '{\"ar\":\"\\u0628\",\"en\":\"B\"}', 1, 2, 46, '2022-02-26 20:09:16', '2022-02-26 20:09:16'),
(7, '{\"ar\":\"\\u062c\",\"en\":\"C\"}', 1, 2, 46, '2022-02-26 20:09:29', '2022-02-26 20:09:29'),
(8, '{\"ar\":\"\\u0623\",\"en\":\"B\"}', 1, 3, 49, '2022-02-26 20:16:29', '2022-02-26 20:16:29'),
(9, '{\"ar\":\"\\u0628\",\"en\":\"B\"}', 1, 3, 49, '2022-02-26 20:16:39', '2022-02-26 20:16:39'),
(10, '{\"ar\":\"\\u062c\",\"en\":\"C\"}', 1, 3, 49, '2022-02-26 20:16:47', '2022-02-26 20:16:47');

-- --------------------------------------------------------

--
-- Table structure for table `settings`
--

CREATE TABLE `settings` (
  `id` bigint(20) UNSIGNED NOT NULL,
  `key` varchar(255) COLLATE utf8mb4_unicode_ci NOT NULL,
  `value` varchar(255) COLLATE utf8mb4_unicode_ci NOT NULL,
  `created_at` timestamp NULL DEFAULT NULL,
  `updated_at` timestamp NULL DEFAULT NULL
) ENGINE=InnoDB DEFAULT CHARSET=utf8mb4 COLLATE=utf8mb4_unicode_ci;

--
-- Dumping data for table `settings`
--

INSERT INTO `settings` (`id`, `key`, `value`, `created_at`, `updated_at`) VALUES
(1, 'current_session', '2021-2022', NULL, NULL),
(2, 'school_title', 'MS', NULL, NULL),
(3, 'school_name', 'Mora Soft International Schools', NULL, NULL),
(4, 'end_first_term', '01-12-2021', NULL, NULL),
(5, 'end_second_term', '01-03-2022', NULL, NULL),
(6, 'phone', '0123456789', NULL, NULL),
(7, 'address', '', NULL, NULL),
(8, 'school_email', 'info@morasoft.com', NULL, NULL),
(9, 'logo', '1.jpg', NULL, NULL);

-- --------------------------------------------------------

--
-- Table structure for table `specializations`
--

CREATE TABLE `specializations` (
  `id` bigint(20) UNSIGNED NOT NULL,
  `name` varchar(255) COLLATE utf8mb4_unicode_ci NOT NULL,
  `created_at` timestamp NULL DEFAULT NULL,
  `updated_at` timestamp NULL DEFAULT NULL
) ENGINE=InnoDB DEFAULT CHARSET=utf8mb4 COLLATE=utf8mb4_unicode_ci;

--
-- Dumping data for table `specializations`
--

INSERT INTO `specializations` (`id`, `name`, `created_at`, `updated_at`) VALUES
(1, '{\"en\":\"Arabic\",\"ar\":\"\\u0639\\u0631\\u0628\\u064a\"}', '2022-02-16 09:12:46', '2022-02-16 09:12:46'),
(2, '{\"en\":\"English\",\"ar\":\"\\u0627\\u0646\\u062c\\u0644\\u064a\\u0632\\u064a\"}', '2022-02-16 09:12:46', '2022-02-16 09:12:46'),
(3, '{\"en\":\"German\",\"ar\":\"\\u0627\\u0644\\u0645\\u0627\\u0646\\u0649\"}', '2022-02-16 09:12:46', '2022-02-16 09:12:46'),
(4, '{\"en\":\"Sciences\",\"ar\":\"\\u0639\\u0644\\u0648\\u0645\"}', '2022-02-16 09:12:46', '2022-02-16 09:12:46'),
(5, '{\"en\":\"Mathematics\",\"ar\":\"\\u0631\\u064a\\u0627\\u0636\\u064a\\u0627\\u062a\"}', '2022-02-16 09:12:46', '2022-02-16 09:12:46'),
(6, '{\"en\":\"Social Studies\",\"ar\":\"\\u062f\\u0631\\u0627\\u0633\\u0627\\u062a \\u0627\\u062c\\u062a\\u0645\\u0627\\u0639\\u064a\\u0629\"}', '2022-02-16 09:12:46', '2022-02-16 09:12:46'),
(7, '{\"en\":\"Computer\",\"ar\":\"\\u062d\\u0627\\u0633\\u0628 \\u0627\\u0644\\u064a\"}', '2022-02-16 09:12:46', '2022-02-16 09:12:46'),
(8, '{\"en\":\"Discover\",\"ar\":\"\\u0627\\u0643\\u062a\\u0634\\u0641\"}', '2022-02-16 09:12:46', '2022-02-16 09:12:46'),
(9, '{\"en\":\"religion\",\"ar\":\"\\u062f\\u064a\\u0646\"}', '2022-02-16 09:12:46', '2022-02-16 09:12:46'),
(10, '{\"en\":\"fee\",\"ar\":\"\\u0631\\u0633\\u0645\"}', '2022-02-16 09:12:46', '2022-02-16 09:12:46'),
(11, '{\"en\":\"games\",\"ar\":\"\\u0627\\u0644\\u0639\\u0627\\u0628\"}', '2022-02-16 09:12:46', '2022-02-16 09:12:46');

-- --------------------------------------------------------

--
-- Table structure for table `students`
--

CREATE TABLE `students` (
  `id` bigint(20) UNSIGNED NOT NULL,
  `name` text COLLATE utf8mb4_unicode_ci NOT NULL,
  `email` varchar(255) COLLATE utf8mb4_unicode_ci NOT NULL,
  `password` varchar(255) COLLATE utf8mb4_unicode_ci NOT NULL,
  `gender_id` bigint(20) UNSIGNED NOT NULL,
  `nationalitie_id` bigint(20) UNSIGNED NOT NULL,
  `blood_id` bigint(20) UNSIGNED NOT NULL,
  `date_birth` date NOT NULL,
  `grade_id` bigint(20) UNSIGNED NOT NULL,
  `classroom_id` bigint(20) UNSIGNED NOT NULL,
  `section_id` bigint(20) UNSIGNED NOT NULL,
  `parent_id` bigint(20) UNSIGNED NOT NULL,
  `academic_year` varchar(255) COLLATE utf8mb4_unicode_ci NOT NULL,
  `deleted_at` timestamp NULL DEFAULT NULL,
  `created_at` timestamp NULL DEFAULT NULL,
  `updated_at` timestamp NULL DEFAULT NULL
) ENGINE=InnoDB DEFAULT CHARSET=utf8mb4 COLLATE=utf8mb4_unicode_ci;

--
-- Dumping data for table `students`
--

INSERT INTO `students` (`id`, `name`, `email`, `password`, `gender_id`, `nationalitie_id`, `blood_id`, `date_birth`, `grade_id`, `classroom_id`, `section_id`, `parent_id`, `academic_year`, `deleted_at`, `created_at`, `updated_at`) VALUES
(12, '{\"en\":\"Jessie Steuber\"}', 'corwin.lenny@example.org', '$2y$10$92IXUNpkjO0rOQ5byMi.Ye4oKoEa3Ro9llC/.og/at2.uheWG/igi', 1, 34, 1, '1971-08-09', 2, 46, 7, 72, '2009', '2022-03-02 19:30:33', '2022-03-02 17:17:10', '2022-03-02 19:30:33'),
(13, '{\"en\":\"Ms. Maegan Bruen DVM\",\"ar\":\"\\u0645\\u064a\\u0633 \\u0645\\u064a\\u062c\\u0627\\u0646 \\u0628\\u0631\\u0648\\u064a\\u0646 \\u062f \\u0641\\u0649 \\u0627\\u0645\"}', 'roob.mollie@example.net', '$2y$10$V9RLHlm.C6Uli9KrGYJGc.FsCHb3YrPkhdP.R4S1ielu7yA4tcTQu', 2, 52, 6, '2016-06-01', 4, 51, 3, 22, '2022', NULL, '2022-03-02 17:17:11', '2022-03-03 18:37:55'),
(14, '{\"en\":\"Anibal Wiegand\"}', 'schaefer.dale@example.com', '$2y$10$92IXUNpkjO0rOQ5byMi.Ye4oKoEa3Ro9llC/.og/at2.uheWG/igi', 2, 191, 7, '1988-11-17', 3, 45, 5, 45, '2006', NULL, '2022-03-02 17:17:11', '2022-03-02 17:17:11'),
(15, '{\"en\":\"Alexa Heathcote DVM\"}', 'lesch.annetta@example.org', '$2y$10$92IXUNpkjO0rOQ5byMi.Ye4oKoEa3Ro9llC/.og/at2.uheWG/igi', 2, 214, 6, '1978-12-25', 1, 44, 2, 82, '1983', NULL, '2022-03-02 17:17:11', '2022-03-02 17:17:11'),
(16, '{\"en\":\"Mrs. Maye Hayes Jr.\"}', 'deja08@example.com', '$2y$10$92IXUNpkjO0rOQ5byMi.Ye4oKoEa3Ro9llC/.og/at2.uheWG/igi', 1, 121, 5, '2016-09-07', 4, 43, 2, 57, '2017', NULL, '2022-03-02 17:17:11', '2022-03-02 17:17:11'),
(17, '{\"en\":\"Ena Marquardt\"}', 'skiles.viva@example.net', '$2y$10$92IXUNpkjO0rOQ5byMi.Ye4oKoEa3Ro9llC/.og/at2.uheWG/igi', 1, 136, 2, '2015-09-11', 2, 45, 6, 31, '2016', NULL, '2022-03-02 17:17:11', '2022-03-02 17:17:11'),
(18, '{\"en\":\"Paige Wilderman\"}', 'morissette.kiel@example.org', '$2y$10$92IXUNpkjO0rOQ5byMi.Ye4oKoEa3Ro9llC/.og/at2.uheWG/igi', 2, 81, 8, '2015-03-25', 1, 48, 2, 63, '1998', NULL, '2022-03-02 17:17:11', '2022-03-02 17:17:11'),
(19, '{\"en\":\"Myrtis Wisoky\"}', 'lullrich@example.org', '$2y$10$92IXUNpkjO0rOQ5byMi.Ye4oKoEa3Ro9llC/.og/at2.uheWG/igi', 1, 122, 6, '2000-05-05', 3, 50, 8, 58, '1998', NULL, '2022-03-02 17:17:11', '2022-03-02 17:17:11'),
(20, '{\"en\":\"Jody Koch\"}', 'dickinson.rahul@example.org', '$2y$10$92IXUNpkjO0rOQ5byMi.Ye4oKoEa3Ro9llC/.og/at2.uheWG/igi', 2, 105, 3, '1996-05-10', 1, 48, 10, 85, '2000', NULL, '2022-03-02 17:17:11', '2022-03-02 17:17:11'),
(21, '{\"en\":\"Prof. Madilyn Mueller I\"}', 'yauer@example.net', '$2y$10$92IXUNpkjO0rOQ5byMi.Ye4oKoEa3Ro9llC/.og/at2.uheWG/igi', 1, 204, 2, '2000-07-02', 2, 46, 2, 41, '1985', NULL, '2022-03-02 17:17:11', '2022-03-02 17:17:11'),
(22, '{\"en\":\"Ms. Jaida Daniel\"}', 'viola55@example.org', '$2y$10$92IXUNpkjO0rOQ5byMi.Ye4oKoEa3Ro9llC/.og/at2.uheWG/igi', 2, 56, 4, '1979-01-25', 1, 43, 3, 54, '1970', NULL, '2022-03-02 17:17:11', '2022-03-02 17:17:11'),
(23, '{\"en\":\"Isobel Bailey\"}', 'jjerde@example.org', '$2y$10$92IXUNpkjO0rOQ5byMi.Ye4oKoEa3Ro9llC/.og/at2.uheWG/igi', 2, 40, 4, '2005-08-24', 2, 44, 3, 12, '2014', NULL, '2022-03-02 17:17:11', '2022-03-02 17:17:11'),
(24, '{\"en\":\"Albert Volkman\"}', 'jbrekke@example.net', '$2y$10$92IXUNpkjO0rOQ5byMi.Ye4oKoEa3Ro9llC/.og/at2.uheWG/igi', 2, 144, 1, '2009-12-28', 3, 49, 6, 88, '2003', NULL, '2022-03-02 17:17:11', '2022-03-02 17:17:11'),
(25, '{\"en\":\"Miss Clare Hoppe\"}', 'sedrick34@example.net', '$2y$10$92IXUNpkjO0rOQ5byMi.Ye4oKoEa3Ro9llC/.og/at2.uheWG/igi', 2, 86, 7, '1986-04-26', 2, 46, 3, 69, '1988', NULL, '2022-03-02 17:17:11', '2022-03-02 17:17:11'),
(26, '{\"en\":\"Francesca Pacocha\"}', 'ojast@example.com', '$2y$10$92IXUNpkjO0rOQ5byMi.Ye4oKoEa3Ro9llC/.og/at2.uheWG/igi', 1, 36, 2, '1992-09-20', 3, 48, 6, 45, '2003', NULL, '2022-03-02 17:17:11', '2022-03-02 17:17:11'),
(27, '{\"en\":\"Mr. Lesley Purdy\"}', 'cynthia.bartell@example.net', '$2y$10$92IXUNpkjO0rOQ5byMi.Ye4oKoEa3Ro9llC/.og/at2.uheWG/igi', 2, 164, 6, '1984-09-22', 1, 48, 9, 102, '2002', NULL, '2022-03-02 17:17:12', '2022-03-02 17:17:12'),
(28, '{\"en\":\"Mrs. Zula Prohaska MD\"}', 'delbert51@example.net', '$2y$10$92IXUNpkjO0rOQ5byMi.Ye4oKoEa3Ro9llC/.og/at2.uheWG/igi', 1, 80, 1, '1972-07-16', 2, 52, 6, 37, '2009', NULL, '2022-03-02 17:17:12', '2022-03-02 17:17:12'),
(29, '{\"en\":\"Dr. Reggie Kozey\"}', 'ekerluke@example.org', '$2y$10$92IXUNpkjO0rOQ5byMi.Ye4oKoEa3Ro9llC/.og/at2.uheWG/igi', 1, 142, 8, '2008-04-10', 4, 45, 5, 90, '1998', NULL, '2022-03-02 17:17:12', '2022-03-02 17:17:12'),
(30, '{\"en\":\"Reta Mills\"}', 'antonette.gibson@example.com', '$2y$10$92IXUNpkjO0rOQ5byMi.Ye4oKoEa3Ro9llC/.og/at2.uheWG/igi', 1, 238, 4, '1985-04-24', 3, 44, 10, 60, '2014', NULL, '2022-03-02 17:17:12', '2022-03-02 17:17:12'),
(31, '{\"en\":\"Johnathan Metz\"}', 'ccrooks@example.com', '$2y$10$92IXUNpkjO0rOQ5byMi.Ye4oKoEa3Ro9llC/.og/at2.uheWG/igi', 2, 91, 2, '2011-04-09', 2, 43, 10, 43, '2015', NULL, '2022-03-02 17:17:12', '2022-03-02 17:17:12'),
(32, '{\"en\":\"Prof. Levi Beatty\"}', 'cade.reichel@example.com', '$2y$10$92IXUNpkjO0rOQ5byMi.Ye4oKoEa3Ro9llC/.og/at2.uheWG/igi', 2, 202, 4, '1993-02-27', 3, 48, 5, 81, '2021', NULL, '2022-03-02 17:17:12', '2022-03-02 17:17:12'),
(33, '{\"en\":\"Timmothy Considine\"}', 'skuphal@example.com', '$2y$10$92IXUNpkjO0rOQ5byMi.Ye4oKoEa3Ro9llC/.og/at2.uheWG/igi', 1, 63, 2, '1989-05-06', 1, 47, 10, 66, '1971', NULL, '2022-03-02 17:17:12', '2022-03-02 17:17:12'),
(34, '{\"en\":\"Maxwell Tromp\"}', 'sawayn.bette@example.com', '$2y$10$92IXUNpkjO0rOQ5byMi.Ye4oKoEa3Ro9llC/.og/at2.uheWG/igi', 1, 183, 5, '1979-10-26', 2, 53, 5, 16, '2003', NULL, '2022-03-02 17:17:12', '2022-03-02 17:17:12'),
(35, '{\"en\":\"Dr. Cayla Ruecker\"}', 'ogrady@example.com', '$2y$10$92IXUNpkjO0rOQ5byMi.Ye4oKoEa3Ro9llC/.og/at2.uheWG/igi', 2, 23, 7, '1994-08-21', 2, 50, 10, 96, '2009', NULL, '2022-03-02 17:17:12', '2022-03-02 17:17:12'),
(36, '{\"en\":\"Elvie Schaefer\"}', 'rath.lavonne@example.net', '$2y$10$92IXUNpkjO0rOQ5byMi.Ye4oKoEa3Ro9llC/.og/at2.uheWG/igi', 1, 232, 6, '2019-09-02', 2, 50, 3, 9, '1999', NULL, '2022-03-02 17:17:12', '2022-03-02 17:17:12'),
(37, '{\"en\":\"Shany Zemlak\"}', 'ksmith@example.net', '$2y$10$92IXUNpkjO0rOQ5byMi.Ye4oKoEa3Ro9llC/.og/at2.uheWG/igi', 1, 186, 3, '1975-06-03', 3, 48, 5, 51, '2010', NULL, '2022-03-02 17:17:12', '2022-03-02 17:17:12'),
(38, '{\"en\":\"Mr. Zander Gislason III\"}', 'cwill@example.org', '$2y$10$92IXUNpkjO0rOQ5byMi.Ye4oKoEa3Ro9llC/.og/at2.uheWG/igi', 1, 29, 7, '2022-01-27', 1, 46, 5, 51, '1995', NULL, '2022-03-02 17:17:12', '2022-03-02 17:17:12'),
(39, '{\"en\":\"Sidney Kshlerin\"}', 'dana.rau@example.net', '$2y$10$92IXUNpkjO0rOQ5byMi.Ye4oKoEa3Ro9llC/.og/at2.uheWG/igi', 1, 246, 1, '1980-09-13', 4, 47, 2, 43, '2001', NULL, '2022-03-02 17:17:12', '2022-03-02 17:17:12'),
(40, '{\"en\":\"Carrie Windler\"}', 'njones@example.net', '$2y$10$92IXUNpkjO0rOQ5byMi.Ye4oKoEa3Ro9llC/.og/at2.uheWG/igi', 2, 108, 3, '1980-09-25', 2, 52, 6, 95, '1975', NULL, '2022-03-02 17:17:12', '2022-03-02 17:17:12'),
(41, '{\"en\":\"Titus Rempel\"}', 'xhaley@example.org', '$2y$10$92IXUNpkjO0rOQ5byMi.Ye4oKoEa3Ro9llC/.og/at2.uheWG/igi', 1, 92, 4, '2006-01-15', 1, 44, 6, 100, '1973', NULL, '2022-03-02 17:17:12', '2022-03-02 17:17:12'),
(42, '{\"en\":\"Roel Klocko\"}', 'jaylen30@example.net', '$2y$10$92IXUNpkjO0rOQ5byMi.Ye4oKoEa3Ro9llC/.og/at2.uheWG/igi', 1, 59, 8, '1979-12-05', 2, 52, 2, 66, '1979', NULL, '2022-03-02 17:17:12', '2022-03-02 17:17:12'),
(43, '{\"en\":\"Dr. Nick Gaylord\"}', 'tony30@example.com', '$2y$10$92IXUNpkjO0rOQ5byMi.Ye4oKoEa3Ro9llC/.og/at2.uheWG/igi', 1, 27, 3, '1972-06-02', 4, 54, 5, 91, '2019', NULL, '2022-03-02 17:17:12', '2022-03-02 17:17:12'),
(44, '{\"en\":\"Mr. Vicente Shanahan\"}', 'laurel.walker@example.org', '$2y$10$92IXUNpkjO0rOQ5byMi.Ye4oKoEa3Ro9llC/.og/at2.uheWG/igi', 1, 52, 1, '2021-09-30', 4, 54, 4, 25, '1984', NULL, '2022-03-02 17:17:12', '2022-03-02 17:17:12'),
(45, '{\"en\":\"Maymie Dare\"}', 'dino.herzog@example.net', '$2y$10$92IXUNpkjO0rOQ5byMi.Ye4oKoEa3Ro9llC/.og/at2.uheWG/igi', 1, 241, 3, '1978-04-03', 4, 49, 3, 84, '1977', NULL, '2022-03-02 17:17:12', '2022-03-02 17:17:12'),
(46, '{\"en\":\"Chelsie Renner\"}', 'brekke.retta@example.net', '$2y$10$92IXUNpkjO0rOQ5byMi.Ye4oKoEa3Ro9llC/.og/at2.uheWG/igi', 2, 217, 3, '1987-02-23', 4, 53, 7, 84, '1989', NULL, '2022-03-02 17:17:12', '2022-03-02 17:17:12'),
(47, '{\"en\":\"Nelle Lueilwitz MD\"}', 'kautzer.zackery@example.net', '$2y$10$92IXUNpkjO0rOQ5byMi.Ye4oKoEa3Ro9llC/.og/at2.uheWG/igi', 1, 75, 3, '1982-08-12', 4, 51, 8, 107, '2014', NULL, '2022-03-02 17:17:13', '2022-03-02 17:17:13'),
(48, '{\"en\":\"Prof. Carter Maggio\"}', 'daisha.kuhlman@example.com', '$2y$10$92IXUNpkjO0rOQ5byMi.Ye4oKoEa3Ro9llC/.og/at2.uheWG/igi', 2, 215, 6, '1988-10-16', 3, 54, 6, 77, '1990', NULL, '2022-03-02 17:17:13', '2022-03-02 17:17:13'),
(49, '{\"en\":\"Beryl Eichmann\"}', 'ysporer@example.org', '$2y$10$92IXUNpkjO0rOQ5byMi.Ye4oKoEa3Ro9llC/.og/at2.uheWG/igi', 2, 55, 6, '2003-02-24', 2, 46, 2, 89, '1997', NULL, '2022-03-02 17:17:13', '2022-03-02 17:17:13'),
(50, '{\"en\":\"Ms. Claire Nikolaus\"}', 'ikeebler@example.org', '$2y$10$92IXUNpkjO0rOQ5byMi.Ye4oKoEa3Ro9llC/.og/at2.uheWG/igi', 1, 90, 2, '1985-05-26', 1, 51, 8, 73, '1986', NULL, '2022-03-02 17:17:13', '2022-03-02 17:17:13'),
(51, '{\"en\":\"Mrs. Audrey Altenwerth DDS\"}', 'schulist.richard@example.net', '$2y$10$92IXUNpkjO0rOQ5byMi.Ye4oKoEa3Ro9llC/.og/at2.uheWG/igi', 2, 33, 2, '1994-04-09', 4, 46, 5, 99, '2009', NULL, '2022-03-02 17:17:13', '2022-03-02 17:17:13'),
(52, '{\"en\":\"Carmen Towne\"}', 'pablo33@example.org', '$2y$10$92IXUNpkjO0rOQ5byMi.Ye4oKoEa3Ro9llC/.og/at2.uheWG/igi', 1, 89, 3, '2016-04-19', 1, 54, 8, 46, '1985', NULL, '2022-03-02 17:17:13', '2022-03-02 17:17:13'),
(53, '{\"en\":\"Prof. Holden Barton\"}', 'cade87@example.org', '$2y$10$92IXUNpkjO0rOQ5byMi.Ye4oKoEa3Ro9llC/.og/at2.uheWG/igi', 1, 215, 6, '1988-01-03', 3, 53, 2, 9, '1997', NULL, '2022-03-02 17:17:13', '2022-03-02 17:17:13'),
(54, '{\"en\":\"Justus Bailey\"}', 'wprohaska@example.com', '$2y$10$92IXUNpkjO0rOQ5byMi.Ye4oKoEa3Ro9llC/.og/at2.uheWG/igi', 2, 28, 2, '1981-06-23', 1, 47, 10, 69, '1996', NULL, '2022-03-02 17:17:13', '2022-03-02 17:17:13'),
(55, '{\"en\":\"Joanie Schimmel\"}', 'albina.rosenbaum@example.com', '$2y$10$92IXUNpkjO0rOQ5byMi.Ye4oKoEa3Ro9llC/.og/at2.uheWG/igi', 2, 82, 6, '1997-03-11', 4, 54, 7, 84, '2015', NULL, '2022-03-02 17:17:13', '2022-03-02 17:17:13'),
(56, '{\"en\":\"Theo Blick\"}', 'haag.hanna@example.org', '$2y$10$92IXUNpkjO0rOQ5byMi.Ye4oKoEa3Ro9llC/.og/at2.uheWG/igi', 1, 160, 7, '1976-03-01', 2, 54, 8, 33, '1994', NULL, '2022-03-02 17:17:13', '2022-03-02 17:17:13'),
(57, '{\"en\":\"Alverta Spinka DVM\"}', 'vickie.adams@example.net', '$2y$10$92IXUNpkjO0rOQ5byMi.Ye4oKoEa3Ro9llC/.og/at2.uheWG/igi', 1, 201, 3, '1977-01-26', 1, 53, 7, 73, '1979', NULL, '2022-03-02 17:17:13', '2022-03-02 17:17:13'),
(58, '{\"en\":\"Zachariah Williamson\"}', 'alek13@example.com', '$2y$10$92IXUNpkjO0rOQ5byMi.Ye4oKoEa3Ro9llC/.og/at2.uheWG/igi', 2, 76, 3, '1972-09-08', 4, 44, 4, 106, '1987', NULL, '2022-03-02 17:17:13', '2022-03-02 17:17:13'),
(59, '{\"en\":\"Dr. Mathew Gibson\"}', 'vcassin@example.net', '$2y$10$92IXUNpkjO0rOQ5byMi.Ye4oKoEa3Ro9llC/.og/at2.uheWG/igi', 1, 70, 5, '1971-12-01', 1, 51, 2, 70, '2007', NULL, '2022-03-02 17:17:13', '2022-03-02 17:17:13'),
(60, '{\"en\":\"Meagan Heathcote\"}', 'ncummerata@example.net', '$2y$10$92IXUNpkjO0rOQ5byMi.Ye4oKoEa3Ro9llC/.og/at2.uheWG/igi', 2, 170, 6, '2002-04-18', 3, 49, 6, 65, '2021', NULL, '2022-03-02 17:17:13', '2022-03-02 17:17:13'),
(61, '{\"en\":\"Rolando Yundt\"}', 'raul.olson@example.net', '$2y$10$92IXUNpkjO0rOQ5byMi.Ye4oKoEa3Ro9llC/.og/at2.uheWG/igi', 2, 18, 6, '1980-04-19', 3, 44, 4, 89, '1978', NULL, '2022-03-02 17:17:13', '2022-03-02 17:17:13'),
(62, '{\"en\":\"Josiane Medhurst\"}', 'haylee.wolf@example.com', '$2y$10$92IXUNpkjO0rOQ5byMi.Ye4oKoEa3Ro9llC/.og/at2.uheWG/igi', 2, 33, 3, '2013-11-05', 4, 43, 4, 58, '1996', NULL, '2022-03-02 17:17:13', '2022-03-02 17:17:13'),
(63, '{\"en\":\"Rocky Collins\"}', 'roel.reilly@example.com', '$2y$10$92IXUNpkjO0rOQ5byMi.Ye4oKoEa3Ro9llC/.og/at2.uheWG/igi', 1, 133, 2, '1987-07-09', 4, 43, 8, 72, '2001', NULL, '2022-03-02 17:17:13', '2022-03-02 17:17:13'),
(64, '{\"en\":\"Miss Sabrina Gutkowski Jr.\"}', 'ismael36@example.com', '$2y$10$92IXUNpkjO0rOQ5byMi.Ye4oKoEa3Ro9llC/.og/at2.uheWG/igi', 2, 100, 5, '1994-02-26', 1, 44, 3, 26, '1985', NULL, '2022-03-02 17:17:13', '2022-03-02 17:17:13'),
(65, '{\"en\":\"Quinn Mertz I\"}', 'qjacobi@example.org', '$2y$10$92IXUNpkjO0rOQ5byMi.Ye4oKoEa3Ro9llC/.og/at2.uheWG/igi', 1, 21, 5, '2019-09-16', 2, 43, 7, 31, '1981', NULL, '2022-03-02 17:17:13', '2022-03-02 17:17:13'),
(66, '{\"en\":\"Mr. Sigmund Cruickshank\"}', 'ustark@example.com', '$2y$10$92IXUNpkjO0rOQ5byMi.Ye4oKoEa3Ro9llC/.og/at2.uheWG/igi', 1, 13, 7, '2016-06-14', 4, 49, 5, 46, '1996', NULL, '2022-03-02 17:17:13', '2022-03-02 17:17:13'),
(67, '{\"en\":\"Gaetano Stokes\"}', 'clementine.altenwerth@example.com', '$2y$10$92IXUNpkjO0rOQ5byMi.Ye4oKoEa3Ro9llC/.og/at2.uheWG/igi', 2, 93, 4, '1998-06-04', 3, 54, 2, 25, '1977', NULL, '2022-03-02 17:17:13', '2022-03-02 17:17:13'),
(68, '{\"en\":\"Dejuan Kiehn DVM\"}', 'landerson@example.org', '$2y$10$92IXUNpkjO0rOQ5byMi.Ye4oKoEa3Ro9llC/.og/at2.uheWG/igi', 1, 103, 8, '2005-08-17', 2, 53, 2, 85, '2003', NULL, '2022-03-02 17:17:13', '2022-03-02 17:17:13'),
(69, '{\"en\":\"Bradley Renner\"}', 'swaniawski.emely@example.org', '$2y$10$92IXUNpkjO0rOQ5byMi.Ye4oKoEa3Ro9llC/.og/at2.uheWG/igi', 2, 116, 3, '1976-01-24', 1, 47, 3, 81, '2006', NULL, '2022-03-02 17:17:13', '2022-03-02 17:17:13'),
(70, '{\"en\":\"Jason Friesen\"}', 'mstoltenberg@example.net', '$2y$10$92IXUNpkjO0rOQ5byMi.Ye4oKoEa3Ro9llC/.og/at2.uheWG/igi', 2, 193, 5, '1970-04-02', 1, 54, 8, 39, '1975', NULL, '2022-03-02 17:17:13', '2022-03-02 17:17:13'),
(71, '{\"en\":\"Micaela Swaniawski\"}', 'virgie.carroll@example.com', '$2y$10$92IXUNpkjO0rOQ5byMi.Ye4oKoEa3Ro9llC/.og/at2.uheWG/igi', 1, 236, 7, '1973-09-23', 3, 44, 2, 9, '1970', NULL, '2022-03-02 17:17:13', '2022-03-02 17:17:13'),
(72, '{\"en\":\"Matt Rowe\"}', 'leilani.feest@example.org', '$2y$10$92IXUNpkjO0rOQ5byMi.Ye4oKoEa3Ro9llC/.og/at2.uheWG/igi', 1, 198, 1, '2018-04-20', 4, 53, 5, 87, '2005', NULL, '2022-03-02 17:17:13', '2022-03-02 17:17:13'),
(73, '{\"en\":\"Vergie Dach\"}', 'monroe89@example.org', '$2y$10$92IXUNpkjO0rOQ5byMi.Ye4oKoEa3Ro9llC/.og/at2.uheWG/igi', 2, 76, 1, '2020-01-06', 3, 49, 8, 10, '1997', NULL, '2022-03-02 17:17:13', '2022-03-02 17:17:13'),
(74, '{\"en\":\"Prof. Naomi Abbott PhD\"}', 'vena26@example.org', '$2y$10$92IXUNpkjO0rOQ5byMi.Ye4oKoEa3Ro9llC/.og/at2.uheWG/igi', 2, 48, 5, '2014-11-13', 3, 46, 3, 61, '2000', NULL, '2022-03-02 17:17:13', '2022-03-02 17:17:13'),
(75, '{\"en\":\"Zella Breitenberg\"}', 'stephany.mertz@example.com', '$2y$10$92IXUNpkjO0rOQ5byMi.Ye4oKoEa3Ro9llC/.og/at2.uheWG/igi', 2, 10, 4, '1970-02-15', 3, 51, 6, 10, '2004', NULL, '2022-03-02 17:17:13', '2022-03-02 17:17:13'),
(76, '{\"en\":\"Joelle Weissnat\"}', 'ugrimes@example.net', '$2y$10$92IXUNpkjO0rOQ5byMi.Ye4oKoEa3Ro9llC/.og/at2.uheWG/igi', 1, 210, 8, '2010-06-07', 4, 47, 9, 48, '1988', NULL, '2022-03-02 17:17:13', '2022-03-02 17:17:13'),
(77, '{\"en\":\"Dorris Monahan\"}', 'bpacocha@example.net', '$2y$10$92IXUNpkjO0rOQ5byMi.Ye4oKoEa3Ro9llC/.og/at2.uheWG/igi', 1, 202, 8, '1985-11-11', 4, 54, 6, 36, '1979', NULL, '2022-03-02 17:17:13', '2022-03-02 17:17:13'),
(78, '{\"en\":\"Dr. Clinton Smitham Sr.\"}', 'greenholt.baby@example.net', '$2y$10$92IXUNpkjO0rOQ5byMi.Ye4oKoEa3Ro9llC/.og/at2.uheWG/igi', 2, 110, 1, '2005-07-07', 3, 47, 10, 77, '1984', NULL, '2022-03-02 17:17:14', '2022-03-02 17:17:14'),
(79, '{\"en\":\"Oscar Wilderman\"}', 'liza37@example.org', '$2y$10$92IXUNpkjO0rOQ5byMi.Ye4oKoEa3Ro9llC/.og/at2.uheWG/igi', 2, 139, 1, '1974-04-14', 2, 46, 10, 25, '2005', NULL, '2022-03-02 17:17:14', '2022-03-02 17:17:14'),
(80, '{\"en\":\"Giovanni Gottlieb\"}', 'kunde.verla@example.org', '$2y$10$92IXUNpkjO0rOQ5byMi.Ye4oKoEa3Ro9llC/.og/at2.uheWG/igi', 1, 140, 3, '1993-03-08', 3, 44, 7, 73, '2013', NULL, '2022-03-02 17:17:14', '2022-03-02 17:17:14'),
(81, '{\"en\":\"Mr. Reymundo Oberbrunner DDS\"}', 'waelchi.germaine@example.net', '$2y$10$92IXUNpkjO0rOQ5byMi.Ye4oKoEa3Ro9llC/.og/at2.uheWG/igi', 2, 36, 6, '1979-05-17', 2, 43, 10, 87, '1987', NULL, '2022-03-02 17:17:14', '2022-03-02 17:17:14'),
(82, '{\"en\":\"Dr. Carrie Lynch I\"}', 'ferry.yazmin@example.org', '$2y$10$92IXUNpkjO0rOQ5byMi.Ye4oKoEa3Ro9llC/.og/at2.uheWG/igi', 1, 116, 1, '1984-04-23', 1, 46, 8, 51, '2001', NULL, '2022-03-02 17:17:14', '2022-03-02 17:17:14'),
(83, '{\"en\":\"Marques Lueilwitz\"}', 'equigley@example.org', '$2y$10$92IXUNpkjO0rOQ5byMi.Ye4oKoEa3Ro9llC/.og/at2.uheWG/igi', 1, 93, 4, '1992-01-29', 4, 49, 7, 33, '1979', NULL, '2022-03-02 17:17:14', '2022-03-02 17:17:14'),
(84, '{\"en\":\"Roma Lemke\"}', 'leopold87@example.net', '$2y$10$92IXUNpkjO0rOQ5byMi.Ye4oKoEa3Ro9llC/.og/at2.uheWG/igi', 1, 39, 4, '2013-04-02', 2, 50, 2, 35, '2015', NULL, '2022-03-02 17:17:14', '2022-03-02 17:17:14'),
(85, '{\"en\":\"Abe Sawayn\"}', 'marietta58@example.org', '$2y$10$92IXUNpkjO0rOQ5byMi.Ye4oKoEa3Ro9llC/.og/at2.uheWG/igi', 1, 177, 6, '1991-10-23', 2, 51, 9, 75, '1976', NULL, '2022-03-02 17:17:14', '2022-03-02 17:17:14'),
(86, '{\"en\":\"Dr. Joelle Ernser Jr.\"}', 'candelario96@example.org', '$2y$10$92IXUNpkjO0rOQ5byMi.Ye4oKoEa3Ro9llC/.og/at2.uheWG/igi', 1, 232, 7, '1998-01-14', 4, 47, 6, 65, '1981', NULL, '2022-03-02 17:17:14', '2022-03-02 17:17:14'),
(87, '{\"en\":\"Tremaine Kunze\"}', 'ischuppe@example.com', '$2y$10$92IXUNpkjO0rOQ5byMi.Ye4oKoEa3Ro9llC/.og/at2.uheWG/igi', 1, 131, 7, '1997-11-06', 2, 44, 8, 33, '1974', NULL, '2022-03-02 17:17:14', '2022-03-02 17:17:14'),
(88, '{\"en\":\"Ms. Winifred Hirthe IV\"}', 'enid.heaney@example.org', '$2y$10$92IXUNpkjO0rOQ5byMi.Ye4oKoEa3Ro9llC/.og/at2.uheWG/igi', 1, 95, 4, '2020-11-22', 4, 54, 10, 71, '1986', NULL, '2022-03-02 17:17:14', '2022-03-02 17:17:14'),
(89, '{\"en\":\"Vivienne Gislason\"}', 'georgianna74@example.com', '$2y$10$92IXUNpkjO0rOQ5byMi.Ye4oKoEa3Ro9llC/.og/at2.uheWG/igi', 1, 162, 1, '1999-11-30', 1, 50, 8, 69, '1982', NULL, '2022-03-02 17:17:14', '2022-03-02 17:17:14'),
(90, '{\"en\":\"Kristian Halvorson\"}', 'jkoch@example.org', '$2y$10$92IXUNpkjO0rOQ5byMi.Ye4oKoEa3Ro9llC/.og/at2.uheWG/igi', 1, 190, 7, '2006-12-08', 4, 52, 10, 42, '2007', NULL, '2022-03-02 17:17:14', '2022-03-02 17:17:14'),
(91, '{\"en\":\"Prof. Trinity Gislason Sr.\"}', 'vonrueden.cassandre@example.com', '$2y$10$92IXUNpkjO0rOQ5byMi.Ye4oKoEa3Ro9llC/.og/at2.uheWG/igi', 1, 60, 2, '1991-09-30', 4, 45, 5, 71, '1999', NULL, '2022-03-02 17:17:14', '2022-03-02 17:17:14'),
(92, '{\"en\":\"Major O\'Conner\"}', 'jwuckert@example.net', '$2y$10$92IXUNpkjO0rOQ5byMi.Ye4oKoEa3Ro9llC/.og/at2.uheWG/igi', 1, 39, 7, '1982-10-11', 4, 54, 3, 71, '1993', NULL, '2022-03-02 17:17:14', '2022-03-02 17:17:14'),
(93, '{\"en\":\"Kylee Hansen\"}', 'tglover@example.com', '$2y$10$92IXUNpkjO0rOQ5byMi.Ye4oKoEa3Ro9llC/.og/at2.uheWG/igi', 2, 208, 2, '1977-04-26', 2, 49, 9, 102, '2000', NULL, '2022-03-02 17:17:14', '2022-03-02 17:17:14'),
(94, '{\"en\":\"Prof. Gabe Collins\"}', 'kaelyn.cronin@example.net', '$2y$10$92IXUNpkjO0rOQ5byMi.Ye4oKoEa3Ro9llC/.og/at2.uheWG/igi', 1, 227, 3, '1976-10-02', 4, 44, 6, 45, '1979', NULL, '2022-03-02 17:17:14', '2022-03-02 17:17:14'),
(95, '{\"en\":\"Dr. Quinton Gleichner\"}', 'cmarvin@example.org', '$2y$10$92IXUNpkjO0rOQ5byMi.Ye4oKoEa3Ro9llC/.og/at2.uheWG/igi', 1, 53, 4, '1999-02-23', 1, 46, 8, 32, '2013', NULL, '2022-03-02 17:17:14', '2022-03-02 17:17:14'),
(97, '{\"en\":\"Orlo Hegmann\"}', 'okeefe.columbus@example.com', '$2y$10$92IXUNpkjO0rOQ5byMi.Ye4oKoEa3Ro9llC/.og/at2.uheWG/igi', 1, 26, 3, '2001-05-01', 1, 43, 9, 78, '1996', NULL, '2022-03-02 17:17:14', '2022-03-02 17:17:14'),
(98, '{\"en\":\"Joe Dietrich\"}', 'jaiden.hills@example.org', '$2y$10$92IXUNpkjO0rOQ5byMi.Ye4oKoEa3Ro9llC/.og/at2.uheWG/igi', 1, 138, 6, '1973-04-19', 4, 53, 5, 51, '2000', NULL, '2022-03-02 17:17:14', '2022-03-02 17:17:14'),
(99, '{\"en\":\"Ambrose Nitzsche\"}', 'erogahn@example.net', '$2y$10$92IXUNpkjO0rOQ5byMi.Ye4oKoEa3Ro9llC/.og/at2.uheWG/igi', 1, 59, 8, '1971-11-24', 2, 50, 2, 9, '1991', NULL, '2022-03-02 17:17:14', '2022-03-02 17:17:14'),
(100, '{\"en\":\"Flavio Hahn\"}', 'carlee01@example.net', '$2y$10$92IXUNpkjO0rOQ5byMi.Ye4oKoEa3Ro9llC/.og/at2.uheWG/igi', 1, 223, 7, '1998-07-07', 3, 47, 4, 51, '1989', NULL, '2022-03-02 17:17:14', '2022-03-02 17:17:14'),
(101, '{\"en\":\"Jake Dickens\"}', 'jaquelin.brekke@example.com', '$2y$10$92IXUNpkjO0rOQ5byMi.Ye4oKoEa3Ro9llC/.og/at2.uheWG/igi', 2, 83, 3, '1986-04-01', 4, 49, 8, 100, '2014', NULL, '2022-03-02 17:17:14', '2022-03-02 17:17:14'),
(102, '{\"en\":\"Lenora Kuphal\"}', 'keegan.gorczany@example.com', '$2y$10$92IXUNpkjO0rOQ5byMi.Ye4oKoEa3Ro9llC/.og/at2.uheWG/igi', 1, 214, 3, '2016-05-30', 1, 48, 9, 86, '2005', NULL, '2022-03-02 17:17:14', '2022-03-02 17:17:14'),
(103, '{\"en\":\"Benedict Gleichner II\"}', 'chasity10@example.org', '$2y$10$92IXUNpkjO0rOQ5byMi.Ye4oKoEa3Ro9llC/.og/at2.uheWG/igi', 2, 190, 6, '1992-07-01', 3, 47, 7, 45, '1973', NULL, '2022-03-02 17:17:14', '2022-03-02 17:17:14'),
(104, '{\"en\":\"Earline Flatley DVM\"}', 'fred.terry@example.com', '$2y$10$92IXUNpkjO0rOQ5byMi.Ye4oKoEa3Ro9llC/.og/at2.uheWG/igi', 1, 98, 8, '2005-11-04', 3, 45, 5, 49, '1989', NULL, '2022-03-02 17:17:14', '2022-03-02 17:17:14'),
(105, '{\"en\":\"Prof. Milo Sporer\"}', 'price.keeling@example.com', '$2y$10$92IXUNpkjO0rOQ5byMi.Ye4oKoEa3Ro9llC/.og/at2.uheWG/igi', 2, 142, 1, '2003-11-08', 1, 51, 10, 105, '2002', NULL, '2022-03-02 17:17:14', '2022-03-02 17:17:14'),
(106, '{\"en\":\"Prof. Hailie Sawayn\"}', 'friesen.kyra@example.org', '$2y$10$92IXUNpkjO0rOQ5byMi.Ye4oKoEa3Ro9llC/.og/at2.uheWG/igi', 1, 124, 7, '1980-10-13', 4, 51, 9, 98, '2015', NULL, '2022-03-02 17:17:14', '2022-03-02 17:17:14'),
(107, '{\"en\":\"Justen Becker V\"}', 'wolff.rita@example.com', '$2y$10$92IXUNpkjO0rOQ5byMi.Ye4oKoEa3Ro9llC/.og/at2.uheWG/igi', 2, 63, 8, '1980-10-04', 2, 45, 4, 12, '1987', NULL, '2022-03-02 17:17:14', '2022-03-02 17:17:14'),
(108, '{\"en\":\"Arlo Fay\"}', 'marvin.taurean@example.com', '$2y$10$92IXUNpkjO0rOQ5byMi.Ye4oKoEa3Ro9llC/.og/at2.uheWG/igi', 2, 245, 5, '2008-06-23', 1, 45, 6, 83, '2000', NULL, '2022-03-02 17:17:14', '2022-03-02 17:17:14'),
(109, '{\"en\":\"Charity Dare\"}', 'rosanna04@example.org', '$2y$10$92IXUNpkjO0rOQ5byMi.Ye4oKoEa3Ro9llC/.og/at2.uheWG/igi', 1, 143, 5, '2007-10-21', 1, 44, 5, 46, '1985', NULL, '2022-03-02 17:17:15', '2022-03-02 17:17:15'),
(110, '{\"en\":\"Ronaldo Green II\"}', 'mccullough.cora@example.org', '$2y$10$92IXUNpkjO0rOQ5byMi.Ye4oKoEa3Ro9llC/.og/at2.uheWG/igi', 2, 231, 7, '1994-08-09', 4, 54, 8, 104, '1980', NULL, '2022-03-02 17:17:15', '2022-03-02 17:17:15'),
(111, '{\"en\":\"Precious Stiedemann\"}', 'pasquale99@example.org', '$2y$10$92IXUNpkjO0rOQ5byMi.Ye4oKoEa3Ro9llC/.og/at2.uheWG/igi', 1, 26, 4, '2000-09-14', 3, 44, 4, 31, '1980', NULL, '2022-03-02 17:17:15', '2022-03-02 17:17:15'),
(112, '{\"en\":\"Earline Von\"}', 'wyman.pietro@example.com', '$2y$10$92IXUNpkjO0rOQ5byMi.Ye4oKoEa3Ro9llC/.og/at2.uheWG/igi', 1, 218, 8, '1978-05-03', 2, 44, 6, 46, '2013', NULL, '2022-03-03 18:47:19', '2022-03-03 18:47:19'),
(113, '{\"en\":\"Breanne Parisian\"}', 'hamill.amina@example.com', '$2y$10$92IXUNpkjO0rOQ5byMi.Ye4oKoEa3Ro9llC/.og/at2.uheWG/igi', 2, 158, 3, '1994-01-11', 4, 51, 3, 107, '2021', NULL, '2022-03-03 18:47:19', '2022-03-03 18:47:19'),
(114, '{\"en\":\"Lola Durgan III\"}', 'ressie82@example.net', '$2y$10$92IXUNpkjO0rOQ5byMi.Ye4oKoEa3Ro9llC/.og/at2.uheWG/igi', 2, 56, 6, '2021-02-11', 3, 52, 2, 60, '2016', NULL, '2022-03-03 18:47:19', '2022-03-03 18:47:19'),
(115, '{\"en\":\"Penelope Haley\"}', 'wehner.jazmyn@example.org', '$2y$10$92IXUNpkjO0rOQ5byMi.Ye4oKoEa3Ro9llC/.og/at2.uheWG/igi', 1, 122, 2, '1992-06-06', 1, 46, 8, 86, '2003', NULL, '2022-03-03 18:47:19', '2022-03-03 18:47:19'),
(116, '{\"en\":\"Mr. Harmon D\'Amore III\"}', 'chelsey19@example.org', '$2y$10$92IXUNpkjO0rOQ5byMi.Ye4oKoEa3Ro9llC/.og/at2.uheWG/igi', 1, 235, 2, '2004-07-30', 2, 43, 9, 17, '2012', NULL, '2022-03-03 18:47:19', '2022-03-03 18:47:19'),
(117, '{\"en\":\"Ronny Pacocha PhD\"}', 'clarabelle61@example.net', '$2y$10$92IXUNpkjO0rOQ5byMi.Ye4oKoEa3Ro9llC/.og/at2.uheWG/igi', 1, 13, 6, '2007-09-19', 4, 54, 10, 104, '2004', NULL, '2022-03-03 18:47:19', '2022-03-03 18:47:19'),
(118, '{\"en\":\"Roxane Turcotte\"}', 'lcrooks@example.com', '$2y$10$92IXUNpkjO0rOQ5byMi.Ye4oKoEa3Ro9llC/.og/at2.uheWG/igi', 1, 216, 5, '1997-11-29', 2, 53, 10, 87, '1981', NULL, '2022-03-03 18:47:19', '2022-03-03 18:47:19'),
(119, '{\"en\":\"Lucie Dooley\"}', 'emelie97@example.com', '$2y$10$92IXUNpkjO0rOQ5byMi.Ye4oKoEa3Ro9llC/.og/at2.uheWG/igi', 2, 54, 5, '2020-03-24', 3, 53, 10, 68, '1992', NULL, '2022-03-03 18:47:19', '2022-03-03 18:47:19'),
(120, '{\"en\":\"Oleta Effertz DDS\"}', 'padams@example.org', '$2y$10$92IXUNpkjO0rOQ5byMi.Ye4oKoEa3Ro9llC/.og/at2.uheWG/igi', 1, 201, 4, '2020-06-05', 2, 45, 2, 33, '1986', NULL, '2022-03-03 18:47:20', '2022-03-03 18:47:20'),
(121, '{\"en\":\"Regan Aufderhar Jr.\"}', 'yolanda00@example.com', '$2y$10$92IXUNpkjO0rOQ5byMi.Ye4oKoEa3Ro9llC/.og/at2.uheWG/igi', 1, 239, 4, '2012-10-30', 1, 44, 10, 50, '1989', NULL, '2022-03-03 18:47:20', '2022-03-03 18:47:20'),
(122, '{\"en\":\"Amos Hills\"}', 'raegan32@example.net', '$2y$10$92IXUNpkjO0rOQ5byMi.Ye4oKoEa3Ro9llC/.og/at2.uheWG/igi', 1, 8, 1, '1971-05-13', 4, 52, 9, 71, '1995', NULL, '2022-03-03 18:47:20', '2022-03-03 18:47:20'),
(123, '{\"en\":\"Marlee Konopelski\"}', 'terry40@example.net', '$2y$10$92IXUNpkjO0rOQ5byMi.Ye4oKoEa3Ro9llC/.og/at2.uheWG/igi', 2, 38, 6, '1979-05-28', 4, 52, 4, 52, '1996', NULL, '2022-03-03 18:47:20', '2022-03-03 18:47:20'),
(124, '{\"en\":\"Marielle Strosin\"}', 'lowe.tamara@example.org', '$2y$10$92IXUNpkjO0rOQ5byMi.Ye4oKoEa3Ro9llC/.og/at2.uheWG/igi', 1, 29, 7, '2007-08-05', 4, 54, 9, 34, '2018', NULL, '2022-03-03 18:47:20', '2022-03-03 18:47:20'),
(125, '{\"en\":\"Josh Schultz\"}', 'fkiehn@example.com', '$2y$10$92IXUNpkjO0rOQ5byMi.Ye4oKoEa3Ro9llC/.og/at2.uheWG/igi', 2, 137, 8, '2011-10-02', 4, 44, 7, 10, '2003', NULL, '2022-03-03 18:47:20', '2022-03-03 18:47:20'),
(126, '{\"en\":\"Lauriane Shields Jr.\"}', 'idouglas@example.com', '$2y$10$92IXUNpkjO0rOQ5byMi.Ye4oKoEa3Ro9llC/.og/at2.uheWG/igi', 2, 97, 7, '2016-06-05', 3, 43, 9, 54, '1986', NULL, '2022-03-03 18:47:20', '2022-03-03 18:47:20'),
(127, '{\"en\":\"Prof. Dayana Tillman IV\"}', 'tbins@example.org', '$2y$10$92IXUNpkjO0rOQ5byMi.Ye4oKoEa3Ro9llC/.og/at2.uheWG/igi', 2, 227, 2, '1988-07-31', 2, 53, 6, 40, '2005', NULL, '2022-03-03 18:47:20', '2022-03-03 18:47:20'),
(128, '{\"en\":\"Taryn Bogan\"}', 'leta.ohara@example.net', '$2y$10$92IXUNpkjO0rOQ5byMi.Ye4oKoEa3Ro9llC/.og/at2.uheWG/igi', 2, 71, 8, '1998-04-12', 3, 51, 5, 92, '1989', NULL, '2022-03-03 18:47:20', '2022-03-03 18:47:20'),
(129, '{\"en\":\"Prof. Christy Ernser\"}', 'cmaggio@example.net', '$2y$10$92IXUNpkjO0rOQ5byMi.Ye4oKoEa3Ro9llC/.og/at2.uheWG/igi', 2, 208, 8, '1990-06-19', 2, 52, 4, 27, '1978', NULL, '2022-03-03 18:47:20', '2022-03-03 18:47:20'),
(130, '{\"en\":\"Dewayne Bogan\"}', 'brooklyn.boehm@example.com', '$2y$10$92IXUNpkjO0rOQ5byMi.Ye4oKoEa3Ro9llC/.og/at2.uheWG/igi', 1, 225, 7, '1990-09-20', 1, 54, 3, 41, '2009', NULL, '2022-03-03 18:47:20', '2022-03-03 18:47:20'),
(131, '{\"en\":\"Marcus King\"}', 'howell.dana@example.org', '$2y$10$92IXUNpkjO0rOQ5byMi.Ye4oKoEa3Ro9llC/.og/at2.uheWG/igi', 2, 41, 8, '1972-03-09', 1, 54, 4, 92, '1991', NULL, '2022-03-03 18:47:20', '2022-03-03 18:47:20'),
(132, '{\"en\":\"Antonio Connelly\"}', 'gtrantow@example.net', '$2y$10$92IXUNpkjO0rOQ5byMi.Ye4oKoEa3Ro9llC/.og/at2.uheWG/igi', 2, 30, 2, '2005-03-14', 2, 48, 2, 92, '2003', NULL, '2022-03-03 18:47:20', '2022-03-03 18:47:20'),
(133, '{\"en\":\"Dr. Marlene Parisian\"}', 'zora.kuvalis@example.com', '$2y$10$92IXUNpkjO0rOQ5byMi.Ye4oKoEa3Ro9llC/.og/at2.uheWG/igi', 2, 197, 8, '1983-04-02', 4, 52, 9, 72, '1998', NULL, '2022-03-03 18:47:20', '2022-03-03 18:47:20'),
(134, '{\"en\":\"Noah Sanford\"}', 'beau.lowe@example.com', '$2y$10$92IXUNpkjO0rOQ5byMi.Ye4oKoEa3Ro9llC/.og/at2.uheWG/igi', 1, 144, 1, '2021-09-15', 2, 46, 10, 73, '1999', NULL, '2022-03-03 18:47:20', '2022-03-03 18:47:20'),
(135, '{\"en\":\"Pinkie Stracke Jr.\"}', 'eric15@example.net', '$2y$10$92IXUNpkjO0rOQ5byMi.Ye4oKoEa3Ro9llC/.og/at2.uheWG/igi', 2, 127, 6, '1988-11-05', 3, 45, 2, 107, '2005', NULL, '2022-03-03 18:47:20', '2022-03-03 18:47:20'),
(136, '{\"en\":\"Otis Gutkowski\"}', 'uvolkman@example.com', '$2y$10$92IXUNpkjO0rOQ5byMi.Ye4oKoEa3Ro9llC/.og/at2.uheWG/igi', 2, 25, 6, '2007-08-15', 2, 53, 5, 23, '1973', NULL, '2022-03-03 18:47:20', '2022-03-03 18:47:20'),
(137, '{\"en\":\"Daron Kunde\"}', 'bsmith@example.org', '$2y$10$92IXUNpkjO0rOQ5byMi.Ye4oKoEa3Ro9llC/.og/at2.uheWG/igi', 1, 91, 6, '1972-07-26', 3, 51, 10, 107, '1982', NULL, '2022-03-03 18:47:20', '2022-03-03 18:47:20'),
(138, '{\"en\":\"Dr. Eudora Lakin\"}', 'madonna02@example.com', '$2y$10$92IXUNpkjO0rOQ5byMi.Ye4oKoEa3Ro9llC/.og/at2.uheWG/igi', 1, 32, 6, '2012-12-22', 4, 44, 5, 12, '1970', NULL, '2022-03-03 18:47:20', '2022-03-03 18:47:20'),
(139, '{\"en\":\"Gustave Hand\"}', 'yanderson@example.org', '$2y$10$92IXUNpkjO0rOQ5byMi.Ye4oKoEa3Ro9llC/.og/at2.uheWG/igi', 2, 212, 6, '1986-09-22', 2, 54, 6, 34, '1975', NULL, '2022-03-03 18:47:20', '2022-03-03 18:47:20'),
(140, '{\"en\":\"Corene Kozey\"}', 'jennifer85@example.org', '$2y$10$92IXUNpkjO0rOQ5byMi.Ye4oKoEa3Ro9llC/.og/at2.uheWG/igi', 2, 60, 4, '1985-03-22', 3, 48, 2, 24, '1985', NULL, '2022-03-03 18:47:20', '2022-03-03 18:47:20'),
(142, '{\"en\":\"Ms. Felicia Skiles Jr.\"}', 'kayleigh32@example.com', '$2y$10$92IXUNpkjO0rOQ5byMi.Ye4oKoEa3Ro9llC/.og/at2.uheWG/igi', 2, 11, 4, '1987-02-21', 3, 50, 8, 90, '1984', NULL, '2022-03-03 18:47:21', '2022-03-03 18:47:21'),
(143, '{\"en\":\"Prof. Carli Weimann IV\"}', 'reyes.beer@example.org', '$2y$10$92IXUNpkjO0rOQ5byMi.Ye4oKoEa3Ro9llC/.og/at2.uheWG/igi', 2, 237, 4, '2018-10-31', 1, 44, 9, 47, '2005', NULL, '2022-03-03 18:47:21', '2022-03-03 18:47:21'),
(144, '{\"en\":\"Ms. Letitia McKenzie MD\"}', 'lacy83@example.net', '$2y$10$92IXUNpkjO0rOQ5byMi.Ye4oKoEa3Ro9llC/.og/at2.uheWG/igi', 2, 169, 4, '2021-04-12', 2, 53, 4, 34, '2000', NULL, '2022-03-03 18:47:21', '2022-03-03 18:47:21'),
(145, '{\"en\":\"Ms. Itzel Gerlach\"}', 'bernadine.ryan@example.org', '$2y$10$92IXUNpkjO0rOQ5byMi.Ye4oKoEa3Ro9llC/.og/at2.uheWG/igi', 2, 148, 7, '1984-08-31', 4, 47, 7, 50, '1978', NULL, '2022-03-03 18:47:21', '2022-03-03 18:47:21'),
(146, '{\"en\":\"Lyla Bradtke II\"}', 'izaiah.maggio@example.org', '$2y$10$92IXUNpkjO0rOQ5byMi.Ye4oKoEa3Ro9llC/.og/at2.uheWG/igi', 2, 35, 6, '1974-09-01', 3, 52, 4, 40, '2001', NULL, '2022-03-03 18:47:21', '2022-03-03 18:47:21'),
(147, '{\"en\":\"Carmela Steuber PhD\"}', 'feil.raul@example.net', '$2y$10$92IXUNpkjO0rOQ5byMi.Ye4oKoEa3Ro9llC/.og/at2.uheWG/igi', 2, 169, 5, '1993-09-02', 4, 48, 7, 80, '1981', NULL, '2022-03-03 18:47:21', '2022-03-03 18:47:21'),
(148, '{\"en\":\"Adelle Mills\"}', 'vonrueden.lucinda@example.org', '$2y$10$92IXUNpkjO0rOQ5byMi.Ye4oKoEa3Ro9llC/.og/at2.uheWG/igi', 1, 142, 2, '2010-04-22', 4, 50, 4, 91, '2007', NULL, '2022-03-03 18:47:21', '2022-03-03 18:47:21'),
(149, '{\"en\":\"Meghan Labadie\"}', 'koepp.leila@example.org', '$2y$10$92IXUNpkjO0rOQ5byMi.Ye4oKoEa3Ro9llC/.og/at2.uheWG/igi', 1, 235, 7, '1993-06-03', 3, 47, 5, 12, '2019', NULL, '2022-03-03 18:47:21', '2022-03-03 18:47:21'),
(150, '{\"en\":\"Golden Rippin\"}', 'shyanne.ward@example.net', '$2y$10$92IXUNpkjO0rOQ5byMi.Ye4oKoEa3Ro9llC/.og/at2.uheWG/igi', 2, 144, 5, '2012-09-08', 2, 53, 6, 17, '2000', NULL, '2022-03-03 18:47:21', '2022-03-03 18:47:21'),
(151, '{\"en\":\"Griffin Eichmann\"}', 'anna.schroeder@example.org', '$2y$10$92IXUNpkjO0rOQ5byMi.Ye4oKoEa3Ro9llC/.og/at2.uheWG/igi', 2, 202, 7, '1976-03-18', 2, 45, 10, 41, '1989', NULL, '2022-03-03 18:47:21', '2022-03-03 18:47:21'),
(152, '{\"en\":\"Ms. Chanel Rowe\"}', 'karlie44@example.org', '$2y$10$92IXUNpkjO0rOQ5byMi.Ye4oKoEa3Ro9llC/.og/at2.uheWG/igi', 2, 70, 3, '1976-04-14', 3, 50, 5, 105, '1974', NULL, '2022-03-03 18:47:21', '2022-03-03 18:47:21'),
(153, '{\"en\":\"Scarlett Thiel\"}', 'oma89@example.org', '$2y$10$92IXUNpkjO0rOQ5byMi.Ye4oKoEa3Ro9llC/.og/at2.uheWG/igi', 1, 70, 6, '1982-01-27', 1, 49, 7, 52, '2001', NULL, '2022-03-03 18:47:21', '2022-03-03 18:47:21'),
(154, '{\"en\":\"Prof. Anibal Boyer\"}', 'gdickens@example.net', '$2y$10$92IXUNpkjO0rOQ5byMi.Ye4oKoEa3Ro9llC/.og/at2.uheWG/igi', 1, 238, 1, '1981-09-29', 3, 47, 5, 82, '1987', NULL, '2022-03-03 18:47:21', '2022-03-03 18:47:21'),
(155, '{\"en\":\"Simone Green Sr.\"}', 'taylor66@example.org', '$2y$10$92IXUNpkjO0rOQ5byMi.Ye4oKoEa3Ro9llC/.og/at2.uheWG/igi', 1, 138, 7, '1989-06-12', 1, 45, 7, 18, '2008', NULL, '2022-03-03 18:47:21', '2022-03-03 18:47:21'),
(156, '{\"en\":\"Dr. Nicolas Leannon\"}', 'nrohan@example.org', '$2y$10$92IXUNpkjO0rOQ5byMi.Ye4oKoEa3Ro9llC/.og/at2.uheWG/igi', 2, 104, 7, '1990-05-14', 4, 50, 3, 55, '2002', NULL, '2022-03-03 18:47:21', '2022-03-03 18:47:21'),
(157, '{\"en\":\"Christopher Bernhard MD\"}', 'donnie.grady@example.net', '$2y$10$92IXUNpkjO0rOQ5byMi.Ye4oKoEa3Ro9llC/.og/at2.uheWG/igi', 1, 41, 8, '1989-05-20', 1, 49, 6, 102, '1996', NULL, '2022-03-03 18:47:21', '2022-03-03 18:47:21'),
(158, '{\"en\":\"Prof. Justen Jaskolski\"}', 'rhoeger@example.net', '$2y$10$92IXUNpkjO0rOQ5byMi.Ye4oKoEa3Ro9llC/.og/at2.uheWG/igi', 1, 173, 8, '1989-10-22', 4, 43, 3, 45, '2008', NULL, '2022-03-03 18:47:21', '2022-03-03 18:47:21'),
(159, '{\"en\":\"Miss Chloe Kshlerin\"}', 'vthiel@example.com', '$2y$10$92IXUNpkjO0rOQ5byMi.Ye4oKoEa3Ro9llC/.og/at2.uheWG/igi', 1, 211, 5, '2000-12-23', 1, 51, 6, 52, '1999', NULL, '2022-03-03 18:47:21', '2022-03-03 18:47:21'),
(160, '{\"en\":\"Noemie Dach MD\"}', 'hhansen@example.net', '$2y$10$92IXUNpkjO0rOQ5byMi.Ye4oKoEa3Ro9llC/.og/at2.uheWG/igi', 1, 27, 7, '1989-03-24', 3, 53, 7, 28, '2005', NULL, '2022-03-03 18:47:22', '2022-03-03 18:47:22'),
(161, '{\"en\":\"Pietro Baumbach\"}', 'metz.kathlyn@example.org', '$2y$10$92IXUNpkjO0rOQ5byMi.Ye4oKoEa3Ro9llC/.og/at2.uheWG/igi', 1, 201, 2, '2001-08-30', 3, 43, 3, 56, '1987', NULL, '2022-03-03 18:47:22', '2022-03-03 18:47:22'),
(162, '{\"en\":\"Ellie Block\"}', 'rmckenzie@example.net', '$2y$10$92IXUNpkjO0rOQ5byMi.Ye4oKoEa3Ro9llC/.og/at2.uheWG/igi', 2, 80, 3, '1995-09-14', 3, 48, 5, 43, '2010', NULL, '2022-03-03 18:47:22', '2022-03-03 18:47:22'),
(163, '{\"en\":\"Maybelle Kassulke\"}', 'janessa71@example.org', '$2y$10$92IXUNpkjO0rOQ5byMi.Ye4oKoEa3Ro9llC/.og/at2.uheWG/igi', 1, 122, 2, '1983-02-01', 1, 54, 7, 20, '1979', NULL, '2022-03-03 18:47:22', '2022-03-03 18:47:22'),
(164, '{\"en\":\"Mr. Gustave Hickle Jr.\"}', 'cory98@example.org', '$2y$10$92IXUNpkjO0rOQ5byMi.Ye4oKoEa3Ro9llC/.og/at2.uheWG/igi', 1, 83, 8, '1996-08-08', 3, 43, 9, 68, '2006', NULL, '2022-03-03 18:47:22', '2022-03-03 18:47:22'),
(165, '{\"en\":\"Cristal Wyman MD\"}', 'sporer.orie@example.net', '$2y$10$92IXUNpkjO0rOQ5byMi.Ye4oKoEa3Ro9llC/.og/at2.uheWG/igi', 1, 75, 7, '2018-06-07', 2, 54, 6, 100, '1979', NULL, '2022-03-03 18:47:22', '2022-03-03 18:47:22'),
(166, '{\"en\":\"Randi D\'Amore IV\"}', 'lpouros@example.com', '$2y$10$92IXUNpkjO0rOQ5byMi.Ye4oKoEa3Ro9llC/.og/at2.uheWG/igi', 1, 96, 3, '2021-04-16', 3, 49, 8, 19, '1984', NULL, '2022-03-03 18:47:22', '2022-03-03 18:47:22'),
(167, '{\"en\":\"Martin Wintheiser\"}', 'hayley94@example.org', '$2y$10$92IXUNpkjO0rOQ5byMi.Ye4oKoEa3Ro9llC/.og/at2.uheWG/igi', 2, 137, 2, '1981-03-10', 4, 49, 10, 106, '2017', NULL, '2022-03-03 18:47:22', '2022-03-03 18:47:22'),
(168, '{\"en\":\"Willy Hilpert\"}', 'sandra37@example.net', '$2y$10$92IXUNpkjO0rOQ5byMi.Ye4oKoEa3Ro9llC/.og/at2.uheWG/igi', 1, 10, 1, '1989-07-26', 2, 43, 7, 39, '1996', NULL, '2022-03-03 18:47:22', '2022-03-03 18:47:22'),
(169, '{\"en\":\"Mr. Furman Doyle\"}', 'barry.ryan@example.net', '$2y$10$92IXUNpkjO0rOQ5byMi.Ye4oKoEa3Ro9llC/.og/at2.uheWG/igi', 1, 198, 5, '2003-12-15', 4, 48, 6, 81, '1979', NULL, '2022-03-03 18:47:22', '2022-03-03 18:47:22'),
(170, '{\"en\":\"Diego Stoltenberg\"}', 'paul10@example.org', '$2y$10$92IXUNpkjO0rOQ5byMi.Ye4oKoEa3Ro9llC/.og/at2.uheWG/igi', 1, 99, 1, '1973-12-18', 1, 49, 10, 77, '2006', NULL, '2022-03-03 18:47:22', '2022-03-03 18:47:22'),
(171, '{\"en\":\"Kacey Torp\"}', 'zboncak.minerva@example.net', '$2y$10$92IXUNpkjO0rOQ5byMi.Ye4oKoEa3Ro9llC/.og/at2.uheWG/igi', 2, 162, 1, '2007-03-19', 2, 50, 2, 50, '2019', NULL, '2022-03-03 18:47:22', '2022-03-03 18:47:22'),
(172, '{\"en\":\"Margarita Wuckert\"}', 'emelia08@example.com', '$2y$10$92IXUNpkjO0rOQ5byMi.Ye4oKoEa3Ro9llC/.og/at2.uheWG/igi', 2, 110, 8, '2000-05-06', 2, 50, 10, 83, '1980', NULL, '2022-03-03 18:47:22', '2022-03-03 18:47:22'),
(173, '{\"en\":\"Rusty Hickle\"}', 'murazik.keyshawn@example.com', '$2y$10$92IXUNpkjO0rOQ5byMi.Ye4oKoEa3Ro9llC/.og/at2.uheWG/igi', 1, 225, 5, '1996-06-11', 2, 44, 2, 98, '1991', NULL, '2022-03-03 18:47:22', '2022-03-03 18:47:22'),
(174, '{\"en\":\"Adolfo Mitchell I\"}', 'macy48@example.org', '$2y$10$92IXUNpkjO0rOQ5byMi.Ye4oKoEa3Ro9llC/.og/at2.uheWG/igi', 1, 13, 4, '2012-03-21', 4, 52, 8, 84, '1975', NULL, '2022-03-03 18:47:22', '2022-03-03 18:47:22'),
(175, '{\"en\":\"Lucas Hessel\"}', 'charlene.okeefe@example.org', '$2y$10$92IXUNpkjO0rOQ5byMi.Ye4oKoEa3Ro9llC/.og/at2.uheWG/igi', 1, 169, 5, '2017-11-03', 1, 53, 8, 94, '1974', NULL, '2022-03-03 18:47:22', '2022-03-03 18:47:22'),
(176, '{\"en\":\"Stanton Schaden DVM\"}', 'zbradtke@example.net', '$2y$10$92IXUNpkjO0rOQ5byMi.Ye4oKoEa3Ro9llC/.og/at2.uheWG/igi', 1, 47, 8, '1985-08-22', 3, 48, 2, 79, '2005', NULL, '2022-03-03 18:47:22', '2022-03-03 18:47:22'),
(177, '{\"en\":\"Bianka Jacobson\"}', 'fausto09@example.org', '$2y$10$92IXUNpkjO0rOQ5byMi.Ye4oKoEa3Ro9llC/.og/at2.uheWG/igi', 1, 92, 5, '1988-06-13', 4, 49, 5, 54, '2017', NULL, '2022-03-03 18:47:22', '2022-03-03 18:47:22'),
(178, '{\"en\":\"Dr. Jonathon Purdy\"}', 'oprosacco@example.org', '$2y$10$92IXUNpkjO0rOQ5byMi.Ye4oKoEa3Ro9llC/.og/at2.uheWG/igi', 2, 104, 3, '2014-05-08', 4, 49, 6, 68, '1984', NULL, '2022-03-03 18:47:22', '2022-03-03 18:47:22'),
(179, '{\"en\":\"Dr. Bella Kessler MD\"}', 'ward.eldred@example.com', '$2y$10$92IXUNpkjO0rOQ5byMi.Ye4oKoEa3Ro9llC/.og/at2.uheWG/igi', 1, 53, 7, '2009-03-12', 3, 45, 5, 53, '2008', NULL, '2022-03-03 18:47:22', '2022-03-03 18:47:22'),
(180, '{\"en\":\"Ismael Bechtelar I\"}', 'justen07@example.org', '$2y$10$92IXUNpkjO0rOQ5byMi.Ye4oKoEa3Ro9llC/.og/at2.uheWG/igi', 1, 125, 2, '2013-03-20', 1, 51, 9, 39, '2017', NULL, '2022-03-03 18:47:22', '2022-03-03 18:47:22'),
(181, '{\"en\":\"Fritz Jenkins\"}', 'xdicki@example.net', '$2y$10$92IXUNpkjO0rOQ5byMi.Ye4oKoEa3Ro9llC/.og/at2.uheWG/igi', 1, 27, 2, '1972-09-04', 3, 54, 3, 9, '2006', NULL, '2022-03-03 18:47:22', '2022-03-03 18:47:22'),
(183, '{\"en\":\"Lesley Hermiston II\"}', 'dakota.mcglynn@example.net', '$2y$10$92IXUNpkjO0rOQ5byMi.Ye4oKoEa3Ro9llC/.og/at2.uheWG/igi', 1, 206, 1, '1977-10-22', 2, 48, 9, 25, '2017', NULL, '2022-03-03 18:47:22', '2022-03-03 18:47:22'),
(184, '{\"en\":\"Vickie Greenholt\"}', 'gwitting@example.net', '$2y$10$92IXUNpkjO0rOQ5byMi.Ye4oKoEa3Ro9llC/.og/at2.uheWG/igi', 1, 74, 2, '1995-08-02', 1, 47, 8, 38, '2000', NULL, '2022-03-03 18:47:22', '2022-03-03 18:47:22'),
(185, '{\"en\":\"Amelia Tromp\"}', 'elfrieda39@example.com', '$2y$10$92IXUNpkjO0rOQ5byMi.Ye4oKoEa3Ro9llC/.og/at2.uheWG/igi', 1, 111, 4, '1991-09-23', 1, 46, 9, 71, '2007', NULL, '2022-03-03 18:47:22', '2022-03-03 18:47:22'),
(186, '{\"en\":\"Nina Robel\"}', 'jalyn.mosciski@example.net', '$2y$10$92IXUNpkjO0rOQ5byMi.Ye4oKoEa3Ro9llC/.og/at2.uheWG/igi', 1, 129, 4, '2004-12-04', 3, 53, 2, 70, '1982', NULL, '2022-03-03 18:47:22', '2022-03-03 18:47:22'),
(187, '{\"en\":\"Porter Larson IV\"}', 'alarkin@example.org', '$2y$10$92IXUNpkjO0rOQ5byMi.Ye4oKoEa3Ro9llC/.og/at2.uheWG/igi', 2, 98, 1, '2011-12-11', 2, 43, 4, 33, '1975', NULL, '2022-03-03 18:47:22', '2022-03-03 18:47:22'),
(188, '{\"en\":\"Alize Gleason\"}', 'adaline.wiza@example.net', '$2y$10$92IXUNpkjO0rOQ5byMi.Ye4oKoEa3Ro9llC/.og/at2.uheWG/igi', 2, 178, 5, '1985-05-25', 2, 51, 2, 51, '2008', NULL, '2022-03-03 18:47:22', '2022-03-03 18:47:22'),
(189, '{\"en\":\"Clare Champlin\"}', 'hirthe.alena@example.net', '$2y$10$92IXUNpkjO0rOQ5byMi.Ye4oKoEa3Ro9llC/.og/at2.uheWG/igi', 1, 74, 5, '2016-05-20', 3, 47, 2, 56, '1972', NULL, '2022-03-03 18:47:22', '2022-03-03 18:47:22'),
(190, '{\"en\":\"Mr. Jasper Bashirian\"}', 'ethel.turcotte@example.com', '$2y$10$92IXUNpkjO0rOQ5byMi.Ye4oKoEa3Ro9llC/.og/at2.uheWG/igi', 2, 183, 7, '1988-03-19', 1, 52, 6, 24, '1990', NULL, '2022-03-03 18:47:23', '2022-03-03 18:47:23'),
(191, '{\"en\":\"Dr. Justen Turner\"}', 'parker.kuhlman@example.org', '$2y$10$92IXUNpkjO0rOQ5byMi.Ye4oKoEa3Ro9llC/.og/at2.uheWG/igi', 1, 243, 8, '1987-09-27', 4, 43, 7, 49, '1971', NULL, '2022-03-03 18:47:23', '2022-03-03 18:47:23'),
(192, '{\"en\":\"Tito Hill I\"}', 'monahan.lelah@example.org', '$2y$10$92IXUNpkjO0rOQ5byMi.Ye4oKoEa3Ro9llC/.og/at2.uheWG/igi', 2, 164, 4, '1987-08-19', 1, 54, 6, 90, '1982', NULL, '2022-03-03 18:47:23', '2022-03-03 18:47:23'),
(193, '{\"en\":\"Jovany Yundt\"}', 'dietrich.anastasia@example.net', '$2y$10$92IXUNpkjO0rOQ5byMi.Ye4oKoEa3Ro9llC/.og/at2.uheWG/igi', 2, 139, 3, '1972-10-13', 1, 45, 5, 81, '2004', NULL, '2022-03-03 18:47:23', '2022-03-03 18:47:23'),
(194, '{\"en\":\"Mr. Alden Rempel Sr.\"}', 'swaniawski.nicholaus@example.net', '$2y$10$92IXUNpkjO0rOQ5byMi.Ye4oKoEa3Ro9llC/.og/at2.uheWG/igi', 1, 127, 5, '1994-07-15', 2, 53, 7, 91, '2015', NULL, '2022-03-03 18:47:23', '2022-03-03 18:47:23'),
(195, '{\"en\":\"Miss Teresa Schumm\"}', 'carroll.maci@example.net', '$2y$10$92IXUNpkjO0rOQ5byMi.Ye4oKoEa3Ro9llC/.og/at2.uheWG/igi', 1, 104, 3, '1982-07-10', 1, 49, 8, 72, '2017', NULL, '2022-03-03 18:47:23', '2022-03-03 18:47:23'),
(196, '{\"en\":\"Jarred Muller\"}', 'ressie37@example.net', '$2y$10$92IXUNpkjO0rOQ5byMi.Ye4oKoEa3Ro9llC/.og/at2.uheWG/igi', 1, 146, 3, '1972-08-06', 1, 50, 8, 33, '2021', NULL, '2022-03-03 18:47:23', '2022-03-03 18:47:23'),
(197, '{\"en\":\"Callie Osinski\"}', 'audreanne63@example.com', '$2y$10$92IXUNpkjO0rOQ5byMi.Ye4oKoEa3Ro9llC/.og/at2.uheWG/igi', 2, 151, 1, '1981-12-03', 3, 49, 2, 16, '1984', NULL, '2022-03-03 18:47:23', '2022-03-03 18:47:23'),
(198, '{\"en\":\"Dr. Trevion Bradtke PhD\"}', 'hailey80@example.com', '$2y$10$92IXUNpkjO0rOQ5byMi.Ye4oKoEa3Ro9llC/.og/at2.uheWG/igi', 1, 180, 5, '2010-01-07', 4, 45, 5, 57, '1988', NULL, '2022-03-03 18:47:23', '2022-03-03 18:47:23'),
(199, '{\"en\":\"Dr. Diego Hartmann\"}', 'rosalind.klein@example.net', '$2y$10$92IXUNpkjO0rOQ5byMi.Ye4oKoEa3Ro9llC/.og/at2.uheWG/igi', 1, 82, 2, '1987-01-07', 1, 48, 9, 12, '1975', NULL, '2022-03-03 18:47:23', '2022-03-03 18:47:23'),
(200, '{\"en\":\"Ima Walsh\"}', 'batz.miracle@example.net', '$2y$10$92IXUNpkjO0rOQ5byMi.Ye4oKoEa3Ro9llC/.og/at2.uheWG/igi', 1, 155, 7, '2010-08-08', 2, 45, 10, 97, '2010', NULL, '2022-03-03 18:47:23', '2022-03-03 18:47:23'),
(201, '{\"en\":\"Dr. Margarita Mante DVM\"}', 'mosciski.dayna@example.org', '$2y$10$92IXUNpkjO0rOQ5byMi.Ye4oKoEa3Ro9llC/.og/at2.uheWG/igi', 1, 168, 7, '2011-08-22', 2, 50, 5, 81, '2016', NULL, '2022-03-03 18:47:23', '2022-03-03 18:47:23'),
(202, '{\"en\":\"Miss Arlene Howe\"}', 'michelle.brakus@example.com', '$2y$10$92IXUNpkjO0rOQ5byMi.Ye4oKoEa3Ro9llC/.og/at2.uheWG/igi', 1, 78, 8, '1978-06-19', 2, 49, 3, 54, '2006', NULL, '2022-03-03 18:47:23', '2022-03-03 18:47:23'),
(203, '{\"en\":\"Damaris Macejkovic\"}', 'fgrant@example.org', '$2y$10$92IXUNpkjO0rOQ5byMi.Ye4oKoEa3Ro9llC/.og/at2.uheWG/igi', 2, 11, 5, '1995-09-15', 3, 50, 5, 42, '2011', NULL, '2022-03-03 18:47:23', '2022-03-03 18:47:23'),
(204, '{\"en\":\"Amparo Howe\"}', 'duncan44@example.org', '$2y$10$92IXUNpkjO0rOQ5byMi.Ye4oKoEa3Ro9llC/.og/at2.uheWG/igi', 2, 129, 7, '1972-03-14', 4, 44, 4, 35, '1984', NULL, '2022-03-03 18:47:23', '2022-03-03 18:47:23'),
(205, '{\"en\":\"Kris Hayes\"}', 'lucius.wiegand@example.net', '$2y$10$92IXUNpkjO0rOQ5byMi.Ye4oKoEa3Ro9llC/.og/at2.uheWG/igi', 1, 29, 6, '1983-11-20', 3, 50, 9, 11, '2019', NULL, '2022-03-03 18:47:23', '2022-03-03 18:47:23'),
(206, '{\"en\":\"Jada Mraz\"}', 'colt87@example.com', '$2y$10$92IXUNpkjO0rOQ5byMi.Ye4oKoEa3Ro9llC/.og/at2.uheWG/igi', 2, 143, 6, '1973-02-26', 2, 47, 3, 44, '2008', NULL, '2022-03-03 18:47:23', '2022-03-03 18:47:23'),
(207, '{\"en\":\"Yasmin Reynolds MD\"}', 'reinger.lacey@example.org', '$2y$10$92IXUNpkjO0rOQ5byMi.Ye4oKoEa3Ro9llC/.og/at2.uheWG/igi', 1, 83, 1, '2020-01-22', 3, 48, 2, 107, '1995', NULL, '2022-03-03 18:47:23', '2022-03-03 18:47:23'),
(208, '{\"en\":\"Ryleigh Smith\"}', 'xmaggio@example.org', '$2y$10$92IXUNpkjO0rOQ5byMi.Ye4oKoEa3Ro9llC/.og/at2.uheWG/igi', 2, 3, 2, '1973-04-19', 3, 46, 6, 78, '2001', NULL, '2022-03-03 18:47:23', '2022-03-03 18:47:23'),
(209, '{\"en\":\"Christy Jacobson\"}', 'bogan.kelly@example.com', '$2y$10$92IXUNpkjO0rOQ5byMi.Ye4oKoEa3Ro9llC/.og/at2.uheWG/igi', 1, 20, 8, '1999-05-07', 2, 44, 9, 19, '1986', NULL, '2022-03-03 18:47:23', '2022-03-03 18:47:23'),
(210, '{\"en\":\"Gerardo Schimmel\"}', 'dluettgen@example.net', '$2y$10$92IXUNpkjO0rOQ5byMi.Ye4oKoEa3Ro9llC/.og/at2.uheWG/igi', 2, 149, 5, '2016-12-04', 2, 49, 7, 62, '1991', NULL, '2022-03-03 18:47:23', '2022-03-03 18:47:23'),
(211, '{\"en\":\"Maude Lakin\"}', 'vandervort.jaylon@example.net', '$2y$10$92IXUNpkjO0rOQ5byMi.Ye4oKoEa3Ro9llC/.og/at2.uheWG/igi', 1, 221, 8, '2013-03-27', 1, 46, 10, 102, '1977', NULL, '2022-03-03 18:47:23', '2022-03-03 18:47:23'),
(212, '{\"en\":\"Mr. Irwin Buckridge\"}', 'jarrett80@example.com', '$2y$10$92IXUNpkjO0rOQ5byMi.Ye4oKoEa3Ro9llC/.og/at2.uheWG/igi', 1, 17, 2, '2021-04-29', 2, 52, 4, 37, '1985', NULL, '2022-03-03 19:23:47', '2022-03-03 19:23:47'),
(213, '{\"en\":\"Kelvin Olson\"}', 'xondricka@example.org', '$2y$10$92IXUNpkjO0rOQ5byMi.Ye4oKoEa3Ro9llC/.og/at2.uheWG/igi', 2, 44, 2, '2021-04-15', 4, 51, 5, 49, '2015', NULL, '2022-03-03 19:23:47', '2022-03-03 19:23:47'),
(214, '{\"en\":\"Tod Wilkinson\"}', 'qrutherford@example.com', '$2y$10$92IXUNpkjO0rOQ5byMi.Ye4oKoEa3Ro9llC/.og/at2.uheWG/igi', 1, 47, 2, '2010-04-18', 4, 44, 2, 103, '2014', NULL, '2022-03-03 19:23:47', '2022-03-03 19:23:47'),
(215, '{\"en\":\"Miss Rosa Bergnaum PhD\"}', 'hobart.weimann@example.net', '$2y$10$92IXUNpkjO0rOQ5byMi.Ye4oKoEa3Ro9llC/.og/at2.uheWG/igi', 1, 8, 2, '1998-06-11', 4, 54, 9, 101, '1977', NULL, '2022-03-03 19:23:48', '2022-03-03 19:23:48'),
(216, '{\"en\":\"Aiyana Bruen\"}', 'fmohr@example.org', '$2y$10$92IXUNpkjO0rOQ5byMi.Ye4oKoEa3Ro9llC/.og/at2.uheWG/igi', 2, 245, 1, '2002-02-02', 3, 52, 5, 79, '1990', NULL, '2022-03-03 19:23:48', '2022-03-03 19:23:48'),
(217, '{\"en\":\"Sabryna Considine\"}', 'lauriane.gusikowski@example.net', '$2y$10$92IXUNpkjO0rOQ5byMi.Ye4oKoEa3Ro9llC/.og/at2.uheWG/igi', 1, 122, 4, '2003-10-28', 4, 51, 9, 9, '2004', NULL, '2022-03-03 19:23:48', '2022-03-03 19:23:48'),
(218, '{\"en\":\"Mrs. Julia Heller II\"}', 'vergie.kuhic@example.com', '$2y$10$92IXUNpkjO0rOQ5byMi.Ye4oKoEa3Ro9llC/.og/at2.uheWG/igi', 1, 210, 5, '2020-11-18', 4, 52, 7, 93, '1995', NULL, '2022-03-03 19:23:48', '2022-03-03 19:23:48'),
(219, '{\"en\":\"Ursula Bernier\"}', 'fturcotte@example.net', '$2y$10$92IXUNpkjO0rOQ5byMi.Ye4oKoEa3Ro9llC/.og/at2.uheWG/igi', 2, 96, 3, '2001-12-02', 1, 53, 8, 76, '1975', NULL, '2022-03-03 19:23:48', '2022-03-03 19:23:48'),
(220, '{\"en\":\"Jude Dickens\"}', 'hgreen@example.net', '$2y$10$92IXUNpkjO0rOQ5byMi.Ye4oKoEa3Ro9llC/.og/at2.uheWG/igi', 2, 112, 8, '1989-10-11', 4, 44, 5, 82, '2004', NULL, '2022-03-03 19:23:48', '2022-03-03 19:23:48'),
(221, '{\"en\":\"Forrest Vandervort\"}', 'columbus73@example.org', '$2y$10$92IXUNpkjO0rOQ5byMi.Ye4oKoEa3Ro9llC/.og/at2.uheWG/igi', 2, 144, 8, '2008-09-03', 1, 49, 4, 16, '1984', NULL, '2022-03-03 19:23:48', '2022-03-03 19:23:48'),
(222, '{\"en\":\"Kallie Leannon\"}', 'jstamm@example.net', '$2y$10$92IXUNpkjO0rOQ5byMi.Ye4oKoEa3Ro9llC/.og/at2.uheWG/igi', 2, 16, 7, '1973-08-30', 1, 49, 8, 57, '1998', NULL, '2022-03-03 19:23:48', '2022-03-03 19:23:48'),
(223, '{\"en\":\"Joshuah Runolfsdottir\"}', 'blair.collier@example.net', '$2y$10$92IXUNpkjO0rOQ5byMi.Ye4oKoEa3Ro9llC/.og/at2.uheWG/igi', 1, 232, 4, '1973-10-09', 3, 46, 4, 72, '1988', NULL, '2022-03-03 19:23:48', '2022-03-03 19:23:48'),
(224, '{\"en\":\"Mr. Timmothy Hoppe\"}', 'ayla07@example.com', '$2y$10$92IXUNpkjO0rOQ5byMi.Ye4oKoEa3Ro9llC/.og/at2.uheWG/igi', 1, 130, 4, '1991-05-03', 2, 54, 5, 106, '2000', NULL, '2022-03-03 19:23:48', '2022-03-03 19:23:48'),
(225, '{\"en\":\"Triston Bernhard\"}', 'stoltenberg.brooklyn@example.org', '$2y$10$92IXUNpkjO0rOQ5byMi.Ye4oKoEa3Ro9llC/.og/at2.uheWG/igi', 1, 156, 3, '2001-07-14', 4, 44, 10, 92, '1996', NULL, '2022-03-03 19:23:48', '2022-03-03 19:23:48'),
(226, '{\"en\":\"Dr. Sam Tromp MD\"}', 'lempi.terry@example.com', '$2y$10$92IXUNpkjO0rOQ5byMi.Ye4oKoEa3Ro9llC/.og/at2.uheWG/igi', 1, 107, 7, '1974-05-06', 2, 45, 7, 61, '1980', NULL, '2022-03-03 19:23:48', '2022-03-03 19:23:48'),
(227, '{\"en\":\"Sally Corwin\"}', 'khalid22@example.com', '$2y$10$92IXUNpkjO0rOQ5byMi.Ye4oKoEa3Ro9llC/.og/at2.uheWG/igi', 1, 166, 5, '1993-09-25', 1, 54, 5, 88, '1977', NULL, '2022-03-03 19:23:48', '2022-03-03 19:23:48'),
(228, '{\"en\":\"Quinten Bins Jr.\"}', 'wiegand.filiberto@example.com', '$2y$10$92IXUNpkjO0rOQ5byMi.Ye4oKoEa3Ro9llC/.og/at2.uheWG/igi', 2, 220, 2, '2012-06-03', 4, 44, 5, 54, '2013', NULL, '2022-03-03 19:23:48', '2022-03-03 19:23:48'),
(229, '{\"en\":\"Aida Sawayn\"}', 'dorcas.gulgowski@example.org', '$2y$10$92IXUNpkjO0rOQ5byMi.Ye4oKoEa3Ro9llC/.og/at2.uheWG/igi', 1, 217, 4, '2013-03-29', 1, 45, 8, 70, '2014', NULL, '2022-03-03 19:23:48', '2022-03-03 19:23:48'),
(230, '{\"en\":\"Ms. Charlene Gutmann III\"}', 'littel.marco@example.net', '$2y$10$92IXUNpkjO0rOQ5byMi.Ye4oKoEa3Ro9llC/.og/at2.uheWG/igi', 1, 114, 8, '2010-05-07', 2, 44, 8, 67, '1984', NULL, '2022-03-03 19:23:48', '2022-03-03 19:23:48'),
(231, '{\"en\":\"Mr. Wilfredo Bogisich I\"}', 'smckenzie@example.org', '$2y$10$92IXUNpkjO0rOQ5byMi.Ye4oKoEa3Ro9llC/.og/at2.uheWG/igi', 1, 175, 4, '1976-05-26', 4, 46, 6, 12, '2000', NULL, '2022-03-03 19:23:48', '2022-03-03 19:23:48'),
(232, '{\"en\":\"Marian Sporer Sr.\"}', 'steve.predovic@example.org', '$2y$10$92IXUNpkjO0rOQ5byMi.Ye4oKoEa3Ro9llC/.og/at2.uheWG/igi', 1, 144, 5, '2015-01-26', 2, 53, 2, 57, '2008', NULL, '2022-03-03 19:23:48', '2022-03-03 19:23:48');
INSERT INTO `students` (`id`, `name`, `email`, `password`, `gender_id`, `nationalitie_id`, `blood_id`, `date_birth`, `grade_id`, `classroom_id`, `section_id`, `parent_id`, `academic_year`, `deleted_at`, `created_at`, `updated_at`) VALUES
(233, '{\"en\":\"Lina Hansen\"}', 'germaine83@example.org', '$2y$10$92IXUNpkjO0rOQ5byMi.Ye4oKoEa3Ro9llC/.og/at2.uheWG/igi', 1, 119, 6, '2001-07-10', 2, 48, 7, 34, '1981', NULL, '2022-03-03 19:23:48', '2022-03-03 19:23:48'),
(234, '{\"en\":\"Princess Gusikowski\"}', 'pfannerstill.ole@example.org', '$2y$10$92IXUNpkjO0rOQ5byMi.Ye4oKoEa3Ro9llC/.og/at2.uheWG/igi', 1, 163, 5, '1999-11-29', 2, 49, 4, 56, '2014', NULL, '2022-03-03 19:23:48', '2022-03-03 19:23:48'),
(235, '{\"en\":\"Brad Muller DDS\"}', 'myrtice.corwin@example.org', '$2y$10$92IXUNpkjO0rOQ5byMi.Ye4oKoEa3Ro9llC/.og/at2.uheWG/igi', 2, 131, 7, '1987-12-12', 1, 45, 9, 88, '2007', NULL, '2022-03-03 19:23:48', '2022-03-03 19:23:48'),
(236, '{\"en\":\"Kelsie Aufderhar\"}', 'labadie.toy@example.org', '$2y$10$92IXUNpkjO0rOQ5byMi.Ye4oKoEa3Ro9llC/.og/at2.uheWG/igi', 2, 81, 4, '1991-08-22', 3, 51, 2, 30, '1985', NULL, '2022-03-03 19:23:49', '2022-03-03 19:23:49'),
(237, '{\"en\":\"Johnathan Runte\"}', 'annette.raynor@example.org', '$2y$10$92IXUNpkjO0rOQ5byMi.Ye4oKoEa3Ro9llC/.og/at2.uheWG/igi', 2, 96, 3, '2006-08-01', 1, 49, 3, 38, '2002', NULL, '2022-03-03 19:23:49', '2022-03-03 19:23:49'),
(238, '{\"en\":\"Clare Mueller\"}', 'ratke.gerard@example.com', '$2y$10$92IXUNpkjO0rOQ5byMi.Ye4oKoEa3Ro9llC/.og/at2.uheWG/igi', 1, 178, 4, '2005-09-02', 2, 47, 2, 96, '1993', NULL, '2022-03-03 19:23:49', '2022-03-03 19:23:49'),
(239, '{\"en\":\"Mervin O\'Keefe\"}', 'kaya34@example.net', '$2y$10$92IXUNpkjO0rOQ5byMi.Ye4oKoEa3Ro9llC/.og/at2.uheWG/igi', 1, 158, 8, '2008-02-23', 3, 52, 8, 50, '1982', NULL, '2022-03-03 19:23:49', '2022-03-03 19:23:49'),
(241, '{\"en\":\"Micaela Cartwright\"}', 'marcelo.shanahan@example.com', '$2y$10$92IXUNpkjO0rOQ5byMi.Ye4oKoEa3Ro9llC/.og/at2.uheWG/igi', 1, 19, 3, '2005-03-16', 1, 54, 5, 75, '2012', NULL, '2022-03-03 19:23:49', '2022-03-03 19:23:49'),
(243, '{\"en\":\"Ms. Rosetta Mayert DVM\"}', 'ugoodwin@example.net', '$2y$10$92IXUNpkjO0rOQ5byMi.Ye4oKoEa3Ro9llC/.og/at2.uheWG/igi', 1, 224, 7, '1985-02-02', 3, 43, 7, 26, '2019', NULL, '2022-03-03 19:23:49', '2022-03-03 19:23:49'),
(244, '{\"en\":\"Yessenia Reilly\"}', 'ignatius21@example.org', '$2y$10$92IXUNpkjO0rOQ5byMi.Ye4oKoEa3Ro9llC/.og/at2.uheWG/igi', 1, 59, 3, '2016-09-01', 3, 44, 4, 68, '2007', NULL, '2022-03-03 19:23:49', '2022-03-03 19:23:49'),
(245, '{\"en\":\"Prof. Timmothy Morissette\"}', 'nelle50@example.org', '$2y$10$92IXUNpkjO0rOQ5byMi.Ye4oKoEa3Ro9llC/.og/at2.uheWG/igi', 2, 125, 6, '2000-05-31', 1, 43, 10, 45, '1988', NULL, '2022-03-03 19:23:49', '2022-03-03 19:23:49'),
(246, '{\"en\":\"Ms. Aiyana Bashirian\"}', 'jerald.lemke@example.com', '$2y$10$92IXUNpkjO0rOQ5byMi.Ye4oKoEa3Ro9llC/.og/at2.uheWG/igi', 2, 107, 7, '1988-09-10', 2, 49, 6, 88, '2009', NULL, '2022-03-03 19:23:49', '2022-03-03 19:23:49'),
(247, '{\"en\":\"Ms. Dorothea Stiedemann IV\"}', 'swaters@example.org', '$2y$10$92IXUNpkjO0rOQ5byMi.Ye4oKoEa3Ro9llC/.og/at2.uheWG/igi', 2, 203, 3, '1975-04-08', 2, 52, 2, 62, '1981', NULL, '2022-03-03 19:23:49', '2022-03-03 19:23:49'),
(248, '{\"en\":\"Vernon Roberts\"}', 'maximus.oberbrunner@example.net', '$2y$10$92IXUNpkjO0rOQ5byMi.Ye4oKoEa3Ro9llC/.og/at2.uheWG/igi', 2, 187, 5, '1994-10-24', 2, 45, 10, 16, '1988', NULL, '2022-03-03 19:23:49', '2022-03-03 19:23:49'),
(249, '{\"en\":\"Ms. Odie Wisozk\"}', 'rickie.terry@example.net', '$2y$10$92IXUNpkjO0rOQ5byMi.Ye4oKoEa3Ro9llC/.og/at2.uheWG/igi', 2, 34, 7, '2015-11-11', 1, 44, 10, 23, '2008', NULL, '2022-03-03 19:23:49', '2022-03-03 19:23:49'),
(250, '{\"en\":\"Dr. Barton Padberg PhD\"}', 'marcelino.walsh@example.com', '$2y$10$92IXUNpkjO0rOQ5byMi.Ye4oKoEa3Ro9llC/.og/at2.uheWG/igi', 1, 138, 7, '1998-05-02', 4, 49, 5, 18, '2019', NULL, '2022-03-03 19:23:49', '2022-03-03 19:23:49'),
(251, '{\"en\":\"Gerson Kunde V\"}', 'abbott.janis@example.net', '$2y$10$92IXUNpkjO0rOQ5byMi.Ye4oKoEa3Ro9llC/.og/at2.uheWG/igi', 2, 62, 7, '2017-07-31', 1, 51, 5, 75, '2009', NULL, '2022-03-03 19:23:49', '2022-03-03 19:23:49'),
(252, '{\"en\":\"Kenny Jakubowski Sr.\"}', 'clementine.johnston@example.org', '$2y$10$92IXUNpkjO0rOQ5byMi.Ye4oKoEa3Ro9llC/.og/at2.uheWG/igi', 2, 175, 7, '2018-10-03', 4, 47, 2, 40, '2004', NULL, '2022-03-03 19:23:49', '2022-03-03 19:23:49'),
(253, '{\"en\":\"Victor Haley II\"}', 'forrest29@example.net', '$2y$10$92IXUNpkjO0rOQ5byMi.Ye4oKoEa3Ro9llC/.og/at2.uheWG/igi', 2, 244, 3, '2016-11-20', 4, 53, 10, 21, '1983', NULL, '2022-03-03 19:23:50', '2022-03-03 19:23:50'),
(254, '{\"en\":\"Juston Pacocha\"}', 'ndeckow@example.org', '$2y$10$92IXUNpkjO0rOQ5byMi.Ye4oKoEa3Ro9llC/.og/at2.uheWG/igi', 2, 4, 2, '1974-03-12', 3, 46, 4, 16, '2014', NULL, '2022-03-03 19:23:50', '2022-03-03 19:23:50'),
(255, '{\"en\":\"Kyler Stark\"}', 'uhackett@example.org', '$2y$10$92IXUNpkjO0rOQ5byMi.Ye4oKoEa3Ro9llC/.og/at2.uheWG/igi', 1, 187, 3, '1992-01-08', 1, 47, 3, 20, '1982', NULL, '2022-03-03 19:23:50', '2022-03-03 19:23:50'),
(256, '{\"en\":\"Eloise Stokes\"}', 'rohan.liam@example.com', '$2y$10$92IXUNpkjO0rOQ5byMi.Ye4oKoEa3Ro9llC/.og/at2.uheWG/igi', 2, 162, 3, '1990-02-08', 2, 46, 2, 35, '1994', NULL, '2022-03-03 19:23:50', '2022-03-03 19:23:50'),
(257, '{\"en\":\"Elvis Kiehn\"}', 'justen.runte@example.org', '$2y$10$92IXUNpkjO0rOQ5byMi.Ye4oKoEa3Ro9llC/.og/at2.uheWG/igi', 2, 58, 5, '2009-10-14', 3, 49, 10, 83, '2012', NULL, '2022-03-03 19:23:50', '2022-03-03 19:23:50'),
(258, '{\"en\":\"Mason Homenick\"}', 'omarvin@example.org', '$2y$10$92IXUNpkjO0rOQ5byMi.Ye4oKoEa3Ro9llC/.og/at2.uheWG/igi', 1, 36, 3, '1989-02-21', 2, 44, 5, 53, '1978', NULL, '2022-03-03 19:23:50', '2022-03-03 19:23:50'),
(259, '{\"en\":\"Ronny Daugherty\"}', 'evalyn.robel@example.com', '$2y$10$92IXUNpkjO0rOQ5byMi.Ye4oKoEa3Ro9llC/.og/at2.uheWG/igi', 2, 96, 3, '2015-12-10', 2, 51, 6, 13, '1970', NULL, '2022-03-03 19:23:50', '2022-03-03 19:23:50'),
(260, '{\"en\":\"Mr. Edmund Dibbert V\"}', 'brenden.nolan@example.com', '$2y$10$92IXUNpkjO0rOQ5byMi.Ye4oKoEa3Ro9llC/.og/at2.uheWG/igi', 1, 59, 3, '1973-08-21', 2, 54, 10, 105, '2018', NULL, '2022-03-03 19:23:50', '2022-03-03 19:23:50'),
(261, '{\"en\":\"Jamison Robel\"}', 'apowlowski@example.com', '$2y$10$92IXUNpkjO0rOQ5byMi.Ye4oKoEa3Ro9llC/.og/at2.uheWG/igi', 1, 160, 5, '1981-06-30', 1, 47, 9, 104, '1996', NULL, '2022-03-03 19:23:50', '2022-03-03 19:23:50'),
(262, '{\"en\":\"Prof. Graham Frami DVM\"}', 'walker.breana@example.net', '$2y$10$92IXUNpkjO0rOQ5byMi.Ye4oKoEa3Ro9llC/.og/at2.uheWG/igi', 2, 42, 2, '2015-08-03', 4, 49, 10, 62, '1999', NULL, '2022-03-03 19:23:50', '2022-03-03 19:23:50'),
(263, '{\"en\":\"Edward Kuvalis MD\"}', 'mclaughlin.dayne@example.net', '$2y$10$92IXUNpkjO0rOQ5byMi.Ye4oKoEa3Ro9llC/.og/at2.uheWG/igi', 2, 19, 6, '1998-08-25', 1, 51, 10, 97, '1991', NULL, '2022-03-03 19:23:50', '2022-03-03 19:23:50'),
(264, '{\"en\":\"Deja Tromp\"}', 'nullrich@example.net', '$2y$10$92IXUNpkjO0rOQ5byMi.Ye4oKoEa3Ro9llC/.og/at2.uheWG/igi', 1, 200, 4, '1975-09-02', 4, 51, 8, 97, '1977', NULL, '2022-03-03 19:23:50', '2022-03-03 19:23:50'),
(265, '{\"en\":\"Mose Gleason\"}', 'frank15@example.org', '$2y$10$92IXUNpkjO0rOQ5byMi.Ye4oKoEa3Ro9llC/.og/at2.uheWG/igi', 1, 197, 7, '2000-07-15', 1, 52, 7, 17, '2008', NULL, '2022-03-03 19:23:50', '2022-03-03 19:23:50'),
(266, '{\"en\":\"Donavon Stark\"}', 'fmccullough@example.org', '$2y$10$92IXUNpkjO0rOQ5byMi.Ye4oKoEa3Ro9llC/.og/at2.uheWG/igi', 1, 7, 6, '1972-06-14', 2, 48, 9, 21, '1978', NULL, '2022-03-03 19:23:50', '2022-03-03 19:23:50'),
(267, '{\"en\":\"Shea Gulgowski\"}', 'quinton65@example.net', '$2y$10$92IXUNpkjO0rOQ5byMi.Ye4oKoEa3Ro9llC/.og/at2.uheWG/igi', 1, 8, 7, '1985-12-04', 1, 45, 9, 68, '1981', NULL, '2022-03-03 19:23:50', '2022-03-03 19:23:50'),
(268, '{\"en\":\"Harold Keeling II\"}', 'bluettgen@example.org', '$2y$10$92IXUNpkjO0rOQ5byMi.Ye4oKoEa3Ro9llC/.og/at2.uheWG/igi', 2, 30, 7, '1972-10-01', 1, 49, 7, 80, '2007', NULL, '2022-03-03 19:23:51', '2022-03-03 19:23:51'),
(270, '{\"en\":\"Arvilla Quitzon IV\"}', 'adams.edwin@example.com', '$2y$10$92IXUNpkjO0rOQ5byMi.Ye4oKoEa3Ro9llC/.og/at2.uheWG/igi', 2, 243, 4, '1974-08-11', 4, 46, 8, 104, '2017', NULL, '2022-03-03 19:23:51', '2022-03-03 19:23:51'),
(271, '{\"en\":\"Rylan Marvin\"}', 'dmoen@example.org', '$2y$10$92IXUNpkjO0rOQ5byMi.Ye4oKoEa3Ro9llC/.og/at2.uheWG/igi', 2, 104, 4, '2000-05-01', 1, 47, 7, 39, '1992', NULL, '2022-03-03 19:23:51', '2022-03-03 19:23:51'),
(272, '{\"en\":\"Prof. Leonel Schroeder MD\"}', 'kborer@example.org', '$2y$10$92IXUNpkjO0rOQ5byMi.Ye4oKoEa3Ro9llC/.og/at2.uheWG/igi', 2, 227, 5, '2016-07-03', 2, 46, 6, 23, '2011', NULL, '2022-03-03 19:23:51', '2022-03-03 19:23:51'),
(273, '{\"en\":\"Prof. Deion Bradtke Sr.\"}', 'oerdman@example.com', '$2y$10$92IXUNpkjO0rOQ5byMi.Ye4oKoEa3Ro9llC/.og/at2.uheWG/igi', 1, 122, 4, '2014-12-21', 2, 52, 5, 43, '1971', NULL, '2022-03-03 19:23:51', '2022-03-03 19:23:51'),
(274, '{\"en\":\"Dr. Armani Mills DVM\"}', 'julie59@example.com', '$2y$10$92IXUNpkjO0rOQ5byMi.Ye4oKoEa3Ro9llC/.og/at2.uheWG/igi', 2, 176, 6, '1989-08-21', 3, 45, 7, 34, '1971', NULL, '2022-03-03 19:23:51', '2022-03-03 19:23:51'),
(275, '{\"en\":\"Laverne Collier II\"}', 'cummerata.albina@example.net', '$2y$10$92IXUNpkjO0rOQ5byMi.Ye4oKoEa3Ro9llC/.og/at2.uheWG/igi', 1, 219, 4, '1996-11-21', 4, 48, 4, 33, '1999', NULL, '2022-03-03 19:23:51', '2022-03-03 19:23:51'),
(276, '{\"en\":\"Matteo Nicolas\"}', 'rogahn.matt@example.org', '$2y$10$92IXUNpkjO0rOQ5byMi.Ye4oKoEa3Ro9llC/.og/at2.uheWG/igi', 2, 5, 8, '2013-08-30', 2, 51, 5, 61, '2021', NULL, '2022-03-03 19:23:51', '2022-03-03 19:23:51'),
(277, '{\"en\":\"Dr. Olin Cormier\"}', 'weston.grimes@example.net', '$2y$10$92IXUNpkjO0rOQ5byMi.Ye4oKoEa3Ro9llC/.og/at2.uheWG/igi', 2, 246, 6, '1993-05-26', 2, 51, 5, 50, '1986', NULL, '2022-03-03 19:23:51', '2022-03-03 19:23:51'),
(278, '{\"en\":\"Curtis Ruecker V\"}', 'william.volkman@example.net', '$2y$10$92IXUNpkjO0rOQ5byMi.Ye4oKoEa3Ro9llC/.og/at2.uheWG/igi', 2, 43, 4, '1986-09-03', 3, 43, 8, 52, '1986', NULL, '2022-03-03 19:23:51', '2022-03-03 19:23:51'),
(281, '{\"en\":\"Al Stroman\"}', 'glittel@example.net', '$2y$10$92IXUNpkjO0rOQ5byMi.Ye4oKoEa3Ro9llC/.og/at2.uheWG/igi', 2, 169, 3, '1975-06-04', 1, 44, 7, 103, '1988', NULL, '2022-03-03 19:23:51', '2022-03-03 19:23:51'),
(282, '{\"en\":\"Prof. Irma Bernhard\"}', 'grace.bayer@example.com', '$2y$10$92IXUNpkjO0rOQ5byMi.Ye4oKoEa3Ro9llC/.og/at2.uheWG/igi', 2, 154, 5, '1986-04-07', 2, 43, 7, 65, '1990', NULL, '2022-03-03 19:23:51', '2022-03-03 19:23:51'),
(283, '{\"en\":\"Nayeli Shields\"}', 'okulas@example.org', '$2y$10$92IXUNpkjO0rOQ5byMi.Ye4oKoEa3Ro9llC/.og/at2.uheWG/igi', 1, 6, 1, '2019-06-23', 2, 54, 10, 45, '1981', NULL, '2022-03-03 19:23:51', '2022-03-03 19:23:51'),
(284, '{\"en\":\"Kennedi Huel\"}', 'veum.domenick@example.net', '$2y$10$92IXUNpkjO0rOQ5byMi.Ye4oKoEa3Ro9llC/.og/at2.uheWG/igi', 1, 184, 8, '2007-11-07', 1, 47, 2, 60, '1977', NULL, '2022-03-03 19:23:51', '2022-03-03 19:23:51'),
(285, '{\"en\":\"Joannie Dach\"}', 'aoberbrunner@example.com', '$2y$10$92IXUNpkjO0rOQ5byMi.Ye4oKoEa3Ro9llC/.og/at2.uheWG/igi', 2, 235, 2, '2003-03-05', 2, 51, 4, 78, '1977', NULL, '2022-03-03 19:23:52', '2022-03-03 19:23:52'),
(286, '{\"en\":\"Rossie Ebert\"}', 'okoelpin@example.net', '$2y$10$92IXUNpkjO0rOQ5byMi.Ye4oKoEa3Ro9llC/.og/at2.uheWG/igi', 2, 83, 8, '2001-03-05', 2, 51, 9, 33, '1992', NULL, '2022-03-03 19:23:52', '2022-03-03 19:23:52'),
(287, '{\"en\":\"Juliana Turcotte\"}', 'xziemann@example.net', '$2y$10$92IXUNpkjO0rOQ5byMi.Ye4oKoEa3Ro9llC/.og/at2.uheWG/igi', 2, 234, 3, '2016-03-22', 1, 45, 5, 31, '1991', NULL, '2022-03-03 19:23:52', '2022-03-03 19:23:52'),
(288, '{\"en\":\"Beatrice Rippin\"}', 'lulu77@example.net', '$2y$10$92IXUNpkjO0rOQ5byMi.Ye4oKoEa3Ro9llC/.og/at2.uheWG/igi', 2, 221, 8, '2013-01-03', 1, 49, 4, 94, '1988', NULL, '2022-03-03 19:23:52', '2022-03-03 19:23:52'),
(289, '{\"en\":\"Norval Wisoky I\"}', 'kaylah.dach@example.com', '$2y$10$92IXUNpkjO0rOQ5byMi.Ye4oKoEa3Ro9llC/.og/at2.uheWG/igi', 2, 157, 7, '1997-03-27', 4, 43, 9, 68, '1993', NULL, '2022-03-03 19:23:52', '2022-03-03 19:23:52'),
(290, '{\"en\":\"Dr. Estefania Ratke IV\"}', 'ahmad54@example.com', '$2y$10$92IXUNpkjO0rOQ5byMi.Ye4oKoEa3Ro9llC/.og/at2.uheWG/igi', 1, 42, 7, '1981-10-03', 3, 53, 8, 55, '1974', NULL, '2022-03-03 19:23:52', '2022-03-03 19:23:52'),
(291, '{\"en\":\"Xzavier Halvorson\"}', 'ycormier@example.org', '$2y$10$92IXUNpkjO0rOQ5byMi.Ye4oKoEa3Ro9llC/.og/at2.uheWG/igi', 1, 142, 8, '1981-11-17', 3, 46, 3, 88, '2020', NULL, '2022-03-03 19:23:52', '2022-03-03 19:23:52'),
(292, '{\"en\":\"Dixie Dicki\"}', 'verna.schaden@example.com', '$2y$10$92IXUNpkjO0rOQ5byMi.Ye4oKoEa3Ro9llC/.og/at2.uheWG/igi', 2, 94, 5, '2008-12-30', 1, 43, 5, 29, '2020', NULL, '2022-03-03 19:23:52', '2022-03-03 19:23:52'),
(293, '{\"en\":\"Mr. Arthur Hermiston MD\"}', 'mayer.megane@example.org', '$2y$10$92IXUNpkjO0rOQ5byMi.Ye4oKoEa3Ro9llC/.og/at2.uheWG/igi', 1, 242, 8, '1974-07-16', 2, 54, 3, 89, '2021', NULL, '2022-03-03 19:23:52', '2022-03-03 19:23:52'),
(294, '{\"en\":\"Kyleigh Leannon\"}', 'leslie46@example.com', '$2y$10$92IXUNpkjO0rOQ5byMi.Ye4oKoEa3Ro9llC/.og/at2.uheWG/igi', 2, 167, 4, '2001-09-30', 1, 43, 3, 33, '1975', NULL, '2022-03-03 19:23:52', '2022-03-03 19:23:52'),
(295, '{\"en\":\"Mr. Dale Doyle V\"}', 'trowe@example.org', '$2y$10$92IXUNpkjO0rOQ5byMi.Ye4oKoEa3Ro9llC/.og/at2.uheWG/igi', 1, 15, 8, '2010-10-01', 4, 49, 8, 28, '1971', NULL, '2022-03-03 19:23:52', '2022-03-03 19:23:52'),
(296, '{\"en\":\"Hazle Ledner\"}', 'kathryne.damore@example.com', '$2y$10$92IXUNpkjO0rOQ5byMi.Ye4oKoEa3Ro9llC/.og/at2.uheWG/igi', 2, 9, 6, '2014-03-18', 1, 47, 8, 63, '1993', NULL, '2022-03-03 19:23:52', '2022-03-03 19:23:52'),
(297, '{\"en\":\"Ruthe Monahan PhD\"}', 'marianne36@example.net', '$2y$10$92IXUNpkjO0rOQ5byMi.Ye4oKoEa3Ro9llC/.og/at2.uheWG/igi', 2, 114, 7, '1997-05-29', 3, 45, 10, 29, '1977', NULL, '2022-03-03 19:23:52', '2022-03-03 19:23:52'),
(298, '{\"en\":\"Anderson Bauch III\"}', 'boyle.wiley@example.net', '$2y$10$92IXUNpkjO0rOQ5byMi.Ye4oKoEa3Ro9llC/.og/at2.uheWG/igi', 2, 97, 1, '1977-04-22', 3, 50, 8, 33, '1970', NULL, '2022-03-03 19:23:53', '2022-03-03 19:23:53'),
(299, '{\"en\":\"Dr. Irma Franecki\"}', 'ycummerata@example.org', '$2y$10$92IXUNpkjO0rOQ5byMi.Ye4oKoEa3Ro9llC/.og/at2.uheWG/igi', 1, 119, 3, '2011-11-15', 3, 45, 4, 95, '1991', NULL, '2022-03-03 19:23:53', '2022-03-03 19:23:53'),
(300, '{\"en\":\"Rubye Veum I\"}', 'vbrown@example.com', '$2y$10$92IXUNpkjO0rOQ5byMi.Ye4oKoEa3Ro9llC/.og/at2.uheWG/igi', 2, 100, 2, '2005-02-06', 4, 43, 5, 53, '2006', NULL, '2022-03-03 19:23:53', '2022-03-03 19:23:53'),
(301, '{\"en\":\"Prof. D\'angelo Hahn PhD\"}', 'little.kirstin@example.org', '$2y$10$92IXUNpkjO0rOQ5byMi.Ye4oKoEa3Ro9llC/.og/at2.uheWG/igi', 1, 34, 6, '1975-04-18', 2, 50, 8, 106, '1996', NULL, '2022-03-03 19:23:53', '2022-03-03 19:23:53'),
(302, '{\"en\":\"Brooklyn Brekke\"}', 'hilario.trantow@example.com', '$2y$10$92IXUNpkjO0rOQ5byMi.Ye4oKoEa3Ro9llC/.og/at2.uheWG/igi', 1, 13, 2, '2017-07-28', 2, 45, 2, 79, '1998', NULL, '2022-03-03 19:23:53', '2022-03-03 19:23:53'),
(303, '{\"en\":\"Mr. Aric Abshire MD\"}', 'emilie.roberts@example.net', '$2y$10$92IXUNpkjO0rOQ5byMi.Ye4oKoEa3Ro9llC/.og/at2.uheWG/igi', 2, 50, 2, '2005-09-25', 1, 54, 6, 79, '2015', NULL, '2022-03-03 19:23:53', '2022-03-03 19:23:53'),
(304, '{\"en\":\"Leonie Emard\"}', 'bailey.mccullough@example.org', '$2y$10$92IXUNpkjO0rOQ5byMi.Ye4oKoEa3Ro9llC/.og/at2.uheWG/igi', 1, 212, 2, '1981-04-18', 4, 50, 9, 65, '2010', NULL, '2022-03-03 19:23:53', '2022-03-03 19:23:53'),
(305, '{\"en\":\"Mrs. Vena Runolfsson III\"}', 'mills.kiara@example.org', '$2y$10$92IXUNpkjO0rOQ5byMi.Ye4oKoEa3Ro9llC/.og/at2.uheWG/igi', 2, 161, 3, '1981-07-23', 4, 46, 7, 21, '1993', NULL, '2022-03-03 19:23:53', '2022-03-03 19:23:53'),
(306, '{\"en\":\"Ariane Senger\"}', 'glen95@example.net', '$2y$10$92IXUNpkjO0rOQ5byMi.Ye4oKoEa3Ro9llC/.og/at2.uheWG/igi', 1, 165, 7, '2001-11-10', 1, 54, 10, 100, '2004', NULL, '2022-03-03 19:23:53', '2022-03-03 19:23:53'),
(307, '{\"en\":\"Arlo Mueller\"}', 'hbecker@example.org', '$2y$10$92IXUNpkjO0rOQ5byMi.Ye4oKoEa3Ro9llC/.og/at2.uheWG/igi', 2, 38, 7, '1993-08-21', 3, 47, 3, 90, '1987', NULL, '2022-03-03 19:23:53', '2022-03-03 19:23:53'),
(308, '{\"en\":\"Sylvester Koss\"}', 'corine.zieme@example.net', '$2y$10$92IXUNpkjO0rOQ5byMi.Ye4oKoEa3Ro9llC/.og/at2.uheWG/igi', 1, 91, 8, '1992-10-18', 2, 50, 5, 17, '1986', NULL, '2022-03-03 19:23:53', '2022-03-03 19:23:53'),
(309, '{\"en\":\"Emelie Hudson\"}', 'presley34@example.com', '$2y$10$92IXUNpkjO0rOQ5byMi.Ye4oKoEa3Ro9llC/.og/at2.uheWG/igi', 2, 71, 4, '2003-06-12', 2, 49, 10, 19, '1977', NULL, '2022-03-03 19:23:53', '2022-03-03 19:23:53'),
(310, '{\"en\":\"Dr. Willard Ferry IV\"}', 'ryder.medhurst@example.org', '$2y$10$92IXUNpkjO0rOQ5byMi.Ye4oKoEa3Ro9llC/.og/at2.uheWG/igi', 2, 153, 7, '2015-09-24', 3, 47, 5, 94, '2014', NULL, '2022-03-03 19:23:53', '2022-03-03 19:23:53'),
(311, '{\"en\":\"Arnaldo Altenwerth DVM\"}', 'ksimonis@example.net', '$2y$10$92IXUNpkjO0rOQ5byMi.Ye4oKoEa3Ro9llC/.og/at2.uheWG/igi', 1, 68, 7, '1996-09-08', 3, 53, 10, 27, '2007', NULL, '2022-03-03 19:23:53', '2022-03-03 19:23:53'),
(312, '{\"en\":\"Marco Oberbrunner\"}', 'pinkie.abbott@example.com', '$2y$10$92IXUNpkjO0rOQ5byMi.Ye4oKoEa3Ro9llC/.og/at2.uheWG/igi', 2, 206, 2, '1978-02-08', 2, 45, 5, 62, '2011', NULL, '2022-03-03 19:23:57', '2022-03-03 19:23:57'),
(313, '{\"en\":\"Otilia Toy PhD\"}', 'alexandrea.oconnell@example.com', '$2y$10$92IXUNpkjO0rOQ5byMi.Ye4oKoEa3Ro9llC/.og/at2.uheWG/igi', 2, 64, 2, '1987-11-21', 1, 45, 6, 9, '2002', NULL, '2022-03-03 19:23:57', '2022-03-03 19:23:57'),
(314, '{\"en\":\"Leonora Huels\"}', 'monroe56@example.org', '$2y$10$92IXUNpkjO0rOQ5byMi.Ye4oKoEa3Ro9llC/.og/at2.uheWG/igi', 1, 15, 4, '2003-12-22', 2, 47, 2, 96, '1974', NULL, '2022-03-03 19:23:57', '2022-03-03 19:23:57'),
(315, '{\"en\":\"Flossie Walter\"}', 'zboehm@example.net', '$2y$10$92IXUNpkjO0rOQ5byMi.Ye4oKoEa3Ro9llC/.og/at2.uheWG/igi', 1, 244, 3, '2013-06-17', 4, 51, 5, 31, '1990', NULL, '2022-03-03 19:23:57', '2022-03-03 19:23:57'),
(316, '{\"en\":\"Mr. Keven Walker Jr.\"}', 'amara14@example.net', '$2y$10$92IXUNpkjO0rOQ5byMi.Ye4oKoEa3Ro9llC/.og/at2.uheWG/igi', 2, 15, 6, '2018-06-25', 4, 48, 8, 101, '2018', NULL, '2022-03-03 19:23:57', '2022-03-03 19:23:57'),
(317, '{\"en\":\"Vernice Beatty\"}', 'jluettgen@example.com', '$2y$10$92IXUNpkjO0rOQ5byMi.Ye4oKoEa3Ro9llC/.og/at2.uheWG/igi', 1, 60, 8, '2019-08-22', 2, 51, 8, 99, '2010', NULL, '2022-03-03 19:23:57', '2022-03-03 19:23:57'),
(318, '{\"en\":\"Laron Lakin\"}', 'helmer92@example.net', '$2y$10$92IXUNpkjO0rOQ5byMi.Ye4oKoEa3Ro9llC/.og/at2.uheWG/igi', 1, 80, 5, '2021-03-23', 2, 53, 5, 101, '1973', NULL, '2022-03-03 19:23:57', '2022-03-03 19:23:57'),
(319, '{\"en\":\"Dr. Otto Lehner V\"}', 'gaetano96@example.org', '$2y$10$92IXUNpkjO0rOQ5byMi.Ye4oKoEa3Ro9llC/.og/at2.uheWG/igi', 1, 11, 5, '1978-06-11', 2, 49, 10, 79, '1996', NULL, '2022-03-03 19:23:57', '2022-03-03 19:23:57'),
(320, '{\"en\":\"Raoul Steuber\"}', 'sienna.boyle@example.com', '$2y$10$92IXUNpkjO0rOQ5byMi.Ye4oKoEa3Ro9llC/.og/at2.uheWG/igi', 1, 135, 8, '2009-01-13', 4, 50, 10, 93, '1975', NULL, '2022-03-03 19:23:57', '2022-03-03 19:23:57'),
(321, '{\"en\":\"Mr. Augustus Hane\"}', 'stanton.wunsch@example.com', '$2y$10$92IXUNpkjO0rOQ5byMi.Ye4oKoEa3Ro9llC/.og/at2.uheWG/igi', 2, 235, 6, '2015-09-19', 2, 46, 10, 59, '2020', NULL, '2022-03-03 19:23:57', '2022-03-03 19:23:57'),
(322, '{\"en\":\"Alysson Pollich I\"}', 'ryan.santa@example.com', '$2y$10$92IXUNpkjO0rOQ5byMi.Ye4oKoEa3Ro9llC/.og/at2.uheWG/igi', 1, 222, 7, '1972-04-29', 4, 46, 10, 37, '1973', NULL, '2022-03-03 19:23:57', '2022-03-03 19:23:57'),
(323, '{\"en\":\"Bradford Kuhic DDS\"}', 'mariam53@example.org', '$2y$10$92IXUNpkjO0rOQ5byMi.Ye4oKoEa3Ro9llC/.og/at2.uheWG/igi', 2, 208, 4, '1981-10-13', 4, 47, 7, 34, '1992', NULL, '2022-03-03 19:23:57', '2022-03-03 19:23:57'),
(324, '{\"en\":\"Prof. Kennedi Durgan PhD\"}', 'precious.eichmann@example.com', '$2y$10$92IXUNpkjO0rOQ5byMi.Ye4oKoEa3Ro9llC/.og/at2.uheWG/igi', 1, 196, 1, '1981-08-15', 2, 47, 5, 106, '1999', NULL, '2022-03-03 19:23:57', '2022-03-03 19:23:57'),
(325, '{\"en\":\"Prof. Valentine Lemke I\"}', 'beer.allie@example.org', '$2y$10$92IXUNpkjO0rOQ5byMi.Ye4oKoEa3Ro9llC/.og/at2.uheWG/igi', 1, 201, 3, '2000-02-18', 1, 47, 8, 47, '1985', NULL, '2022-03-03 19:23:58', '2022-03-03 19:23:58'),
(327, '{\"en\":\"Dr. Adolf Mraz Jr.\"}', 'kayla.hauck@example.org', '$2y$10$92IXUNpkjO0rOQ5byMi.Ye4oKoEa3Ro9llC/.og/at2.uheWG/igi', 1, 34, 4, '1970-04-09', 4, 47, 3, 90, '1978', NULL, '2022-03-03 19:23:58', '2022-03-03 19:23:58'),
(328, '{\"en\":\"Alfreda Block DDS\"}', 'zschmitt@example.com', '$2y$10$92IXUNpkjO0rOQ5byMi.Ye4oKoEa3Ro9llC/.og/at2.uheWG/igi', 1, 89, 8, '2013-07-09', 4, 50, 6, 71, '2003', NULL, '2022-03-03 19:23:58', '2022-03-03 19:23:58'),
(329, '{\"en\":\"Mr. Jaren Kuhic Sr.\"}', 'hansen.jessica@example.com', '$2y$10$92IXUNpkjO0rOQ5byMi.Ye4oKoEa3Ro9llC/.og/at2.uheWG/igi', 2, 69, 2, '1989-07-25', 2, 49, 7, 48, '2013', NULL, '2022-03-03 19:23:58', '2022-03-03 19:23:58'),
(330, '{\"en\":\"Mr. Jerrold Farrell\"}', 'uherman@example.net', '$2y$10$92IXUNpkjO0rOQ5byMi.Ye4oKoEa3Ro9llC/.og/at2.uheWG/igi', 1, 45, 7, '1978-08-12', 2, 45, 8, 43, '2013', NULL, '2022-03-03 19:23:58', '2022-03-03 19:23:58'),
(331, '{\"en\":\"Mrs. Elyse Bergstrom DVM\"}', 'giovanny78@example.com', '$2y$10$92IXUNpkjO0rOQ5byMi.Ye4oKoEa3Ro9llC/.og/at2.uheWG/igi', 1, 225, 3, '1975-01-12', 2, 54, 4, 90, '2017', NULL, '2022-03-03 19:23:58', '2022-03-03 19:23:58'),
(332, '{\"en\":\"Mr. Gaylord Bauch\"}', 'jaycee01@example.net', '$2y$10$92IXUNpkjO0rOQ5byMi.Ye4oKoEa3Ro9llC/.og/at2.uheWG/igi', 2, 104, 7, '2007-11-10', 2, 47, 5, 42, '2020', NULL, '2022-03-03 19:23:58', '2022-03-03 19:23:58'),
(333, '{\"en\":\"Arlie Satterfield\"}', 'dorcas31@example.com', '$2y$10$92IXUNpkjO0rOQ5byMi.Ye4oKoEa3Ro9llC/.og/at2.uheWG/igi', 1, 166, 7, '1977-05-24', 2, 49, 7, 86, '1979', NULL, '2022-03-03 19:23:58', '2022-03-03 19:23:58'),
(334, '{\"en\":\"Emery Koepp\"}', 'pherman@example.org', '$2y$10$92IXUNpkjO0rOQ5byMi.Ye4oKoEa3Ro9llC/.og/at2.uheWG/igi', 1, 137, 5, '2001-09-21', 4, 51, 10, 83, '2019', NULL, '2022-03-03 19:23:58', '2022-03-03 19:23:58'),
(335, '{\"en\":\"Deion Greenholt\"}', 'plebsack@example.com', '$2y$10$92IXUNpkjO0rOQ5byMi.Ye4oKoEa3Ro9llC/.og/at2.uheWG/igi', 2, 174, 7, '2001-05-04', 4, 45, 7, 35, '1995', NULL, '2022-03-03 19:23:58', '2022-03-03 19:23:58'),
(336, '{\"en\":\"Velma Kuhlman V\"}', 'murphy.torrey@example.net', '$2y$10$92IXUNpkjO0rOQ5byMi.Ye4oKoEa3Ro9llC/.og/at2.uheWG/igi', 1, 196, 5, '2006-12-01', 1, 45, 2, 107, '2016', NULL, '2022-03-03 19:23:58', '2022-03-03 19:23:58'),
(337, '{\"en\":\"Prof. Cullen Corkery\"}', 'camilla03@example.com', '$2y$10$92IXUNpkjO0rOQ5byMi.Ye4oKoEa3Ro9llC/.og/at2.uheWG/igi', 1, 84, 1, '1983-06-29', 1, 43, 3, 65, '1973', NULL, '2022-03-03 19:23:58', '2022-03-03 19:23:58'),
(338, '{\"en\":\"Euna Parisian\"}', 'mayer.dora@example.net', '$2y$10$92IXUNpkjO0rOQ5byMi.Ye4oKoEa3Ro9llC/.og/at2.uheWG/igi', 1, 24, 3, '1984-12-26', 4, 46, 9, 25, '1990', NULL, '2022-03-03 19:23:58', '2022-03-03 19:23:58'),
(339, '{\"en\":\"Dakota Kassulke\"}', 'drath@example.com', '$2y$10$92IXUNpkjO0rOQ5byMi.Ye4oKoEa3Ro9llC/.og/at2.uheWG/igi', 2, 47, 2, '1983-08-19', 1, 50, 3, 28, '2008', NULL, '2022-03-03 19:23:58', '2022-03-03 19:23:58'),
(340, '{\"en\":\"Leonie Treutel\"}', 'kaya.walsh@example.org', '$2y$10$92IXUNpkjO0rOQ5byMi.Ye4oKoEa3Ro9llC/.og/at2.uheWG/igi', 2, 62, 1, '1973-06-28', 1, 43, 2, 36, '1972', NULL, '2022-03-03 19:23:58', '2022-03-03 19:23:58'),
(341, '{\"en\":\"Merl Metz\"}', 'carmine64@example.org', '$2y$10$92IXUNpkjO0rOQ5byMi.Ye4oKoEa3Ro9llC/.og/at2.uheWG/igi', 2, 125, 6, '1981-02-19', 3, 50, 4, 44, '1972', NULL, '2022-03-03 19:23:58', '2022-03-03 19:23:58'),
(342, '{\"en\":\"Bernadine Schuppe\"}', 'louie74@example.net', '$2y$10$92IXUNpkjO0rOQ5byMi.Ye4oKoEa3Ro9llC/.og/at2.uheWG/igi', 2, 44, 3, '2006-07-03', 1, 54, 4, 58, '2018', NULL, '2022-03-03 19:23:58', '2022-03-03 19:23:58'),
(343, '{\"en\":\"Everett Lueilwitz\"}', 'fschaden@example.org', '$2y$10$92IXUNpkjO0rOQ5byMi.Ye4oKoEa3Ro9llC/.og/at2.uheWG/igi', 1, 88, 5, '2019-02-02', 1, 43, 7, 94, '1982', NULL, '2022-03-03 19:23:58', '2022-03-03 19:23:58'),
(344, '{\"en\":\"Sheila Leuschke\"}', 'rgulgowski@example.org', '$2y$10$92IXUNpkjO0rOQ5byMi.Ye4oKoEa3Ro9llC/.og/at2.uheWG/igi', 1, 48, 8, '2003-10-13', 4, 50, 5, 72, '1980', NULL, '2022-03-03 19:23:58', '2022-03-03 19:23:58'),
(345, '{\"en\":\"Lenny Johnson\"}', 'malinda84@example.com', '$2y$10$92IXUNpkjO0rOQ5byMi.Ye4oKoEa3Ro9llC/.og/at2.uheWG/igi', 2, 106, 3, '1998-02-22', 1, 50, 9, 62, '1981', NULL, '2022-03-03 19:23:58', '2022-03-03 19:23:58'),
(346, '{\"en\":\"Margret Osinski\"}', 'pascale09@example.org', '$2y$10$92IXUNpkjO0rOQ5byMi.Ye4oKoEa3Ro9llC/.og/at2.uheWG/igi', 2, 101, 8, '2014-07-08', 2, 48, 5, 76, '2014', NULL, '2022-03-03 19:23:58', '2022-03-03 19:23:58'),
(347, '{\"en\":\"Stacy Rogahn\"}', 'madeline42@example.com', '$2y$10$92IXUNpkjO0rOQ5byMi.Ye4oKoEa3Ro9llC/.og/at2.uheWG/igi', 2, 44, 5, '2005-03-19', 2, 44, 8, 23, '1985', NULL, '2022-03-03 19:23:58', '2022-03-03 19:23:58'),
(348, '{\"en\":\"Allene Abbott II\"}', 'sroberts@example.org', '$2y$10$92IXUNpkjO0rOQ5byMi.Ye4oKoEa3Ro9llC/.og/at2.uheWG/igi', 1, 16, 8, '1988-12-05', 2, 46, 6, 18, '1985', NULL, '2022-03-03 19:23:58', '2022-03-03 19:23:58'),
(349, '{\"en\":\"Russel McCullough I\"}', 'jena05@example.org', '$2y$10$92IXUNpkjO0rOQ5byMi.Ye4oKoEa3Ro9llC/.og/at2.uheWG/igi', 2, 139, 7, '1986-09-20', 1, 54, 4, 48, '1989', NULL, '2022-03-03 19:23:59', '2022-03-03 19:23:59'),
(350, '{\"en\":\"Mrs. Madelynn Kozey I\"}', 'hhowe@example.org', '$2y$10$92IXUNpkjO0rOQ5byMi.Ye4oKoEa3Ro9llC/.og/at2.uheWG/igi', 1, 173, 5, '1975-04-15', 3, 44, 10, 55, '1994', NULL, '2022-03-03 19:23:59', '2022-03-03 19:23:59'),
(351, '{\"en\":\"Odie Gislason\"}', 'phomenick@example.net', '$2y$10$92IXUNpkjO0rOQ5byMi.Ye4oKoEa3Ro9llC/.og/at2.uheWG/igi', 1, 54, 3, '1982-03-03', 2, 54, 6, 63, '1997', NULL, '2022-03-03 19:23:59', '2022-03-03 19:23:59'),
(352, '{\"en\":\"Dr. Taurean Jacobs\"}', 'chanel88@example.org', '$2y$10$92IXUNpkjO0rOQ5byMi.Ye4oKoEa3Ro9llC/.og/at2.uheWG/igi', 1, 211, 7, '2004-04-09', 3, 43, 4, 29, '2019', NULL, '2022-03-03 19:23:59', '2022-03-03 19:23:59'),
(353, '{\"en\":\"Kacey Schmitt III\"}', 'orval.zemlak@example.com', '$2y$10$92IXUNpkjO0rOQ5byMi.Ye4oKoEa3Ro9llC/.og/at2.uheWG/igi', 1, 130, 5, '1983-02-28', 3, 51, 4, 11, '2003', NULL, '2022-03-03 19:23:59', '2022-03-03 19:23:59'),
(354, '{\"en\":\"Miss Asa Olson IV\"}', 'amalia.crist@example.com', '$2y$10$92IXUNpkjO0rOQ5byMi.Ye4oKoEa3Ro9llC/.og/at2.uheWG/igi', 2, 203, 4, '1981-07-10', 2, 50, 10, 77, '1976', NULL, '2022-03-03 19:23:59', '2022-03-03 19:23:59'),
(355, '{\"en\":\"Mrs. Samara Lesch\"}', 'cathryn.leannon@example.org', '$2y$10$92IXUNpkjO0rOQ5byMi.Ye4oKoEa3Ro9llC/.og/at2.uheWG/igi', 2, 20, 4, '2009-06-10', 4, 46, 7, 101, '2000', NULL, '2022-03-03 19:23:59', '2022-03-03 19:23:59'),
(356, '{\"en\":\"Leann Adams\"}', 'darrick.swift@example.net', '$2y$10$92IXUNpkjO0rOQ5byMi.Ye4oKoEa3Ro9llC/.og/at2.uheWG/igi', 1, 196, 4, '2020-05-27', 4, 46, 7, 72, '2016', NULL, '2022-03-03 19:23:59', '2022-03-03 19:23:59'),
(357, '{\"en\":\"Jena Carter\"}', 'williamson.clarissa@example.net', '$2y$10$92IXUNpkjO0rOQ5byMi.Ye4oKoEa3Ro9llC/.og/at2.uheWG/igi', 1, 38, 5, '2020-11-12', 3, 52, 6, 16, '1993', NULL, '2022-03-03 19:23:59', '2022-03-03 19:23:59'),
(358, '{\"en\":\"Devon Schmitt IV\"}', 'gbradtke@example.net', '$2y$10$92IXUNpkjO0rOQ5byMi.Ye4oKoEa3Ro9llC/.og/at2.uheWG/igi', 1, 63, 1, '1975-08-28', 4, 43, 3, 23, '1980', NULL, '2022-03-03 19:23:59', '2022-03-03 19:23:59'),
(359, '{\"en\":\"Anastacio Ortiz\"}', 'renee27@example.com', '$2y$10$92IXUNpkjO0rOQ5byMi.Ye4oKoEa3Ro9llC/.og/at2.uheWG/igi', 2, 36, 1, '2003-04-13', 4, 50, 10, 71, '1997', NULL, '2022-03-03 19:23:59', '2022-03-03 19:23:59'),
(360, '{\"en\":\"Prof. Bradford Little PhD\"}', 'rrosenbaum@example.com', '$2y$10$92IXUNpkjO0rOQ5byMi.Ye4oKoEa3Ro9llC/.og/at2.uheWG/igi', 1, 65, 8, '1997-10-14', 2, 43, 9, 104, '1993', NULL, '2022-03-03 19:23:59', '2022-03-03 19:23:59'),
(361, '{\"en\":\"Mrs. Jaunita D\'Amore Jr.\"}', 'iabernathy@example.org', '$2y$10$92IXUNpkjO0rOQ5byMi.Ye4oKoEa3Ro9llC/.og/at2.uheWG/igi', 1, 158, 2, '1992-09-18', 1, 43, 5, 26, '2016', NULL, '2022-03-03 19:23:59', '2022-03-03 19:23:59'),
(362, '{\"en\":\"Cassie Lang Jr.\"}', 'reichert.damien@example.com', '$2y$10$92IXUNpkjO0rOQ5byMi.Ye4oKoEa3Ro9llC/.og/at2.uheWG/igi', 1, 180, 8, '2013-11-19', 4, 51, 10, 65, '2006', NULL, '2022-03-03 19:23:59', '2022-03-03 19:23:59'),
(363, '{\"en\":\"Flavio Casper\"}', 'hollis29@example.net', '$2y$10$92IXUNpkjO0rOQ5byMi.Ye4oKoEa3Ro9llC/.og/at2.uheWG/igi', 1, 160, 4, '1996-02-29', 2, 48, 4, 18, '1998', NULL, '2022-03-03 19:23:59', '2022-03-03 19:23:59'),
(365, '{\"en\":\"Wilber Bahringer II\"}', 'leland.hill@example.com', '$2y$10$92IXUNpkjO0rOQ5byMi.Ye4oKoEa3Ro9llC/.og/at2.uheWG/igi', 2, 202, 4, '2001-03-08', 3, 46, 6, 25, '2016', NULL, '2022-03-03 19:23:59', '2022-03-03 19:23:59'),
(366, '{\"en\":\"Mr. Alexandro Runolfsdottir PhD\"}', 'pkulas@example.org', '$2y$10$92IXUNpkjO0rOQ5byMi.Ye4oKoEa3Ro9llC/.og/at2.uheWG/igi', 2, 20, 7, '1970-07-08', 1, 48, 3, 10, '2010', NULL, '2022-03-03 19:23:59', '2022-03-03 19:23:59'),
(367, '{\"en\":\"Mrs. Renee Bernhard\"}', 'ybradtke@example.net', '$2y$10$92IXUNpkjO0rOQ5byMi.Ye4oKoEa3Ro9llC/.og/at2.uheWG/igi', 1, 244, 1, '1994-03-09', 2, 53, 7, 74, '2000', NULL, '2022-03-03 19:23:59', '2022-03-03 19:23:59'),
(368, '{\"en\":\"Miss Queen Kuhic\"}', 'carolina33@example.net', '$2y$10$92IXUNpkjO0rOQ5byMi.Ye4oKoEa3Ro9llC/.og/at2.uheWG/igi', 1, 225, 4, '1975-10-08', 2, 50, 9, 29, '1989', NULL, '2022-03-03 19:24:00', '2022-03-03 19:24:00'),
(369, '{\"en\":\"Ms. Kailee Murazik\"}', 'little.juana@example.net', '$2y$10$92IXUNpkjO0rOQ5byMi.Ye4oKoEa3Ro9llC/.og/at2.uheWG/igi', 1, 158, 8, '1993-09-18', 1, 45, 2, 55, '1989', NULL, '2022-03-03 19:24:00', '2022-03-03 19:24:00'),
(370, '{\"en\":\"Elyse Hyatt\"}', 'amy79@example.net', '$2y$10$92IXUNpkjO0rOQ5byMi.Ye4oKoEa3Ro9llC/.og/at2.uheWG/igi', 1, 18, 4, '1974-05-24', 4, 54, 9, 80, '2002', NULL, '2022-03-03 19:24:00', '2022-03-03 19:24:00'),
(371, '{\"en\":\"Dr. Richard Ward\"}', 'bcummerata@example.org', '$2y$10$92IXUNpkjO0rOQ5byMi.Ye4oKoEa3Ro9llC/.og/at2.uheWG/igi', 2, 206, 6, '1983-07-30', 3, 46, 3, 10, '1983', NULL, '2022-03-03 19:24:00', '2022-03-03 19:24:00'),
(372, '{\"en\":\"Prof. Lelia Mertz DVM\"}', 'mcdermott.sim@example.org', '$2y$10$92IXUNpkjO0rOQ5byMi.Ye4oKoEa3Ro9llC/.og/at2.uheWG/igi', 1, 241, 5, '2010-01-08', 1, 49, 5, 102, '2020', NULL, '2022-03-03 19:24:00', '2022-03-03 19:24:00'),
(373, '{\"en\":\"Linda Bradtke I\"}', 'kolby.gislason@example.com', '$2y$10$92IXUNpkjO0rOQ5byMi.Ye4oKoEa3Ro9llC/.og/at2.uheWG/igi', 1, 92, 2, '2002-03-13', 3, 44, 7, 73, '2011', NULL, '2022-03-03 19:24:00', '2022-03-03 19:24:00'),
(374, '{\"en\":\"Desmond Wisoky PhD\"}', 'gladys34@example.net', '$2y$10$92IXUNpkjO0rOQ5byMi.Ye4oKoEa3Ro9llC/.og/at2.uheWG/igi', 1, 103, 3, '2005-03-03', 4, 43, 6, 39, '1970', NULL, '2022-03-03 19:24:00', '2022-03-03 19:24:00'),
(375, '{\"en\":\"Miss Monica Stoltenberg\"}', 'rleannon@example.org', '$2y$10$92IXUNpkjO0rOQ5byMi.Ye4oKoEa3Ro9llC/.og/at2.uheWG/igi', 1, 160, 7, '2020-12-21', 4, 54, 3, 40, '2013', NULL, '2022-03-03 19:24:00', '2022-03-03 19:24:00'),
(376, '{\"en\":\"Prof. Omer Emard Sr.\"}', 'yasmin77@example.com', '$2y$10$92IXUNpkjO0rOQ5byMi.Ye4oKoEa3Ro9llC/.og/at2.uheWG/igi', 1, 37, 2, '1996-11-19', 3, 45, 7, 44, '1988', NULL, '2022-03-03 19:24:00', '2022-03-03 19:24:00'),
(377, '{\"en\":\"Norberto Schimmel\"}', 'barton.rosalia@example.org', '$2y$10$92IXUNpkjO0rOQ5byMi.Ye4oKoEa3Ro9llC/.og/at2.uheWG/igi', 1, 183, 4, '2016-06-14', 4, 44, 2, 43, '2006', NULL, '2022-03-03 19:24:00', '2022-03-03 19:24:00'),
(379, '{\"en\":\"Alec Ratke\"}', 'luisa54@example.org', '$2y$10$92IXUNpkjO0rOQ5byMi.Ye4oKoEa3Ro9llC/.og/at2.uheWG/igi', 2, 132, 1, '2009-02-21', 2, 46, 8, 86, '2000', NULL, '2022-03-03 19:24:00', '2022-03-03 19:24:00'),
(380, '{\"en\":\"Lorine Hintz\"}', 'kay04@example.net', '$2y$10$92IXUNpkjO0rOQ5byMi.Ye4oKoEa3Ro9llC/.og/at2.uheWG/igi', 1, 132, 3, '1995-03-18', 2, 49, 7, 50, '1970', NULL, '2022-03-03 19:24:00', '2022-03-03 19:24:00'),
(381, '{\"en\":\"Mr. Orland Schoen IV\"}', 'ocie.nicolas@example.com', '$2y$10$92IXUNpkjO0rOQ5byMi.Ye4oKoEa3Ro9llC/.og/at2.uheWG/igi', 1, 178, 5, '1971-08-26', 1, 54, 10, 100, '2011', NULL, '2022-03-03 19:24:00', '2022-03-03 19:24:00'),
(382, '{\"en\":\"Prof. Giuseppe Ritchie MD\"}', 'block.americo@example.com', '$2y$10$92IXUNpkjO0rOQ5byMi.Ye4oKoEa3Ro9llC/.og/at2.uheWG/igi', 1, 94, 6, '2006-05-02', 2, 51, 7, 23, '1996', NULL, '2022-03-03 19:24:00', '2022-03-03 19:24:00'),
(383, '{\"en\":\"Prof. Khalid Spencer II\"}', 'rosanna61@example.com', '$2y$10$92IXUNpkjO0rOQ5byMi.Ye4oKoEa3Ro9llC/.og/at2.uheWG/igi', 1, 34, 6, '2004-05-26', 2, 54, 3, 53, '1980', NULL, '2022-03-03 19:24:00', '2022-03-03 19:24:00'),
(384, '{\"en\":\"Tony Larson\"}', 'owuckert@example.com', '$2y$10$92IXUNpkjO0rOQ5byMi.Ye4oKoEa3Ro9llC/.og/at2.uheWG/igi', 2, 97, 4, '1991-11-13', 2, 51, 9, 42, '2008', NULL, '2022-03-03 19:24:00', '2022-03-03 19:24:00'),
(385, '{\"en\":\"Noelia Bins\"}', 'ggislason@example.org', '$2y$10$92IXUNpkjO0rOQ5byMi.Ye4oKoEa3Ro9llC/.og/at2.uheWG/igi', 1, 52, 2, '2007-08-15', 2, 46, 7, 10, '2012', NULL, '2022-03-03 19:24:00', '2022-03-03 19:24:00'),
(386, '{\"en\":\"Mr. Guillermo Rodriguez V\"}', 'stone34@example.net', '$2y$10$92IXUNpkjO0rOQ5byMi.Ye4oKoEa3Ro9llC/.og/at2.uheWG/igi', 2, 174, 5, '1983-10-30', 1, 44, 2, 63, '2017', NULL, '2022-03-03 19:24:01', '2022-03-03 19:24:01'),
(387, '{\"en\":\"Dr. Okey Hahn DVM\"}', 'mikel88@example.net', '$2y$10$92IXUNpkjO0rOQ5byMi.Ye4oKoEa3Ro9llC/.og/at2.uheWG/igi', 2, 50, 3, '2013-10-16', 1, 45, 7, 11, '2005', NULL, '2022-03-03 19:24:01', '2022-03-03 19:24:01'),
(388, '{\"en\":\"Prof. Sydnee Rolfson\"}', 'ward.maurice@example.net', '$2y$10$92IXUNpkjO0rOQ5byMi.Ye4oKoEa3Ro9llC/.og/at2.uheWG/igi', 1, 50, 8, '1993-05-29', 3, 48, 9, 62, '1986', NULL, '2022-03-03 19:24:01', '2022-03-03 19:24:01'),
(389, '{\"en\":\"Ms. Rosemary Hegmann\"}', 'gmiller@example.net', '$2y$10$92IXUNpkjO0rOQ5byMi.Ye4oKoEa3Ro9llC/.og/at2.uheWG/igi', 1, 101, 5, '1978-03-21', 4, 50, 9, 31, '1993', NULL, '2022-03-03 19:24:01', '2022-03-03 19:24:01'),
(390, '{\"en\":\"Genevieve Oberbrunner\"}', 'maxine67@example.com', '$2y$10$92IXUNpkjO0rOQ5byMi.Ye4oKoEa3Ro9llC/.og/at2.uheWG/igi', 2, 54, 3, '2018-10-01', 2, 51, 5, 93, '1990', NULL, '2022-03-03 19:24:01', '2022-03-03 19:24:01'),
(391, '{\"en\":\"Mrs. Arvilla Stamm\"}', 'bauch.jannie@example.org', '$2y$10$92IXUNpkjO0rOQ5byMi.Ye4oKoEa3Ro9llC/.og/at2.uheWG/igi', 2, 42, 2, '2005-02-01', 4, 44, 7, 83, '2008', NULL, '2022-03-03 19:24:01', '2022-03-03 19:24:01'),
(392, '{\"en\":\"Mayra Huel II\"}', 'preynolds@example.org', '$2y$10$92IXUNpkjO0rOQ5byMi.Ye4oKoEa3Ro9llC/.og/at2.uheWG/igi', 1, 196, 7, '1980-10-30', 1, 46, 9, 12, '1973', NULL, '2022-03-03 19:24:01', '2022-03-03 19:24:01'),
(393, '{\"en\":\"Mr. Junior Gleichner PhD\"}', 'lebsack.ivah@example.org', '$2y$10$92IXUNpkjO0rOQ5byMi.Ye4oKoEa3Ro9llC/.og/at2.uheWG/igi', 2, 103, 3, '1997-09-23', 3, 48, 9, 79, '1992', NULL, '2022-03-03 19:24:01', '2022-03-03 19:24:01'),
(394, '{\"en\":\"Saige Cremin\"}', 'fritsch.enid@example.org', '$2y$10$92IXUNpkjO0rOQ5byMi.Ye4oKoEa3Ro9llC/.og/at2.uheWG/igi', 1, 26, 4, '1973-09-19', 2, 48, 2, 103, '1979', NULL, '2022-03-03 19:24:01', '2022-03-03 19:24:01'),
(395, '{\"en\":\"Johnnie Baumbach IV\"}', 'jenkins.rickey@example.org', '$2y$10$92IXUNpkjO0rOQ5byMi.Ye4oKoEa3Ro9llC/.og/at2.uheWG/igi', 1, 36, 4, '2011-02-15', 4, 51, 10, 12, '1977', NULL, '2022-03-03 19:24:01', '2022-03-03 19:24:01'),
(396, '{\"en\":\"Emelie Jakubowski I\"}', 'ufeil@example.net', '$2y$10$92IXUNpkjO0rOQ5byMi.Ye4oKoEa3Ro9llC/.og/at2.uheWG/igi', 2, 216, 4, '1992-06-14', 1, 48, 7, 97, '1999', NULL, '2022-03-03 19:24:02', '2022-03-03 19:24:02'),
(397, '{\"en\":\"Prof. Darrion Keebler II\"}', 'lindsay15@example.org', '$2y$10$92IXUNpkjO0rOQ5byMi.Ye4oKoEa3Ro9llC/.og/at2.uheWG/igi', 2, 213, 7, '2007-04-05', 4, 52, 7, 66, '2001', NULL, '2022-03-03 19:24:02', '2022-03-03 19:24:02'),
(398, '{\"en\":\"Ken Quigley\"}', 'vjohnston@example.net', '$2y$10$92IXUNpkjO0rOQ5byMi.Ye4oKoEa3Ro9llC/.og/at2.uheWG/igi', 2, 188, 8, '1986-04-09', 3, 43, 2, 77, '2020', NULL, '2022-03-03 19:24:02', '2022-03-03 19:24:02'),
(399, '{\"en\":\"Lourdes Nolan\"}', 'juliet.haley@example.net', '$2y$10$92IXUNpkjO0rOQ5byMi.Ye4oKoEa3Ro9llC/.og/at2.uheWG/igi', 2, 41, 7, '2005-11-28', 4, 49, 4, 32, '2008', NULL, '2022-03-03 19:24:02', '2022-03-03 19:24:02'),
(400, '{\"en\":\"Novella Baumbach Jr.\"}', 'vklein@example.net', '$2y$10$92IXUNpkjO0rOQ5byMi.Ye4oKoEa3Ro9llC/.og/at2.uheWG/igi', 2, 7, 6, '1981-01-14', 4, 52, 8, 12, '1989', NULL, '2022-03-03 19:24:02', '2022-03-03 19:24:02'),
(401, '{\"en\":\"Casey Grimes\"}', 'hartmann.leo@example.com', '$2y$10$92IXUNpkjO0rOQ5byMi.Ye4oKoEa3Ro9llC/.og/at2.uheWG/igi', 2, 87, 3, '2008-12-02', 3, 52, 8, 23, '2008', NULL, '2022-03-03 19:24:02', '2022-03-03 19:24:02'),
(403, '{\"en\":\"Khalid Green\"}', 'lhilpert@example.net', '$2y$10$92IXUNpkjO0rOQ5byMi.Ye4oKoEa3Ro9llC/.og/at2.uheWG/igi', 2, 101, 7, '1990-02-20', 2, 47, 5, 64, '1972', NULL, '2022-03-03 19:24:02', '2022-03-03 19:24:02'),
(404, '{\"en\":\"Aileen Bergnaum\"}', 'torey.maggio@example.org', '$2y$10$92IXUNpkjO0rOQ5byMi.Ye4oKoEa3Ro9llC/.og/at2.uheWG/igi', 2, 103, 2, '1987-06-28', 3, 45, 5, 38, '2017', NULL, '2022-03-03 19:24:02', '2022-03-03 19:24:02'),
(405, '{\"en\":\"Nat Reynolds\"}', 'bethel45@example.org', '$2y$10$92IXUNpkjO0rOQ5byMi.Ye4oKoEa3Ro9llC/.og/at2.uheWG/igi', 1, 48, 8, '2019-11-26', 4, 47, 9, 107, '1977', NULL, '2022-03-03 19:24:02', '2022-03-03 19:24:02'),
(406, '{\"en\":\"Prof. Nigel Greenfelder PhD\"}', 'ckerluke@example.org', '$2y$10$92IXUNpkjO0rOQ5byMi.Ye4oKoEa3Ro9llC/.og/at2.uheWG/igi', 1, 187, 3, '2002-05-22', 1, 47, 4, 81, '2015', NULL, '2022-03-03 19:24:02', '2022-03-03 19:24:02'),
(407, '{\"en\":\"Vicky Shanahan III\"}', 'derrick.keeling@example.org', '$2y$10$92IXUNpkjO0rOQ5byMi.Ye4oKoEa3Ro9llC/.og/at2.uheWG/igi', 2, 178, 2, '2011-06-29', 4, 52, 8, 61, '1996', NULL, '2022-03-03 19:24:02', '2022-03-03 19:24:02'),
(408, '{\"en\":\"Ayden Legros II\"}', 'berniece.gulgowski@example.com', '$2y$10$92IXUNpkjO0rOQ5byMi.Ye4oKoEa3Ro9llC/.og/at2.uheWG/igi', 2, 74, 7, '1974-09-19', 3, 48, 5, 58, '2004', NULL, '2022-03-03 19:24:02', '2022-03-03 19:24:02'),
(409, '{\"en\":\"Gisselle Gibson\"}', 'umarvin@example.net', '$2y$10$92IXUNpkjO0rOQ5byMi.Ye4oKoEa3Ro9llC/.og/at2.uheWG/igi', 2, 79, 7, '1993-12-03', 2, 46, 3, 29, '2005', NULL, '2022-03-03 19:24:02', '2022-03-03 19:24:02'),
(410, '{\"en\":\"Yasmin Ledner PhD\"}', 'lind.martina@example.org', '$2y$10$92IXUNpkjO0rOQ5byMi.Ye4oKoEa3Ro9llC/.og/at2.uheWG/igi', 1, 37, 8, '1975-06-11', 2, 54, 5, 20, '2017', NULL, '2022-03-03 19:24:02', '2022-03-03 19:24:02'),
(411, '{\"en\":\"Charlie Gaylord\"}', 'stanford.ortiz@example.org', '$2y$10$92IXUNpkjO0rOQ5byMi.Ye4oKoEa3Ro9llC/.og/at2.uheWG/igi', 1, 19, 2, '1973-09-15', 3, 49, 9, 14, '1987', NULL, '2022-03-03 19:24:02', '2022-03-03 19:24:02'),
(412, '{\"en\":\"Ellsworth Gutkowski\"}', 'lehner.marielle@example.org', '$2y$10$92IXUNpkjO0rOQ5byMi.Ye4oKoEa3Ro9llC/.og/at2.uheWG/igi', 2, 141, 2, '1985-12-16', 2, 51, 4, 59, '1983', NULL, '2022-03-03 19:24:20', '2022-03-03 19:24:20'),
(413, '{\"en\":\"Prof. Augustus Bode V\"}', 'mckenzie.oscar@example.com', '$2y$10$92IXUNpkjO0rOQ5byMi.Ye4oKoEa3Ro9llC/.og/at2.uheWG/igi', 1, 10, 5, '2002-11-13', 1, 54, 2, 44, '2003', NULL, '2022-03-03 19:24:20', '2022-03-03 19:24:20'),
(414, '{\"en\":\"Maybell Toy\"}', 'julie.williamson@example.com', '$2y$10$92IXUNpkjO0rOQ5byMi.Ye4oKoEa3Ro9llC/.og/at2.uheWG/igi', 2, 169, 4, '2001-05-01', 3, 45, 2, 86, '1977', NULL, '2022-03-03 19:24:20', '2022-03-03 19:24:20'),
(415, '{\"en\":\"Gwendolyn Dach\"}', 'dooley.abraham@example.com', '$2y$10$92IXUNpkjO0rOQ5byMi.Ye4oKoEa3Ro9llC/.og/at2.uheWG/igi', 1, 240, 7, '1994-07-27', 3, 51, 9, 88, '2011', NULL, '2022-03-03 19:24:20', '2022-03-03 19:24:20'),
(416, '{\"en\":\"Kristina Koss\"}', 'kane.medhurst@example.com', '$2y$10$92IXUNpkjO0rOQ5byMi.Ye4oKoEa3Ro9llC/.og/at2.uheWG/igi', 2, 134, 6, '1999-04-24', 2, 50, 3, 66, '1982', NULL, '2022-03-03 19:24:20', '2022-03-03 19:24:20'),
(418, '{\"en\":\"Sedrick Wisozk\"}', 'zoie71@example.net', '$2y$10$92IXUNpkjO0rOQ5byMi.Ye4oKoEa3Ro9llC/.og/at2.uheWG/igi', 2, 220, 1, '1971-11-05', 2, 50, 3, 74, '2012', NULL, '2022-03-03 19:24:20', '2022-03-03 19:24:20'),
(419, '{\"en\":\"Elwin Waelchi Jr.\"}', 'alessandra15@example.com', '$2y$10$92IXUNpkjO0rOQ5byMi.Ye4oKoEa3Ro9llC/.og/at2.uheWG/igi', 1, 113, 4, '1991-12-13', 2, 54, 9, 60, '2013', NULL, '2022-03-03 19:24:20', '2022-03-03 19:24:20'),
(420, '{\"en\":\"Colin Oberbrunner\"}', 'gfadel@example.org', '$2y$10$92IXUNpkjO0rOQ5byMi.Ye4oKoEa3Ro9llC/.og/at2.uheWG/igi', 1, 229, 8, '2021-12-05', 2, 54, 2, 94, '2003', NULL, '2022-03-03 19:24:20', '2022-03-03 19:24:20'),
(421, '{\"en\":\"Prof. Fred Pollich PhD\"}', 'ebartoletti@example.net', '$2y$10$92IXUNpkjO0rOQ5byMi.Ye4oKoEa3Ro9llC/.og/at2.uheWG/igi', 1, 24, 2, '1985-09-07', 4, 51, 4, 104, '2019', NULL, '2022-03-03 19:24:20', '2022-03-03 19:24:20'),
(422, '{\"en\":\"Lavonne Jaskolski\"}', 'lgutmann@example.com', '$2y$10$92IXUNpkjO0rOQ5byMi.Ye4oKoEa3Ro9llC/.og/at2.uheWG/igi', 2, 49, 8, '1985-12-04', 1, 53, 10, 72, '1988', NULL, '2022-03-03 19:24:20', '2022-03-03 19:24:20'),
(423, '{\"en\":\"Mrs. Bessie McGlynn V\"}', 'schuppe.daniella@example.com', '$2y$10$92IXUNpkjO0rOQ5byMi.Ye4oKoEa3Ro9llC/.og/at2.uheWG/igi', 1, 226, 5, '2002-02-25', 3, 50, 7, 39, '2019', NULL, '2022-03-03 19:24:20', '2022-03-03 19:24:20'),
(424, '{\"en\":\"Harley Gutkowski\"}', 'zauer@example.com', '$2y$10$92IXUNpkjO0rOQ5byMi.Ye4oKoEa3Ro9llC/.og/at2.uheWG/igi', 2, 175, 7, '1994-03-05', 1, 51, 8, 27, '2007', NULL, '2022-03-03 19:24:20', '2022-03-03 19:24:20'),
(425, '{\"en\":\"Garnet Armstrong\"}', 'russel.adolfo@example.org', '$2y$10$92IXUNpkjO0rOQ5byMi.Ye4oKoEa3Ro9llC/.og/at2.uheWG/igi', 1, 59, 6, '2018-07-13', 4, 54, 5, 72, '2018', NULL, '2022-03-03 19:24:21', '2022-03-03 19:24:21'),
(426, '{\"en\":\"Lauretta Waelchi\"}', 'schumm.assunta@example.com', '$2y$10$92IXUNpkjO0rOQ5byMi.Ye4oKoEa3Ro9llC/.og/at2.uheWG/igi', 2, 85, 7, '2007-11-05', 2, 47, 9, 63, '2007', NULL, '2022-03-03 19:24:21', '2022-03-03 19:24:21'),
(427, '{\"en\":\"Kailyn Rau\"}', 'lennie86@example.net', '$2y$10$92IXUNpkjO0rOQ5byMi.Ye4oKoEa3Ro9llC/.og/at2.uheWG/igi', 2, 149, 3, '1980-08-21', 1, 45, 9, 107, '1986', NULL, '2022-03-03 19:24:21', '2022-03-03 19:24:21'),
(428, '{\"en\":\"Tara Champlin\"}', 'brando52@example.com', '$2y$10$92IXUNpkjO0rOQ5byMi.Ye4oKoEa3Ro9llC/.og/at2.uheWG/igi', 1, 162, 3, '2003-02-09', 1, 46, 5, 43, '2012', NULL, '2022-03-03 19:24:21', '2022-03-03 19:24:21'),
(429, '{\"en\":\"Zoe Cruickshank\"}', 'margarete77@example.org', '$2y$10$92IXUNpkjO0rOQ5byMi.Ye4oKoEa3Ro9llC/.og/at2.uheWG/igi', 2, 156, 3, '1970-07-17', 1, 47, 4, 13, '2005', NULL, '2022-03-03 19:24:21', '2022-03-03 19:24:21'),
(430, '{\"en\":\"Dr. Arden Johns I\"}', 'mpagac@example.net', '$2y$10$92IXUNpkjO0rOQ5byMi.Ye4oKoEa3Ro9llC/.og/at2.uheWG/igi', 1, 72, 2, '1984-10-23', 1, 48, 7, 100, '2018', NULL, '2022-03-03 19:24:21', '2022-03-03 19:24:21'),
(431, '{\"en\":\"Melba Bruen\"}', 'wunsch.constance@example.org', '$2y$10$92IXUNpkjO0rOQ5byMi.Ye4oKoEa3Ro9llC/.og/at2.uheWG/igi', 2, 5, 7, '2018-04-22', 2, 51, 3, 34, '1972', NULL, '2022-03-03 19:24:21', '2022-03-03 19:24:21'),
(432, '{\"en\":\"Dr. Zola Dickinson\"}', 'batz.florence@example.org', '$2y$10$92IXUNpkjO0rOQ5byMi.Ye4oKoEa3Ro9llC/.og/at2.uheWG/igi', 2, 164, 4, '2007-02-13', 3, 47, 10, 47, '1973', NULL, '2022-03-03 19:24:21', '2022-03-03 19:24:21'),
(433, '{\"en\":\"Mr. Porter Carroll\"}', 'amelia31@example.net', '$2y$10$92IXUNpkjO0rOQ5byMi.Ye4oKoEa3Ro9llC/.og/at2.uheWG/igi', 2, 3, 3, '1990-10-31', 1, 53, 10, 23, '1990', NULL, '2022-03-03 19:24:21', '2022-03-03 19:24:21'),
(434, '{\"en\":\"Brielle Jacobi\"}', 'keaton.fadel@example.com', '$2y$10$92IXUNpkjO0rOQ5byMi.Ye4oKoEa3Ro9llC/.og/at2.uheWG/igi', 1, 226, 7, '2020-03-05', 2, 44, 7, 64, '2012', NULL, '2022-03-03 19:24:21', '2022-03-03 19:24:21'),
(435, '{\"en\":\"Tiana Becker II\"}', 'amccullough@example.com', '$2y$10$92IXUNpkjO0rOQ5byMi.Ye4oKoEa3Ro9llC/.og/at2.uheWG/igi', 2, 175, 7, '1981-08-04', 4, 48, 10, 102, '2017', NULL, '2022-03-03 19:24:21', '2022-03-03 19:24:21'),
(436, '{\"en\":\"Dr. Raven Pollich PhD\"}', 'bernadette.hirthe@example.com', '$2y$10$92IXUNpkjO0rOQ5byMi.Ye4oKoEa3Ro9llC/.og/at2.uheWG/igi', 1, 81, 4, '1979-12-05', 1, 54, 2, 12, '1999', NULL, '2022-03-03 19:24:21', '2022-03-03 19:24:21'),
(437, '{\"en\":\"Serena Emard\"}', 'thompson.janelle@example.org', '$2y$10$92IXUNpkjO0rOQ5byMi.Ye4oKoEa3Ro9llC/.og/at2.uheWG/igi', 2, 25, 1, '1985-06-01', 1, 48, 3, 21, '1974', NULL, '2022-03-03 19:24:22', '2022-03-03 19:24:22'),
(438, '{\"en\":\"Prof. Merlin Lesch\"}', 'wilkinson.mathew@example.com', '$2y$10$92IXUNpkjO0rOQ5byMi.Ye4oKoEa3Ro9llC/.og/at2.uheWG/igi', 1, 105, 8, '2015-10-14', 4, 43, 3, 66, '2004', NULL, '2022-03-03 19:24:22', '2022-03-03 19:24:22'),
(439, '{\"en\":\"Mrs. Elta Sipes IV\"}', 'fbartoletti@example.org', '$2y$10$92IXUNpkjO0rOQ5byMi.Ye4oKoEa3Ro9llC/.og/at2.uheWG/igi', 1, 127, 2, '1993-03-05', 4, 47, 6, 103, '1999', NULL, '2022-03-03 19:24:22', '2022-03-03 19:24:22'),
(440, '{\"en\":\"Prof. Ettie Botsford\"}', 'schamberger.laila@example.org', '$2y$10$92IXUNpkjO0rOQ5byMi.Ye4oKoEa3Ro9llC/.og/at2.uheWG/igi', 2, 68, 6, '2020-01-11', 3, 51, 8, 24, '1987', NULL, '2022-03-03 19:24:22', '2022-03-03 19:24:22'),
(441, '{\"en\":\"Frances Skiles\"}', 'eden.bogisich@example.org', '$2y$10$92IXUNpkjO0rOQ5byMi.Ye4oKoEa3Ro9llC/.og/at2.uheWG/igi', 2, 41, 2, '2008-08-05', 1, 46, 5, 87, '2004', NULL, '2022-03-03 19:24:22', '2022-03-03 19:24:22'),
(442, '{\"en\":\"Mr. Ewell Cartwright\"}', 'boconner@example.org', '$2y$10$92IXUNpkjO0rOQ5byMi.Ye4oKoEa3Ro9llC/.og/at2.uheWG/igi', 2, 115, 5, '1970-07-12', 2, 46, 7, 19, '2006', NULL, '2022-03-03 19:24:22', '2022-03-03 19:24:22'),
(443, '{\"en\":\"Daniella Wilkinson III\"}', 'braun.ursula@example.org', '$2y$10$92IXUNpkjO0rOQ5byMi.Ye4oKoEa3Ro9llC/.og/at2.uheWG/igi', 2, 58, 5, '2019-11-07', 4, 48, 9, 44, '1996', NULL, '2022-03-03 19:24:22', '2022-03-03 19:24:22'),
(444, '{\"en\":\"Stefan Simonis\"}', 'cara.kiehn@example.com', '$2y$10$92IXUNpkjO0rOQ5byMi.Ye4oKoEa3Ro9llC/.og/at2.uheWG/igi', 1, 40, 1, '2004-04-02', 4, 46, 2, 85, '2003', NULL, '2022-03-03 19:24:22', '2022-03-03 19:24:22'),
(445, '{\"en\":\"Alena Skiles PhD\"}', 'eveline.lueilwitz@example.net', '$2y$10$92IXUNpkjO0rOQ5byMi.Ye4oKoEa3Ro9llC/.og/at2.uheWG/igi', 2, 166, 7, '2004-12-22', 1, 49, 2, 46, '1991', NULL, '2022-03-03 19:24:22', '2022-03-03 19:24:22'),
(446, '{\"en\":\"Bill Reichel\"}', 'hessel.jaylon@example.org', '$2y$10$92IXUNpkjO0rOQ5byMi.Ye4oKoEa3Ro9llC/.og/at2.uheWG/igi', 2, 28, 3, '2020-07-13', 2, 44, 9, 83, '1972', NULL, '2022-03-03 19:24:22', '2022-03-03 19:24:22'),
(447, '{\"en\":\"Chyna Hirthe\"}', 'elda40@example.net', '$2y$10$92IXUNpkjO0rOQ5byMi.Ye4oKoEa3Ro9llC/.og/at2.uheWG/igi', 1, 62, 5, '2002-09-26', 4, 51, 2, 76, '1978', NULL, '2022-03-03 19:24:22', '2022-03-03 19:24:22'),
(448, '{\"en\":\"Viviane Mosciski\"}', 'pstracke@example.com', '$2y$10$92IXUNpkjO0rOQ5byMi.Ye4oKoEa3Ro9llC/.og/at2.uheWG/igi', 1, 33, 8, '1976-10-23', 4, 53, 6, 48, '1997', NULL, '2022-03-03 19:24:22', '2022-03-03 19:24:22'),
(449, '{\"en\":\"Alayna Crooks\"}', 'angelita.roberts@example.net', '$2y$10$92IXUNpkjO0rOQ5byMi.Ye4oKoEa3Ro9llC/.og/at2.uheWG/igi', 1, 112, 4, '2013-06-20', 1, 45, 6, 51, '2015', NULL, '2022-03-03 19:24:22', '2022-03-03 19:24:22'),
(450, '{\"en\":\"Marguerite Rempel II\"}', 'neil71@example.org', '$2y$10$92IXUNpkjO0rOQ5byMi.Ye4oKoEa3Ro9llC/.og/at2.uheWG/igi', 1, 157, 4, '1986-06-06', 1, 45, 4, 38, '2021', NULL, '2022-03-03 19:24:22', '2022-03-03 19:24:22'),
(451, '{\"en\":\"Zion Hoppe II\"}', 'clyde27@example.com', '$2y$10$92IXUNpkjO0rOQ5byMi.Ye4oKoEa3Ro9llC/.og/at2.uheWG/igi', 2, 198, 3, '1993-05-14', 4, 49, 2, 79, '1977', NULL, '2022-03-03 19:24:22', '2022-03-03 19:24:22'),
(452, '{\"en\":\"Alan Blanda MD\"}', 'zora.bernhard@example.org', '$2y$10$92IXUNpkjO0rOQ5byMi.Ye4oKoEa3Ro9llC/.og/at2.uheWG/igi', 1, 41, 6, '2008-12-18', 1, 54, 7, 83, '1990', NULL, '2022-03-03 19:24:22', '2022-03-03 19:24:22'),
(453, '{\"en\":\"Rocio Renner V\"}', 'vlindgren@example.org', '$2y$10$92IXUNpkjO0rOQ5byMi.Ye4oKoEa3Ro9llC/.og/at2.uheWG/igi', 1, 123, 7, '1971-03-19', 3, 53, 10, 86, '1990', NULL, '2022-03-03 19:24:22', '2022-03-03 19:24:22'),
(454, '{\"en\":\"Jacey Prohaska\"}', 'krystina45@example.net', '$2y$10$92IXUNpkjO0rOQ5byMi.Ye4oKoEa3Ro9llC/.og/at2.uheWG/igi', 1, 85, 3, '1970-09-02', 2, 43, 3, 81, '1992', NULL, '2022-03-03 19:24:22', '2022-03-03 19:24:22'),
(455, '{\"en\":\"Pietro Yundt\"}', 'rachelle81@example.com', '$2y$10$92IXUNpkjO0rOQ5byMi.Ye4oKoEa3Ro9llC/.og/at2.uheWG/igi', 1, 156, 8, '1983-01-08', 1, 50, 8, 77, '1977', NULL, '2022-03-03 19:24:22', '2022-03-03 19:24:22'),
(456, '{\"en\":\"Emmett Altenwerth\"}', 'larson.elza@example.com', '$2y$10$92IXUNpkjO0rOQ5byMi.Ye4oKoEa3Ro9llC/.og/at2.uheWG/igi', 1, 22, 6, '2007-09-14', 4, 53, 8, 20, '1975', NULL, '2022-03-03 19:24:22', '2022-03-03 19:24:22'),
(457, '{\"en\":\"Vance Larkin\"}', 'jfisher@example.net', '$2y$10$92IXUNpkjO0rOQ5byMi.Ye4oKoEa3Ro9llC/.og/at2.uheWG/igi', 1, 198, 5, '2008-12-01', 2, 50, 2, 35, '2017', NULL, '2022-03-03 19:24:22', '2022-03-03 19:24:22'),
(458, '{\"en\":\"Nathan Carroll\"}', 'cletus32@example.org', '$2y$10$92IXUNpkjO0rOQ5byMi.Ye4oKoEa3Ro9llC/.og/at2.uheWG/igi', 2, 93, 7, '1981-04-11', 1, 48, 4, 50, '1992', NULL, '2022-03-03 19:24:22', '2022-03-03 19:24:22'),
(459, '{\"en\":\"Dr. Sidney Breitenberg V\"}', 'cathrine45@example.org', '$2y$10$92IXUNpkjO0rOQ5byMi.Ye4oKoEa3Ro9llC/.og/at2.uheWG/igi', 1, 81, 8, '1976-02-28', 4, 47, 4, 24, '1983', NULL, '2022-03-03 19:24:22', '2022-03-03 19:24:22'),
(460, '{\"en\":\"Prof. Adelia Erdman III\"}', 'zgoyette@example.org', '$2y$10$92IXUNpkjO0rOQ5byMi.Ye4oKoEa3Ro9llC/.og/at2.uheWG/igi', 2, 166, 1, '2007-09-08', 1, 48, 2, 86, '2013', NULL, '2022-03-03 19:24:22', '2022-03-03 19:24:22');
INSERT INTO `students` (`id`, `name`, `email`, `password`, `gender_id`, `nationalitie_id`, `blood_id`, `date_birth`, `grade_id`, `classroom_id`, `section_id`, `parent_id`, `academic_year`, `deleted_at`, `created_at`, `updated_at`) VALUES
(461, '{\"en\":\"Mrs. Polly Powlowski\"}', 'kunde.krystal@example.org', '$2y$10$92IXUNpkjO0rOQ5byMi.Ye4oKoEa3Ro9llC/.og/at2.uheWG/igi', 1, 198, 3, '1992-06-23', 1, 53, 6, 92, '1986', NULL, '2022-03-03 19:24:22', '2022-03-03 19:24:22'),
(462, '{\"en\":\"Mr. Alfredo Powlowski\"}', 'rosina35@example.com', '$2y$10$92IXUNpkjO0rOQ5byMi.Ye4oKoEa3Ro9llC/.og/at2.uheWG/igi', 1, 104, 7, '2019-05-26', 4, 44, 2, 100, '2014', NULL, '2022-03-03 19:24:23', '2022-03-03 19:24:23'),
(463, '{\"en\":\"Burley Volkman\"}', 'boyle.orlando@example.com', '$2y$10$92IXUNpkjO0rOQ5byMi.Ye4oKoEa3Ro9llC/.og/at2.uheWG/igi', 1, 68, 3, '2004-12-29', 2, 47, 8, 42, '2018', NULL, '2022-03-03 19:24:23', '2022-03-03 19:24:23'),
(464, '{\"en\":\"Coralie Dicki\"}', 'loraine32@example.org', '$2y$10$92IXUNpkjO0rOQ5byMi.Ye4oKoEa3Ro9llC/.og/at2.uheWG/igi', 1, 207, 7, '1994-11-08', 2, 49, 6, 16, '1986', NULL, '2022-03-03 19:24:23', '2022-03-03 19:24:23'),
(465, '{\"en\":\"Alvina Streich\"}', 'auer.andre@example.com', '$2y$10$92IXUNpkjO0rOQ5byMi.Ye4oKoEa3Ro9llC/.og/at2.uheWG/igi', 2, 105, 3, '2001-10-14', 1, 51, 2, 93, '2002', NULL, '2022-03-03 19:24:23', '2022-03-03 19:24:23'),
(466, '{\"en\":\"Dr. Robyn Mitchell I\"}', 'eleanore.vonrueden@example.com', '$2y$10$92IXUNpkjO0rOQ5byMi.Ye4oKoEa3Ro9llC/.og/at2.uheWG/igi', 1, 184, 3, '1993-04-08', 2, 48, 3, 49, '2010', NULL, '2022-03-03 19:24:23', '2022-03-03 19:24:23'),
(467, '{\"en\":\"Myrtice Dare MD\"}', 'urutherford@example.org', '$2y$10$92IXUNpkjO0rOQ5byMi.Ye4oKoEa3Ro9llC/.og/at2.uheWG/igi', 1, 44, 3, '1988-04-06', 3, 51, 7, 14, '2007', NULL, '2022-03-03 19:24:23', '2022-03-03 19:24:23'),
(468, '{\"en\":\"Mr. Fausto Jacobi\"}', 'rgrant@example.com', '$2y$10$92IXUNpkjO0rOQ5byMi.Ye4oKoEa3Ro9llC/.og/at2.uheWG/igi', 1, 155, 5, '1973-02-05', 1, 45, 6, 31, '1974', NULL, '2022-03-03 19:24:23', '2022-03-03 19:24:23'),
(469, '{\"en\":\"Jacinto Cronin\"}', 'nayeli06@example.com', '$2y$10$92IXUNpkjO0rOQ5byMi.Ye4oKoEa3Ro9llC/.og/at2.uheWG/igi', 1, 49, 6, '1977-03-29', 1, 54, 7, 9, '1994', NULL, '2022-03-03 19:24:23', '2022-03-03 19:24:23'),
(470, '{\"en\":\"Ms. Caitlyn Reinger\"}', 'zemlak.ola@example.com', '$2y$10$92IXUNpkjO0rOQ5byMi.Ye4oKoEa3Ro9llC/.og/at2.uheWG/igi', 2, 217, 6, '2002-07-03', 2, 45, 4, 45, '2018', NULL, '2022-03-03 19:24:23', '2022-03-03 19:24:23'),
(471, '{\"en\":\"Gerald Thiel\"}', 'rogahn.felicita@example.com', '$2y$10$92IXUNpkjO0rOQ5byMi.Ye4oKoEa3Ro9llC/.og/at2.uheWG/igi', 2, 102, 5, '2000-06-30', 2, 54, 10, 90, '1986', NULL, '2022-03-03 19:24:23', '2022-03-03 19:24:23'),
(472, '{\"en\":\"Isom Koch\"}', 'donny10@example.net', '$2y$10$92IXUNpkjO0rOQ5byMi.Ye4oKoEa3Ro9llC/.og/at2.uheWG/igi', 2, 69, 2, '1998-12-13', 1, 51, 2, 12, '1999', NULL, '2022-03-03 19:24:23', '2022-03-03 19:24:23'),
(473, '{\"en\":\"Ottilie Barrows\"}', 'percy.murazik@example.org', '$2y$10$92IXUNpkjO0rOQ5byMi.Ye4oKoEa3Ro9llC/.og/at2.uheWG/igi', 2, 174, 5, '2003-10-21', 2, 48, 3, 65, '2020', NULL, '2022-03-03 19:24:23', '2022-03-03 19:24:23'),
(474, '{\"en\":\"Dr. Braden O\'Keefe PhD\"}', 'prince.bartoletti@example.net', '$2y$10$92IXUNpkjO0rOQ5byMi.Ye4oKoEa3Ro9llC/.og/at2.uheWG/igi', 1, 231, 1, '2021-04-28', 1, 52, 10, 80, '2015', NULL, '2022-03-03 19:24:23', '2022-03-03 19:24:23'),
(475, '{\"en\":\"Dusty Johnson\"}', 'boyer.brayan@example.net', '$2y$10$92IXUNpkjO0rOQ5byMi.Ye4oKoEa3Ro9llC/.og/at2.uheWG/igi', 2, 83, 5, '2006-01-14', 1, 46, 10, 20, '1970', NULL, '2022-03-03 19:24:23', '2022-03-03 19:24:23'),
(476, '{\"en\":\"Prof. Emiliano Upton IV\"}', 'alessia80@example.net', '$2y$10$92IXUNpkjO0rOQ5byMi.Ye4oKoEa3Ro9llC/.og/at2.uheWG/igi', 2, 211, 3, '2006-06-04', 4, 46, 7, 29, '1989', NULL, '2022-03-03 19:24:23', '2022-03-03 19:24:23'),
(477, '{\"en\":\"Willard Cartwright\"}', 'dante.gorczany@example.org', '$2y$10$92IXUNpkjO0rOQ5byMi.Ye4oKoEa3Ro9llC/.og/at2.uheWG/igi', 1, 35, 7, '1999-02-01', 1, 47, 10, 40, '2000', NULL, '2022-03-03 19:24:23', '2022-03-03 19:24:23'),
(478, '{\"en\":\"Tod Mante\"}', 'sydney15@example.com', '$2y$10$92IXUNpkjO0rOQ5byMi.Ye4oKoEa3Ro9llC/.og/at2.uheWG/igi', 2, 93, 3, '1973-09-17', 3, 47, 3, 104, '1995', NULL, '2022-03-03 19:24:23', '2022-03-03 19:24:23'),
(479, '{\"en\":\"Kaia Baumbach\"}', 'laverna.donnelly@example.net', '$2y$10$92IXUNpkjO0rOQ5byMi.Ye4oKoEa3Ro9llC/.og/at2.uheWG/igi', 1, 210, 3, '2005-07-06', 4, 53, 7, 71, '2007', NULL, '2022-03-03 19:24:23', '2022-03-03 19:24:23'),
(480, '{\"en\":\"Fletcher Wiegand\"}', 'zboncak.adolphus@example.com', '$2y$10$92IXUNpkjO0rOQ5byMi.Ye4oKoEa3Ro9llC/.og/at2.uheWG/igi', 1, 162, 6, '2003-10-14', 2, 51, 10, 66, '2016', NULL, '2022-03-03 19:24:23', '2022-03-03 19:24:23'),
(481, '{\"en\":\"Dr. Noble Mayer\"}', 'arianna29@example.com', '$2y$10$92IXUNpkjO0rOQ5byMi.Ye4oKoEa3Ro9llC/.og/at2.uheWG/igi', 2, 87, 7, '1973-10-09', 4, 49, 2, 11, '1974', NULL, '2022-03-03 19:24:23', '2022-03-03 19:24:23'),
(482, '{\"en\":\"Miss Heaven Leuschke II\"}', 'connelly.rachael@example.net', '$2y$10$92IXUNpkjO0rOQ5byMi.Ye4oKoEa3Ro9llC/.og/at2.uheWG/igi', 1, 48, 3, '2018-07-03', 4, 48, 9, 101, '1985', NULL, '2022-03-03 19:24:23', '2022-03-03 19:24:23'),
(483, '{\"en\":\"Mavis Hegmann\"}', 'zulauf.gus@example.com', '$2y$10$92IXUNpkjO0rOQ5byMi.Ye4oKoEa3Ro9llC/.og/at2.uheWG/igi', 1, 30, 2, '1994-08-29', 1, 47, 6, 83, '2001', NULL, '2022-03-03 19:24:23', '2022-03-03 19:24:23'),
(484, '{\"en\":\"Prof. Israel Feest I\"}', 'yberge@example.org', '$2y$10$92IXUNpkjO0rOQ5byMi.Ye4oKoEa3Ro9llC/.og/at2.uheWG/igi', 2, 147, 4, '1985-05-11', 3, 49, 4, 58, '1976', NULL, '2022-03-03 19:24:24', '2022-03-03 19:24:24'),
(485, '{\"en\":\"Declan Turcotte\"}', 'annette35@example.org', '$2y$10$92IXUNpkjO0rOQ5byMi.Ye4oKoEa3Ro9llC/.og/at2.uheWG/igi', 1, 178, 4, '2018-12-07', 2, 51, 6, 82, '1998', NULL, '2022-03-03 19:24:24', '2022-03-03 19:24:24'),
(486, '{\"en\":\"Prof. Jaquan Waters\"}', 'garnett.kihn@example.org', '$2y$10$92IXUNpkjO0rOQ5byMi.Ye4oKoEa3Ro9llC/.og/at2.uheWG/igi', 2, 175, 3, '2008-04-08', 4, 47, 10, 55, '1984', NULL, '2022-03-03 19:24:24', '2022-03-03 19:24:24'),
(487, '{\"en\":\"Prof. Karina Connelly\"}', 'rschaden@example.com', '$2y$10$92IXUNpkjO0rOQ5byMi.Ye4oKoEa3Ro9llC/.og/at2.uheWG/igi', 2, 107, 1, '2014-03-01', 3, 50, 8, 51, '2003', NULL, '2022-03-03 19:24:24', '2022-03-03 19:24:24'),
(488, '{\"en\":\"Chesley Dietrich\"}', 'alessia78@example.net', '$2y$10$92IXUNpkjO0rOQ5byMi.Ye4oKoEa3Ro9llC/.og/at2.uheWG/igi', 2, 116, 3, '1983-12-06', 4, 49, 2, 56, '2007', NULL, '2022-03-03 19:24:24', '2022-03-03 19:24:24'),
(489, '{\"en\":\"Prof. Camryn McKenzie II\"}', 'amber45@example.net', '$2y$10$92IXUNpkjO0rOQ5byMi.Ye4oKoEa3Ro9llC/.og/at2.uheWG/igi', 1, 127, 7, '2019-02-07', 4, 45, 10, 13, '1998', NULL, '2022-03-03 19:24:24', '2022-03-03 19:24:24'),
(491, '{\"en\":\"Gavin Hermiston\"}', 'aharber@example.com', '$2y$10$92IXUNpkjO0rOQ5byMi.Ye4oKoEa3Ro9llC/.og/at2.uheWG/igi', 2, 165, 5, '2014-06-10', 2, 51, 2, 35, '1987', NULL, '2022-03-03 19:24:24', '2022-03-03 19:24:24'),
(492, '{\"en\":\"Miss Claudie Collins V\"}', 'qhessel@example.org', '$2y$10$92IXUNpkjO0rOQ5byMi.Ye4oKoEa3Ro9llC/.og/at2.uheWG/igi', 1, 173, 8, '1981-12-11', 3, 46, 7, 93, '1983', NULL, '2022-03-03 19:24:24', '2022-03-03 19:24:24'),
(493, '{\"en\":\"Mr. Arden Dach\"}', 'jarred.conroy@example.com', '$2y$10$92IXUNpkjO0rOQ5byMi.Ye4oKoEa3Ro9llC/.og/at2.uheWG/igi', 2, 91, 7, '2000-01-29', 3, 45, 3, 57, '2003', NULL, '2022-03-03 19:24:24', '2022-03-03 19:24:24'),
(494, '{\"en\":\"Christy Russel\"}', 'crist.fredy@example.net', '$2y$10$92IXUNpkjO0rOQ5byMi.Ye4oKoEa3Ro9llC/.og/at2.uheWG/igi', 1, 145, 6, '2019-12-30', 2, 51, 9, 56, '2008', NULL, '2022-03-03 19:24:24', '2022-03-03 19:24:24'),
(495, '{\"en\":\"Dana Bartoletti\"}', 'bednar.henriette@example.org', '$2y$10$92IXUNpkjO0rOQ5byMi.Ye4oKoEa3Ro9llC/.og/at2.uheWG/igi', 1, 26, 2, '1990-07-02', 1, 53, 4, 75, '1971', NULL, '2022-03-03 19:24:24', '2022-03-03 19:24:24'),
(496, '{\"en\":\"Dr. Alexzander Hill V\"}', 'zcollier@example.com', '$2y$10$92IXUNpkjO0rOQ5byMi.Ye4oKoEa3Ro9llC/.og/at2.uheWG/igi', 1, 206, 3, '1984-07-15', 3, 52, 10, 19, '2007', NULL, '2022-03-03 19:24:24', '2022-03-03 19:24:24'),
(497, '{\"en\":\"Mrs. Aniya Hettinger III\"}', 'cbeier@example.net', '$2y$10$92IXUNpkjO0rOQ5byMi.Ye4oKoEa3Ro9llC/.og/at2.uheWG/igi', 2, 53, 1, '1979-11-30', 4, 47, 2, 53, '1990', NULL, '2022-03-03 19:24:24', '2022-03-03 19:24:24'),
(498, '{\"en\":\"Mr. Reyes Ryan Sr.\"}', 'osinski.hermann@example.org', '$2y$10$92IXUNpkjO0rOQ5byMi.Ye4oKoEa3Ro9llC/.og/at2.uheWG/igi', 2, 160, 5, '1970-05-09', 3, 46, 7, 52, '2002', NULL, '2022-03-03 19:24:24', '2022-03-03 19:24:24'),
(499, '{\"en\":\"Prof. Jake Aufderhar MD\"}', 'jamel04@example.net', '$2y$10$92IXUNpkjO0rOQ5byMi.Ye4oKoEa3Ro9llC/.og/at2.uheWG/igi', 1, 120, 2, '1983-06-08', 2, 48, 6, 37, '1991', NULL, '2022-03-03 19:24:24', '2022-03-03 19:24:24'),
(500, '{\"en\":\"Mr. Olaf Hodkiewicz PhD\"}', 'wilderman.amos@example.com', '$2y$10$92IXUNpkjO0rOQ5byMi.Ye4oKoEa3Ro9llC/.og/at2.uheWG/igi', 2, 188, 8, '1975-01-25', 3, 51, 4, 103, '2010', NULL, '2022-03-03 19:24:24', '2022-03-03 19:24:24'),
(501, '{\"en\":\"Sibyl Towne\"}', 'omraz@example.net', '$2y$10$92IXUNpkjO0rOQ5byMi.Ye4oKoEa3Ro9llC/.og/at2.uheWG/igi', 2, 98, 2, '1990-11-13', 2, 43, 2, 43, '1990', NULL, '2022-03-03 19:24:24', '2022-03-03 19:24:24'),
(502, '{\"en\":\"Miss Name Monahan\"}', 'jasen51@example.com', '$2y$10$92IXUNpkjO0rOQ5byMi.Ye4oKoEa3Ro9llC/.og/at2.uheWG/igi', 2, 97, 2, '1990-10-28', 1, 47, 2, 67, '1988', NULL, '2022-03-03 19:24:24', '2022-03-03 19:24:24'),
(503, '{\"en\":\"Haylie Rempel\"}', 'bart.rempel@example.org', '$2y$10$92IXUNpkjO0rOQ5byMi.Ye4oKoEa3Ro9llC/.og/at2.uheWG/igi', 2, 90, 7, '1985-03-31', 1, 54, 8, 64, '2015', NULL, '2022-03-03 19:24:24', '2022-03-03 19:24:24'),
(504, '{\"en\":\"Diana Kerluke V\"}', 'nwyman@example.com', '$2y$10$92IXUNpkjO0rOQ5byMi.Ye4oKoEa3Ro9llC/.og/at2.uheWG/igi', 1, 58, 7, '2020-01-20', 3, 51, 3, 9, '1994', NULL, '2022-03-03 19:24:24', '2022-03-03 19:24:24'),
(505, '{\"en\":\"Dr. Marco McDermott II\"}', 'megane.koepp@example.org', '$2y$10$92IXUNpkjO0rOQ5byMi.Ye4oKoEa3Ro9llC/.og/at2.uheWG/igi', 1, 72, 4, '2007-03-04', 4, 49, 9, 106, '2002', NULL, '2022-03-03 19:24:24', '2022-03-03 19:24:24'),
(506, '{\"en\":\"Bailee Nitzsche\"}', 'scot96@example.org', '$2y$10$92IXUNpkjO0rOQ5byMi.Ye4oKoEa3Ro9llC/.og/at2.uheWG/igi', 2, 125, 7, '2015-08-18', 2, 43, 9, 107, '2004', NULL, '2022-03-03 19:24:25', '2022-03-03 19:24:25'),
(507, '{\"en\":\"Mariano Lebsack\"}', 'vframi@example.net', '$2y$10$92IXUNpkjO0rOQ5byMi.Ye4oKoEa3Ro9llC/.og/at2.uheWG/igi', 2, 233, 5, '2004-05-06', 2, 47, 10, 41, '1978', NULL, '2022-03-03 19:24:25', '2022-03-03 19:24:25'),
(508, '{\"en\":\"Prof. Haylee Fritsch\"}', 'gage63@example.net', '$2y$10$92IXUNpkjO0rOQ5byMi.Ye4oKoEa3Ro9llC/.og/at2.uheWG/igi', 2, 124, 6, '1995-02-06', 2, 44, 4, 82, '1978', NULL, '2022-03-03 19:24:25', '2022-03-03 19:24:25'),
(509, '{\"en\":\"Willy Kulas DDS\"}', 'gilberto.stiedemann@example.net', '$2y$10$92IXUNpkjO0rOQ5byMi.Ye4oKoEa3Ro9llC/.og/at2.uheWG/igi', 2, 47, 7, '1974-09-15', 2, 48, 7, 41, '2008', NULL, '2022-03-03 19:24:25', '2022-03-03 19:24:25'),
(510, '{\"en\":\"Dolly Kreiger\"}', 'halvorson.davion@example.com', '$2y$10$92IXUNpkjO0rOQ5byMi.Ye4oKoEa3Ro9llC/.og/at2.uheWG/igi', 2, 201, 5, '2010-03-13', 3, 48, 10, 100, '1992', NULL, '2022-03-03 19:24:25', '2022-03-03 19:24:25'),
(511, '{\"en\":\"Kailey Hodkiewicz\"}', 'brenna60@example.net', '$2y$10$92IXUNpkjO0rOQ5byMi.Ye4oKoEa3Ro9llC/.og/at2.uheWG/igi', 2, 198, 1, '1999-03-05', 2, 45, 3, 53, '2000', NULL, '2022-03-03 19:24:25', '2022-03-03 19:24:25');

-- --------------------------------------------------------

--
-- Table structure for table `student_accounts`
--

CREATE TABLE `student_accounts` (
  `id` bigint(20) UNSIGNED NOT NULL,
  `date` date NOT NULL,
  `type` varchar(255) COLLATE utf8mb4_unicode_ci NOT NULL,
  `fee_invoice_id` bigint(20) UNSIGNED DEFAULT NULL,
  `student_id` bigint(20) UNSIGNED NOT NULL,
  `debit` decimal(8,2) DEFAULT NULL,
  `credit` decimal(8,2) DEFAULT NULL,
  `description` varchar(255) COLLATE utf8mb4_unicode_ci DEFAULT NULL,
  `created_at` timestamp NULL DEFAULT NULL,
  `updated_at` timestamp NULL DEFAULT NULL
) ENGINE=InnoDB DEFAULT CHARSET=utf8mb4 COLLATE=utf8mb4_unicode_ci;

-- --------------------------------------------------------

--
-- Table structure for table `subjects`
--

CREATE TABLE `subjects` (
  `id` bigint(20) UNSIGNED NOT NULL,
  `name` varchar(255) COLLATE utf8mb4_unicode_ci NOT NULL,
  `grade_id` bigint(20) UNSIGNED NOT NULL,
  `classroom_id` bigint(20) UNSIGNED NOT NULL,
  `teacher_id` bigint(20) UNSIGNED NOT NULL,
  `created_at` timestamp NULL DEFAULT NULL,
  `updated_at` timestamp NULL DEFAULT NULL
) ENGINE=InnoDB DEFAULT CHARSET=utf8mb4 COLLATE=utf8mb4_unicode_ci;

-- --------------------------------------------------------

--
-- Table structure for table `teachers`
--

CREATE TABLE `teachers` (
  `id` bigint(20) UNSIGNED NOT NULL,
  `email` varchar(255) COLLATE utf8mb4_unicode_ci NOT NULL,
  `password` varchar(255) COLLATE utf8mb4_unicode_ci NOT NULL,
  `name` varchar(255) COLLATE utf8mb4_unicode_ci NOT NULL,
  `specialization_id` bigint(20) UNSIGNED NOT NULL,
  `gender_id` bigint(20) UNSIGNED NOT NULL,
  `joining_date` date NOT NULL,
  `address` text COLLATE utf8mb4_unicode_ci NOT NULL,
  `created_at` timestamp NULL DEFAULT NULL,
  `updated_at` timestamp NULL DEFAULT NULL
) ENGINE=InnoDB DEFAULT CHARSET=utf8mb4 COLLATE=utf8mb4_unicode_ci;

--
-- Dumping data for table `teachers`
--

INSERT INTO `teachers` (`id`, `email`, `password`, `name`, `specialization_id`, `gender_id`, `joining_date`, `address`, `created_at`, `updated_at`) VALUES
(2, 'mohamed@gmail.com', '$2y$10$njw9EayGm608A.SXo5CESuPWtZtPim/hrZD1BscMTXzZelwaSdW0y', '{\"en\":\"mohamed Waleed mahmod\",\"ar\":\"\\u0645\\u062d\\u0645\\u062f \\u0648\\u0644\\u064a\\u062f \\u0645\\u062d\\u0645\\u0648\\u062f\"}', 1, 1, '2022-02-28', '13 al wakell st, helwan, cairo', '2022-02-28 13:52:01', '2022-02-28 15:44:36'),
(3, 'haitham@gmail.com', '$2y$10$ySazcJGFDDOGnQsijiEzPOhmgziUwlRo1tqna/cfg71r5WzoqSfPK', '{\"en\":\"Haitham mahmod hasanen\",\"ar\":\"\\u0647\\u064a\\u062b\\u0645 \\u0645\\u062d\\u0645\\u0648\\u062f \\u062d\\u0633\\u0627\\u0646\\u064a\\u0646\"}', 3, 1, '2022-02-06', '30 st haitam fythal giza', '2022-02-28 15:01:32', '2022-02-28 15:01:32'),
(4, 'wilburn53@example.org', '$2y$10$YfCXD1QQHiVOEPi.Wa3N4OxLqDcGdQhXGX2ovk0k2OdFSe7F2VDhW', '{\"en\":\"Brisa Braun\",\"ar\":\"\\u0628\\u0631\\u064a\\u0633\\u0627 \\u0628\\u0631\\u0627\\u0648\\u0646\"}', 4, 1, '1982-07-23', 'Est aut incidunt.', '2022-03-03 18:45:58', '2022-03-04 07:30:10'),
(5, 'panderson@example.com', '$2y$10$92IXUNpkjO0rOQ5byMi.Ye4oKoEa3Ro9llC/.og/at2.uheWG/igi', '{\"en\":\"Jonathon Paucek\"}', 10, 1, '1987-06-23', 'Est rerum.', '2022-03-03 18:45:58', '2022-03-03 18:45:58'),
(6, 'enoch80@example.com', '$2y$10$92IXUNpkjO0rOQ5byMi.Ye4oKoEa3Ro9llC/.og/at2.uheWG/igi', '{\"en\":\"John Steuber\"}', 9, 2, '2002-03-02', 'Voluptatem quod ut.', '2022-03-03 18:45:58', '2022-03-03 18:45:58'),
(7, 'benny68@example.net', '$2y$10$92IXUNpkjO0rOQ5byMi.Ye4oKoEa3Ro9llC/.og/at2.uheWG/igi', '{\"en\":\"Liliane Dibbert\"}', 7, 1, '1999-12-27', 'Iste itaque ut.', '2022-03-03 18:45:58', '2022-03-03 18:45:58'),
(8, 'ned52@example.com', '$2y$10$92IXUNpkjO0rOQ5byMi.Ye4oKoEa3Ro9llC/.og/at2.uheWG/igi', '{\"en\":\"Santina Steuber\"}', 7, 1, '1999-05-05', 'Et eius cum dolores.', '2022-03-03 18:45:59', '2022-03-03 18:45:59'),
(9, 'dbrekke@example.com', '$2y$10$92IXUNpkjO0rOQ5byMi.Ye4oKoEa3Ro9llC/.og/at2.uheWG/igi', '{\"en\":\"Antonette Kuphal\"}', 10, 1, '2007-11-14', 'Magnam veritatis.', '2022-03-03 18:45:59', '2022-03-03 18:45:59'),
(10, 'lemke.winnifred@example.com', '$2y$10$92IXUNpkjO0rOQ5byMi.Ye4oKoEa3Ro9llC/.og/at2.uheWG/igi', '{\"en\":\"Lauryn Klein\"}', 10, 2, '1974-09-27', 'Nam sunt officia.', '2022-03-03 18:45:59', '2022-03-03 18:45:59'),
(11, 'ewisoky@example.org', '$2y$10$92IXUNpkjO0rOQ5byMi.Ye4oKoEa3Ro9llC/.og/at2.uheWG/igi', '{\"en\":\"Ismael Emard\"}', 1, 1, '1978-10-18', 'Exercitationem quis.', '2022-03-03 18:45:59', '2022-03-03 18:45:59'),
(12, 'margaret05@example.org', '$2y$10$92IXUNpkjO0rOQ5byMi.Ye4oKoEa3Ro9llC/.og/at2.uheWG/igi', '{\"en\":\"Dr. Fletcher Kiehn\"}', 4, 2, '1986-10-26', 'Ducimus quia.', '2022-03-03 18:45:59', '2022-03-03 18:45:59'),
(13, 'tia.schowalter@example.com', '$2y$10$92IXUNpkjO0rOQ5byMi.Ye4oKoEa3Ro9llC/.og/at2.uheWG/igi', '{\"en\":\"Breanna Wehner\"}', 6, 2, '2004-04-11', 'Ut sit voluptas.', '2022-03-03 18:45:59', '2022-03-03 18:45:59'),
(14, 'adelia.terry@example.com', '$2y$10$92IXUNpkjO0rOQ5byMi.Ye4oKoEa3Ro9llC/.og/at2.uheWG/igi', '{\"en\":\"Prof. Mozelle Bergstrom\"}', 4, 2, '1974-10-12', 'Molestias est rerum.', '2022-03-03 18:45:59', '2022-03-03 18:45:59'),
(15, 'hoppe.darren@example.net', '$2y$10$92IXUNpkjO0rOQ5byMi.Ye4oKoEa3Ro9llC/.og/at2.uheWG/igi', '{\"en\":\"Hilario Bailey\"}', 3, 1, '1973-09-09', 'Unde beatae cum ad.', '2022-03-03 18:46:00', '2022-03-03 18:46:00'),
(16, 'jarod60@example.net', '$2y$10$92IXUNpkjO0rOQ5byMi.Ye4oKoEa3Ro9llC/.og/at2.uheWG/igi', '{\"en\":\"Delpha Halvorson\"}', 9, 2, '2002-06-02', 'A nihil quod quia.', '2022-03-03 18:46:00', '2022-03-03 18:46:00'),
(17, 'vance87@example.org', '$2y$10$92IXUNpkjO0rOQ5byMi.Ye4oKoEa3Ro9llC/.og/at2.uheWG/igi', '{\"en\":\"Verner Cruickshank\"}', 9, 2, '1976-06-02', 'Sunt ducimus nisi.', '2022-03-03 18:46:00', '2022-03-03 18:46:00'),
(18, 'clifton74@example.org', '$2y$10$92IXUNpkjO0rOQ5byMi.Ye4oKoEa3Ro9llC/.og/at2.uheWG/igi', '{\"en\":\"Ernest Volkman\"}', 6, 2, '1973-11-13', 'Aut aut vel ullam.', '2022-03-03 18:46:00', '2022-03-03 18:46:00'),
(19, 'iullrich@example.org', '$2y$10$92IXUNpkjO0rOQ5byMi.Ye4oKoEa3Ro9llC/.og/at2.uheWG/igi', '{\"en\":\"Elnora Klein\"}', 8, 2, '1984-06-21', 'Beatae est est et.', '2022-03-03 18:46:00', '2022-03-03 18:46:00'),
(20, 'brenda.barrows@example.net', '$2y$10$92IXUNpkjO0rOQ5byMi.Ye4oKoEa3Ro9llC/.og/at2.uheWG/igi', '{\"en\":\"Prof. Barton Reinger\"}', 11, 2, '2007-09-25', 'Rerum eveniet rem.', '2022-03-03 18:46:00', '2022-03-03 18:46:00'),
(21, 'paucek.santa@example.org', '$2y$10$92IXUNpkjO0rOQ5byMi.Ye4oKoEa3Ro9llC/.og/at2.uheWG/igi', '{\"en\":\"Katheryn Waelchi\"}', 2, 1, '2014-01-02', 'Est vero non at.', '2022-03-03 18:46:01', '2022-03-03 18:46:01'),
(22, 'clarissa77@example.com', '$2y$10$92IXUNpkjO0rOQ5byMi.Ye4oKoEa3Ro9llC/.og/at2.uheWG/igi', '{\"en\":\"Ms. Fanny Bahringer I\"}', 11, 2, '1986-04-19', 'Et enim officia eos.', '2022-03-03 18:46:01', '2022-03-03 18:46:01'),
(23, 'obeer@example.org', '$2y$10$92IXUNpkjO0rOQ5byMi.Ye4oKoEa3Ro9llC/.og/at2.uheWG/igi', '{\"en\":\"Ms. Adele Goyette Jr.\"}', 6, 2, '1978-01-09', 'Numquam beatae.', '2022-03-03 18:46:01', '2022-03-03 18:46:01'),
(24, 'freddy68@example.org', '$2y$10$92IXUNpkjO0rOQ5byMi.Ye4oKoEa3Ro9llC/.og/at2.uheWG/igi', '{\"en\":\"Susan West\"}', 10, 2, '1999-05-09', 'Ex expedita est sit.', '2022-03-03 18:46:01', '2022-03-03 18:46:01'),
(25, 'dbosco@example.org', '$2y$10$92IXUNpkjO0rOQ5byMi.Ye4oKoEa3Ro9llC/.og/at2.uheWG/igi', '{\"en\":\"Clarabelle Simonis\"}', 10, 2, '2009-11-14', 'Expedita est.', '2022-03-03 18:46:01', '2022-03-03 18:46:01'),
(26, 'csenger@example.net', '$2y$10$92IXUNpkjO0rOQ5byMi.Ye4oKoEa3Ro9llC/.og/at2.uheWG/igi', '{\"en\":\"Glen Hills\"}', 10, 2, '2007-09-06', 'Itaque corrupti.', '2022-03-03 18:46:01', '2022-03-03 18:46:01'),
(27, 'bernhard70@example.net', '$2y$10$92IXUNpkjO0rOQ5byMi.Ye4oKoEa3Ro9llC/.og/at2.uheWG/igi', '{\"en\":\"Myah Pfeffer\"}', 3, 2, '2013-07-15', 'Neque sit sit.', '2022-03-03 18:46:01', '2022-03-03 18:46:01'),
(28, 'acarroll@example.net', '$2y$10$92IXUNpkjO0rOQ5byMi.Ye4oKoEa3Ro9llC/.og/at2.uheWG/igi', '{\"en\":\"Missouri Kulas\"}', 5, 2, '1984-08-06', 'Quis delectus autem.', '2022-03-03 18:46:01', '2022-03-03 18:46:01'),
(29, 'olen87@example.net', '$2y$10$92IXUNpkjO0rOQ5byMi.Ye4oKoEa3Ro9llC/.og/at2.uheWG/igi', '{\"en\":\"Prof. Spencer Gottlieb\"}', 11, 2, '2005-05-22', 'Asperiores aliquam.', '2022-03-03 18:46:01', '2022-03-03 18:46:01'),
(30, 'ycrist@example.com', '$2y$10$92IXUNpkjO0rOQ5byMi.Ye4oKoEa3Ro9llC/.og/at2.uheWG/igi', '{\"en\":\"Sidney Fritsch\"}', 7, 1, '2001-04-13', 'Rerum aperiam sunt.', '2022-03-03 18:46:01', '2022-03-03 18:46:01'),
(31, 'tmorissette@example.com', '$2y$10$92IXUNpkjO0rOQ5byMi.Ye4oKoEa3Ro9llC/.og/at2.uheWG/igi', '{\"en\":\"Mack Mosciski Sr.\"}', 9, 1, '1995-04-16', 'Modi enim fuga.', '2022-03-03 18:46:01', '2022-03-03 18:46:01'),
(32, 'maddison.champlin@example.com', '$2y$10$92IXUNpkjO0rOQ5byMi.Ye4oKoEa3Ro9llC/.og/at2.uheWG/igi', '{\"en\":\"Maye Reynolds MD\"}', 11, 2, '1977-04-24', 'Ipsum.', '2022-03-03 18:46:02', '2022-03-03 18:46:02'),
(33, 'tiana.stiedemann@example.org', '$2y$10$92IXUNpkjO0rOQ5byMi.Ye4oKoEa3Ro9llC/.og/at2.uheWG/igi', '{\"en\":\"Joanie Bergstrom\"}', 8, 2, '1985-01-01', 'Nobis ab quia quod.', '2022-03-03 18:46:02', '2022-03-03 18:46:02'),
(34, 'morissette.elvie@example.org', '$2y$10$92IXUNpkjO0rOQ5byMi.Ye4oKoEa3Ro9llC/.og/at2.uheWG/igi', '{\"en\":\"Ashlynn Kassulke\"}', 7, 1, '1983-09-27', 'Architecto ut quo.', '2022-03-03 18:46:02', '2022-03-03 18:46:02'),
(35, 'kgottlieb@example.org', '$2y$10$92IXUNpkjO0rOQ5byMi.Ye4oKoEa3Ro9llC/.og/at2.uheWG/igi', '{\"en\":\"Prof. Sandra Sipes\"}', 3, 2, '2006-10-19', 'Est et ipsam labore.', '2022-03-03 18:46:02', '2022-03-03 18:46:02'),
(36, 'crenner@example.com', '$2y$10$92IXUNpkjO0rOQ5byMi.Ye4oKoEa3Ro9llC/.og/at2.uheWG/igi', '{\"en\":\"Wyatt Bergnaum V\"}', 2, 2, '2020-12-25', 'Eum eaque.', '2022-03-03 18:46:02', '2022-03-03 18:46:02'),
(37, 'oohara@example.org', '$2y$10$92IXUNpkjO0rOQ5byMi.Ye4oKoEa3Ro9llC/.og/at2.uheWG/igi', '{\"en\":\"Ms. Eda Klocko Jr.\"}', 11, 2, '2015-04-03', 'Quos dolorem id quo.', '2022-03-03 18:46:02', '2022-03-03 18:46:02'),
(38, 'porter.waelchi@example.com', '$2y$10$92IXUNpkjO0rOQ5byMi.Ye4oKoEa3Ro9llC/.og/at2.uheWG/igi', '{\"en\":\"Ardith Pagac\"}', 1, 1, '2009-11-01', 'Quidem ratione.', '2022-03-03 18:46:02', '2022-03-03 18:46:02'),
(39, 'lane.greenholt@example.com', '$2y$10$92IXUNpkjO0rOQ5byMi.Ye4oKoEa3Ro9llC/.og/at2.uheWG/igi', '{\"en\":\"Kirsten Bosco\"}', 1, 2, '1982-09-29', 'Quis nostrum eius.', '2022-03-03 18:46:02', '2022-03-03 18:46:02'),
(40, 'keaton.graham@example.net', '$2y$10$92IXUNpkjO0rOQ5byMi.Ye4oKoEa3Ro9llC/.og/at2.uheWG/igi', '{\"en\":\"Antonio Bogisich\"}', 5, 1, '1986-01-11', 'Vel quam quis.', '2022-03-03 18:46:03', '2022-03-03 18:46:03'),
(41, 'wolff.olen@example.net', '$2y$10$92IXUNpkjO0rOQ5byMi.Ye4oKoEa3Ro9llC/.og/at2.uheWG/igi', '{\"en\":\"Prof. Marge Nikolaus\"}', 3, 1, '1994-05-19', 'Beatae ut tenetur.', '2022-03-03 18:46:03', '2022-03-03 18:46:03'),
(42, 'hermiston.saul@example.com', '$2y$10$92IXUNpkjO0rOQ5byMi.Ye4oKoEa3Ro9llC/.og/at2.uheWG/igi', '{\"en\":\"Mr. Stuart Moore II\"}', 7, 2, '1998-02-09', 'Sit nisi hic.', '2022-03-03 18:46:03', '2022-03-03 18:46:03'),
(43, 'dillan.monahan@example.com', '$2y$10$92IXUNpkjO0rOQ5byMi.Ye4oKoEa3Ro9llC/.og/at2.uheWG/igi', '{\"en\":\"Junius Turcotte\"}', 1, 2, '1994-02-09', 'Minus doloribus.', '2022-03-03 18:46:03', '2022-03-03 18:46:03'),
(44, 'donny.wiegand@example.net', '$2y$10$92IXUNpkjO0rOQ5byMi.Ye4oKoEa3Ro9llC/.og/at2.uheWG/igi', '{\"en\":\"Prof. Kayli Keebler II\"}', 8, 1, '1976-12-24', 'Repellendus vitae.', '2022-03-03 18:46:03', '2022-03-03 18:46:03'),
(45, 'ullrich.barney@example.com', '$2y$10$92IXUNpkjO0rOQ5byMi.Ye4oKoEa3Ro9llC/.og/at2.uheWG/igi', '{\"en\":\"Prof. Nick Haag\"}', 3, 1, '2012-10-21', 'Eligendi quis quos.', '2022-03-03 18:46:03', '2022-03-03 18:46:03'),
(46, 'ifisher@example.com', '$2y$10$92IXUNpkjO0rOQ5byMi.Ye4oKoEa3Ro9llC/.og/at2.uheWG/igi', '{\"en\":\"Dolly Emard\"}', 9, 2, '2005-01-25', 'Cum ipsam earum.', '2022-03-03 18:46:03', '2022-03-03 18:46:03'),
(47, 'hgerhold@example.net', '$2y$10$92IXUNpkjO0rOQ5byMi.Ye4oKoEa3Ro9llC/.og/at2.uheWG/igi', '{\"en\":\"Dr. Don Marvin\"}', 3, 2, '1993-05-21', 'Quia molestias esse.', '2022-03-03 18:46:03', '2022-03-03 18:46:03'),
(48, 'vjacobi@example.net', '$2y$10$92IXUNpkjO0rOQ5byMi.Ye4oKoEa3Ro9llC/.og/at2.uheWG/igi', '{\"en\":\"Rosetta Reynolds\"}', 1, 2, '1973-06-16', 'Eaque qui dolor.', '2022-03-03 18:46:03', '2022-03-03 18:46:03'),
(49, 'clare.miller@example.com', '$2y$10$92IXUNpkjO0rOQ5byMi.Ye4oKoEa3Ro9llC/.og/at2.uheWG/igi', '{\"en\":\"Mrs. Duane Strosin\"}', 4, 2, '1987-07-24', 'Voluptatem harum.', '2022-03-03 18:46:04', '2022-03-03 18:46:04'),
(50, 'jabari54@example.net', '$2y$10$92IXUNpkjO0rOQ5byMi.Ye4oKoEa3Ro9llC/.og/at2.uheWG/igi', '{\"en\":\"Tiana Kihn\"}', 5, 1, '1998-05-11', 'Asperiores quis at.', '2022-03-03 18:46:04', '2022-03-03 18:46:04'),
(51, 'theo46@example.net', '$2y$10$92IXUNpkjO0rOQ5byMi.Ye4oKoEa3Ro9llC/.og/at2.uheWG/igi', '{\"en\":\"Jedidiah O\'Hara\"}', 9, 1, '2012-01-02', 'Voluptatem dolor.', '2022-03-03 18:46:04', '2022-03-03 18:46:04'),
(52, 'jace29@example.org', '$2y$10$92IXUNpkjO0rOQ5byMi.Ye4oKoEa3Ro9llC/.og/at2.uheWG/igi', '{\"en\":\"Dr. Tyree Herzog MD\"}', 10, 2, '1988-09-19', 'Sed quia quia ea.', '2022-03-03 18:46:04', '2022-03-03 18:46:04'),
(53, 'crooks.arnold@example.com', '$2y$10$92IXUNpkjO0rOQ5byMi.Ye4oKoEa3Ro9llC/.og/at2.uheWG/igi', '{\"en\":\"Prof. Casey Quigley I\"}', 3, 1, '2001-10-14', 'Repellat eaque id.', '2022-03-03 18:46:04', '2022-03-03 18:46:04');

-- --------------------------------------------------------

--
-- Table structure for table `teacher_sections`
--

CREATE TABLE `teacher_sections` (
  `id` bigint(20) UNSIGNED NOT NULL,
  `teacher_id` bigint(20) UNSIGNED NOT NULL,
  `section_id` bigint(20) UNSIGNED NOT NULL
) ENGINE=InnoDB DEFAULT CHARSET=utf8mb4 COLLATE=utf8mb4_unicode_ci;

-- --------------------------------------------------------

--
-- Table structure for table `users`
--

CREATE TABLE `users` (
  `id` bigint(20) UNSIGNED NOT NULL,
  `name` varchar(255) COLLATE utf8mb4_unicode_ci NOT NULL,
  `email` varchar(255) COLLATE utf8mb4_unicode_ci NOT NULL,
  `email_verified_at` timestamp NULL DEFAULT NULL,
  `password` varchar(255) COLLATE utf8mb4_unicode_ci NOT NULL,
  `remember_token` varchar(100) COLLATE utf8mb4_unicode_ci DEFAULT NULL,
  `created_at` timestamp NULL DEFAULT NULL,
  `updated_at` timestamp NULL DEFAULT NULL
) ENGINE=InnoDB DEFAULT CHARSET=utf8mb4 COLLATE=utf8mb4_unicode_ci;

--
-- Dumping data for table `users`
--

INSERT INTO `users` (`id`, `name`, `email`, `email_verified_at`, `password`, `remember_token`, `created_at`, `updated_at`) VALUES
(1, 'Habiba', 'habiba@gmail.com', NULL, '$2y$10$MI5wGUn0ERd7YWoFEkp/7uAG1vvcl0AFLrGJY1EgC0hpRxEnElYDy', NULL, '2022-02-21 11:06:22', '2022-02-21 11:06:22');

--
-- Indexes for dumped tables
--

--
-- Indexes for table `admins`
--
ALTER TABLE `admins`
  ADD PRIMARY KEY (`id`),
  ADD UNIQUE KEY `admins_email_unique` (`email`);

--
-- Indexes for table `attendances`
--
ALTER TABLE `attendances`
  ADD PRIMARY KEY (`id`),
  ADD KEY `attendances_student_id_foreign` (`student_id`),
  ADD KEY `attendances_grade_id_foreign` (`grade_id`),
  ADD KEY `attendances_classroom_id_foreign` (`classroom_id`),
  ADD KEY `attendances_section_id_foreign` (`section_id`),
  ADD KEY `attendances_teacher_id_foreign` (`teacher_id`);

--
-- Indexes for table `bloodtypes`
--
ALTER TABLE `bloodtypes`
  ADD PRIMARY KEY (`id`);

--
-- Indexes for table `classrooms`
--
ALTER TABLE `classrooms`
  ADD PRIMARY KEY (`id`),
  ADD KEY `classrooms_grade_id_foreign` (`grade_id`);

--
-- Indexes for table `events`
--
ALTER TABLE `events`
  ADD PRIMARY KEY (`id`);

--
-- Indexes for table `failed_jobs`
--
ALTER TABLE `failed_jobs`
  ADD PRIMARY KEY (`id`),
  ADD UNIQUE KEY `failed_jobs_uuid_unique` (`uuid`);

--
-- Indexes for table `fees`
--
ALTER TABLE `fees`
  ADD PRIMARY KEY (`id`),
  ADD KEY `fees_grade_id_foreign` (`grade_id`),
  ADD KEY `fees_classroom_id_foreign` (`classroom_id`);

--
-- Indexes for table `fee_invoices`
--
ALTER TABLE `fee_invoices`
  ADD PRIMARY KEY (`id`),
  ADD KEY `fee_invoices_student_id_foreign` (`student_id`),
  ADD KEY `fee_invoices_grade_id_foreign` (`grade_id`),
  ADD KEY `fee_invoices_classroom_id_foreign` (`classroom_id`),
  ADD KEY `fee_invoices_fee_id_foreign` (`fee_id`);

--
-- Indexes for table `fund_accounts`
--
ALTER TABLE `fund_accounts`
  ADD PRIMARY KEY (`id`),
  ADD KEY `fund_accounts_receipt_id_foreign` (`receipt_id`);

--
-- Indexes for table `genders`
--
ALTER TABLE `genders`
  ADD PRIMARY KEY (`id`);

--
-- Indexes for table `grades`
--
ALTER TABLE `grades`
  ADD PRIMARY KEY (`id`);

--
-- Indexes for table `guardians`
--
ALTER TABLE `guardians`
  ADD PRIMARY KEY (`id`),
  ADD UNIQUE KEY `guardians_email_unique` (`email`),
  ADD KEY `guardians_nationality_father_id_foreign` (`nationality_father_id`),
  ADD KEY `guardians_blood_type_father_id_foreign` (`blood_type_father_id`),
  ADD KEY `guardians_religion_father_id_foreign` (`religion_father_id`),
  ADD KEY `guardians_nationality_mother_id_foreign` (`nationality_mother_id`),
  ADD KEY `guardians_blood_type_mother_id_foreign` (`blood_type_mother_id`),
  ADD KEY `guardians_religion_mother_id_foreign` (`religion_mother_id`);

--
-- Indexes for table `images`
--
ALTER TABLE `images`
  ADD PRIMARY KEY (`id`);

--
-- Indexes for table `libraries`
--
ALTER TABLE `libraries`
  ADD PRIMARY KEY (`id`),
  ADD KEY `libraries_grade_id_foreign` (`grade_id`),
  ADD KEY `libraries_classroom_id_foreign` (`classroom_id`),
  ADD KEY `libraries_section_id_foreign` (`section_id`),
  ADD KEY `libraries_teacher_id_foreign` (`teacher_id`);

--
-- Indexes for table `migrations`
--
ALTER TABLE `migrations`
  ADD PRIMARY KEY (`id`);

--
-- Indexes for table `nationalities`
--
ALTER TABLE `nationalities`
  ADD PRIMARY KEY (`id`);

--
-- Indexes for table `online_classes`
--
ALTER TABLE `online_classes`
  ADD PRIMARY KEY (`id`),
  ADD KEY `online_classes_grade_id_foreign` (`grade_id`),
  ADD KEY `online_classes_classroom_id_foreign` (`classroom_id`),
  ADD KEY `online_classes_section_id_foreign` (`section_id`),
  ADD KEY `online_classes_user_id_foreign` (`user_id`);

--
-- Indexes for table `parent_attachments`
--
ALTER TABLE `parent_attachments`
  ADD PRIMARY KEY (`id`),
  ADD KEY `parent_attachments_parent_id_foreign` (`parent_id`);

--
-- Indexes for table `password_resets`
--
ALTER TABLE `password_resets`
  ADD KEY `password_resets_email_index` (`email`);

--
-- Indexes for table `payment_students`
--
ALTER TABLE `payment_students`
  ADD PRIMARY KEY (`id`),
  ADD KEY `payment_students_student_id_foreign` (`student_id`);

--
-- Indexes for table `personal_access_tokens`
--
ALTER TABLE `personal_access_tokens`
  ADD PRIMARY KEY (`id`),
  ADD UNIQUE KEY `personal_access_tokens_token_unique` (`token`),
  ADD KEY `personal_access_tokens_tokenable_type_tokenable_id_index` (`tokenable_type`,`tokenable_id`);

--
-- Indexes for table `processing_fees`
--
ALTER TABLE `processing_fees`
  ADD PRIMARY KEY (`id`),
  ADD KEY `processing_fees_student_id_foreign` (`student_id`);

--
-- Indexes for table `promotions`
--
ALTER TABLE `promotions`
  ADD PRIMARY KEY (`id`),
  ADD KEY `promotions_student_id_foreign` (`student_id`),
  ADD KEY `promotions_from_grade_foreign` (`from_grade`),
  ADD KEY `promotions_from_classroom_foreign` (`from_classroom`),
  ADD KEY `promotions_from_section_foreign` (`from_section`),
  ADD KEY `promotions_to_grade_foreign` (`to_grade`),
  ADD KEY `promotions_to_classroom_foreign` (`to_classroom`),
  ADD KEY `promotions_to_section_foreign` (`to_section`);

--
-- Indexes for table `questions`
--
ALTER TABLE `questions`
  ADD PRIMARY KEY (`id`),
  ADD KEY `questions_quizze_id_foreign` (`quizze_id`);

--
-- Indexes for table `quizzes`
--
ALTER TABLE `quizzes`
  ADD PRIMARY KEY (`id`),
  ADD KEY `quizzes_subject_id_foreign` (`subject_id`),
  ADD KEY `quizzes_grade_id_foreign` (`grade_id`),
  ADD KEY `quizzes_classroom_id_foreign` (`classroom_id`),
  ADD KEY `quizzes_section_id_foreign` (`section_id`),
  ADD KEY `quizzes_teacher_id_foreign` (`teacher_id`);

--
-- Indexes for table `receipt_students`
--
ALTER TABLE `receipt_students`
  ADD PRIMARY KEY (`id`),
  ADD KEY `receipt_students_student_id_foreign` (`student_id`);

--
-- Indexes for table `religions`
--
ALTER TABLE `religions`
  ADD PRIMARY KEY (`id`);

--
-- Indexes for table `sections`
--
ALTER TABLE `sections`
  ADD PRIMARY KEY (`id`),
  ADD KEY `sections_grade_id_foreign` (`grade_id`),
  ADD KEY `sections_class_id_foreign` (`class_id`);

--
-- Indexes for table `settings`
--
ALTER TABLE `settings`
  ADD PRIMARY KEY (`id`);

--
-- Indexes for table `specializations`
--
ALTER TABLE `specializations`
  ADD PRIMARY KEY (`id`);

--
-- Indexes for table `students`
--
ALTER TABLE `students`
  ADD PRIMARY KEY (`id`),
  ADD UNIQUE KEY `students_email_unique` (`email`),
  ADD KEY `students_gender_id_foreign` (`gender_id`),
  ADD KEY `students_nationalitie_id_foreign` (`nationalitie_id`),
  ADD KEY `students_blood_id_foreign` (`blood_id`),
  ADD KEY `students_grade_id_foreign` (`grade_id`),
  ADD KEY `students_classroom_id_foreign` (`classroom_id`),
  ADD KEY `students_section_id_foreign` (`section_id`),
  ADD KEY `students_parent_id_foreign` (`parent_id`);

--
-- Indexes for table `student_accounts`
--
ALTER TABLE `student_accounts`
  ADD PRIMARY KEY (`id`),
  ADD KEY `student_accounts_fee_invoice_id_foreign` (`fee_invoice_id`),
  ADD KEY `student_accounts_student_id_foreign` (`student_id`);

--
-- Indexes for table `subjects`
--
ALTER TABLE `subjects`
  ADD PRIMARY KEY (`id`),
  ADD KEY `subjects_grade_id_foreign` (`grade_id`),
  ADD KEY `subjects_classroom_id_foreign` (`classroom_id`),
  ADD KEY `subjects_teacher_id_foreign` (`teacher_id`);

--
-- Indexes for table `teachers`
--
ALTER TABLE `teachers`
  ADD PRIMARY KEY (`id`),
  ADD UNIQUE KEY `teachers_email_unique` (`email`),
  ADD KEY `teachers_specialization_id_foreign` (`specialization_id`),
  ADD KEY `teachers_gender_id_foreign` (`gender_id`);

--
-- Indexes for table `teacher_sections`
--
ALTER TABLE `teacher_sections`
  ADD PRIMARY KEY (`id`),
  ADD KEY `teacher_sections_teacher_id_foreign` (`teacher_id`),
  ADD KEY `teacher_sections_section_id_foreign` (`section_id`);

--
-- Indexes for table `users`
--
ALTER TABLE `users`
  ADD PRIMARY KEY (`id`),
  ADD UNIQUE KEY `users_email_unique` (`email`);

--
-- AUTO_INCREMENT for dumped tables
--

--
-- AUTO_INCREMENT for table `admins`
--
ALTER TABLE `admins`
  MODIFY `id` bigint(20) UNSIGNED NOT NULL AUTO_INCREMENT, AUTO_INCREMENT=2;

--
-- AUTO_INCREMENT for table `attendances`
--
ALTER TABLE `attendances`
  MODIFY `id` bigint(20) UNSIGNED NOT NULL AUTO_INCREMENT;

--
-- AUTO_INCREMENT for table `bloodtypes`
--
ALTER TABLE `bloodtypes`
  MODIFY `id` bigint(20) UNSIGNED NOT NULL AUTO_INCREMENT, AUTO_INCREMENT=9;

--
-- AUTO_INCREMENT for table `classrooms`
--
ALTER TABLE `classrooms`
  MODIFY `id` bigint(20) UNSIGNED NOT NULL AUTO_INCREMENT, AUTO_INCREMENT=55;

--
-- AUTO_INCREMENT for table `events`
--
ALTER TABLE `events`
  MODIFY `id` bigint(20) UNSIGNED NOT NULL AUTO_INCREMENT;

--
-- AUTO_INCREMENT for table `failed_jobs`
--
ALTER TABLE `failed_jobs`
  MODIFY `id` bigint(20) UNSIGNED NOT NULL AUTO_INCREMENT;

--
-- AUTO_INCREMENT for table `fees`
--
ALTER TABLE `fees`
  MODIFY `id` bigint(20) UNSIGNED NOT NULL AUTO_INCREMENT;

--
-- AUTO_INCREMENT for table `fee_invoices`
--
ALTER TABLE `fee_invoices`
  MODIFY `id` bigint(20) UNSIGNED NOT NULL AUTO_INCREMENT;

--
-- AUTO_INCREMENT for table `fund_accounts`
--
ALTER TABLE `fund_accounts`
  MODIFY `id` bigint(20) UNSIGNED NOT NULL AUTO_INCREMENT;

--
-- AUTO_INCREMENT for table `genders`
--
ALTER TABLE `genders`
  MODIFY `id` bigint(20) UNSIGNED NOT NULL AUTO_INCREMENT, AUTO_INCREMENT=3;

--
-- AUTO_INCREMENT for table `grades`
--
ALTER TABLE `grades`
  MODIFY `id` bigint(20) UNSIGNED NOT NULL AUTO_INCREMENT, AUTO_INCREMENT=9;

--
-- AUTO_INCREMENT for table `guardians`
--
ALTER TABLE `guardians`
  MODIFY `id` bigint(20) UNSIGNED NOT NULL AUTO_INCREMENT, AUTO_INCREMENT=510;

--
-- AUTO_INCREMENT for table `images`
--
ALTER TABLE `images`
  MODIFY `id` bigint(20) UNSIGNED NOT NULL AUTO_INCREMENT, AUTO_INCREMENT=5;

--
-- AUTO_INCREMENT for table `libraries`
--
ALTER TABLE `libraries`
  MODIFY `id` bigint(20) UNSIGNED NOT NULL AUTO_INCREMENT;

--
-- AUTO_INCREMENT for table `migrations`
--
ALTER TABLE `migrations`
  MODIFY `id` int(10) UNSIGNED NOT NULL AUTO_INCREMENT, AUTO_INCREMENT=37;

--
-- AUTO_INCREMENT for table `nationalities`
--
ALTER TABLE `nationalities`
  MODIFY `id` bigint(20) UNSIGNED NOT NULL AUTO_INCREMENT, AUTO_INCREMENT=247;

--
-- AUTO_INCREMENT for table `online_classes`
--
ALTER TABLE `online_classes`
  MODIFY `id` bigint(20) UNSIGNED NOT NULL AUTO_INCREMENT;

--
-- AUTO_INCREMENT for table `parent_attachments`
--
ALTER TABLE `parent_attachments`
  MODIFY `id` bigint(20) UNSIGNED NOT NULL AUTO_INCREMENT;

--
-- AUTO_INCREMENT for table `payment_students`
--
ALTER TABLE `payment_students`
  MODIFY `id` bigint(20) UNSIGNED NOT NULL AUTO_INCREMENT;

--
-- AUTO_INCREMENT for table `personal_access_tokens`
--
ALTER TABLE `personal_access_tokens`
  MODIFY `id` bigint(20) UNSIGNED NOT NULL AUTO_INCREMENT;

--
-- AUTO_INCREMENT for table `processing_fees`
--
ALTER TABLE `processing_fees`
  MODIFY `id` bigint(20) UNSIGNED NOT NULL AUTO_INCREMENT;

--
-- AUTO_INCREMENT for table `promotions`
--
ALTER TABLE `promotions`
  MODIFY `id` bigint(20) UNSIGNED NOT NULL AUTO_INCREMENT, AUTO_INCREMENT=2;

--
-- AUTO_INCREMENT for table `questions`
--
ALTER TABLE `questions`
  MODIFY `id` bigint(20) UNSIGNED NOT NULL AUTO_INCREMENT;

--
-- AUTO_INCREMENT for table `quizzes`
--
ALTER TABLE `quizzes`
  MODIFY `id` bigint(20) UNSIGNED NOT NULL AUTO_INCREMENT;

--
-- AUTO_INCREMENT for table `receipt_students`
--
ALTER TABLE `receipt_students`
  MODIFY `id` bigint(20) UNSIGNED NOT NULL AUTO_INCREMENT;

--
-- AUTO_INCREMENT for table `religions`
--
ALTER TABLE `religions`
  MODIFY `id` bigint(20) UNSIGNED NOT NULL AUTO_INCREMENT, AUTO_INCREMENT=4;

--
-- AUTO_INCREMENT for table `sections`
--
ALTER TABLE `sections`
  MODIFY `id` bigint(20) UNSIGNED NOT NULL AUTO_INCREMENT, AUTO_INCREMENT=11;

--
-- AUTO_INCREMENT for table `settings`
--
ALTER TABLE `settings`
  MODIFY `id` bigint(20) UNSIGNED NOT NULL AUTO_INCREMENT, AUTO_INCREMENT=10;

--
-- AUTO_INCREMENT for table `specializations`
--
ALTER TABLE `specializations`
  MODIFY `id` bigint(20) UNSIGNED NOT NULL AUTO_INCREMENT, AUTO_INCREMENT=12;

--
-- AUTO_INCREMENT for table `students`
--
ALTER TABLE `students`
  MODIFY `id` bigint(20) UNSIGNED NOT NULL AUTO_INCREMENT, AUTO_INCREMENT=513;

--
-- AUTO_INCREMENT for table `student_accounts`
--
ALTER TABLE `student_accounts`
  MODIFY `id` bigint(20) UNSIGNED NOT NULL AUTO_INCREMENT;

--
-- AUTO_INCREMENT for table `subjects`
--
ALTER TABLE `subjects`
  MODIFY `id` bigint(20) UNSIGNED NOT NULL AUTO_INCREMENT;

--
-- AUTO_INCREMENT for table `teachers`
--
ALTER TABLE `teachers`
  MODIFY `id` bigint(20) UNSIGNED NOT NULL AUTO_INCREMENT, AUTO_INCREMENT=54;

--
-- AUTO_INCREMENT for table `teacher_sections`
--
ALTER TABLE `teacher_sections`
  MODIFY `id` bigint(20) UNSIGNED NOT NULL AUTO_INCREMENT, AUTO_INCREMENT=2;

--
-- AUTO_INCREMENT for table `users`
--
ALTER TABLE `users`
  MODIFY `id` bigint(20) UNSIGNED NOT NULL AUTO_INCREMENT, AUTO_INCREMENT=2;

--
-- Constraints for dumped tables
--

--
-- Constraints for table `attendances`
--
ALTER TABLE `attendances`
  ADD CONSTRAINT `attendances_classroom_id_foreign` FOREIGN KEY (`classroom_id`) REFERENCES `classrooms` (`id`) ON DELETE CASCADE,
  ADD CONSTRAINT `attendances_grade_id_foreign` FOREIGN KEY (`grade_id`) REFERENCES `grades` (`id`) ON DELETE CASCADE,
  ADD CONSTRAINT `attendances_section_id_foreign` FOREIGN KEY (`section_id`) REFERENCES `sections` (`id`) ON DELETE CASCADE,
  ADD CONSTRAINT `attendances_student_id_foreign` FOREIGN KEY (`student_id`) REFERENCES `students` (`id`) ON DELETE CASCADE,
  ADD CONSTRAINT `attendances_teacher_id_foreign` FOREIGN KEY (`teacher_id`) REFERENCES `teachers` (`id`) ON DELETE CASCADE;

--
-- Constraints for table `classrooms`
--
ALTER TABLE `classrooms`
  ADD CONSTRAINT `classrooms_grade_id_foreign` FOREIGN KEY (`grade_id`) REFERENCES `grades` (`id`) ON DELETE CASCADE ON UPDATE CASCADE;

--
-- Constraints for table `fees`
--
ALTER TABLE `fees`
  ADD CONSTRAINT `fees_classroom_id_foreign` FOREIGN KEY (`classroom_id`) REFERENCES `classrooms` (`id`) ON DELETE CASCADE,
  ADD CONSTRAINT `fees_grade_id_foreign` FOREIGN KEY (`grade_id`) REFERENCES `grades` (`id`) ON DELETE CASCADE;

--
-- Constraints for table `fee_invoices`
--
ALTER TABLE `fee_invoices`
  ADD CONSTRAINT `fee_invoices_classroom_id_foreign` FOREIGN KEY (`classroom_id`) REFERENCES `classrooms` (`id`) ON DELETE CASCADE,
  ADD CONSTRAINT `fee_invoices_fee_id_foreign` FOREIGN KEY (`fee_id`) REFERENCES `fees` (`id`) ON DELETE CASCADE,
  ADD CONSTRAINT `fee_invoices_grade_id_foreign` FOREIGN KEY (`grade_id`) REFERENCES `grades` (`id`) ON DELETE CASCADE,
  ADD CONSTRAINT `fee_invoices_student_id_foreign` FOREIGN KEY (`student_id`) REFERENCES `students` (`id`) ON DELETE CASCADE;

--
-- Constraints for table `fund_accounts`
--
ALTER TABLE `fund_accounts`
  ADD CONSTRAINT `fund_accounts_receipt_id_foreign` FOREIGN KEY (`receipt_id`) REFERENCES `receipt_students` (`id`) ON DELETE CASCADE;

--
-- Constraints for table `guardians`
--
ALTER TABLE `guardians`
  ADD CONSTRAINT `guardians_blood_type_father_id_foreign` FOREIGN KEY (`blood_type_father_id`) REFERENCES `bloodtypes` (`id`),
  ADD CONSTRAINT `guardians_blood_type_mother_id_foreign` FOREIGN KEY (`blood_type_mother_id`) REFERENCES `bloodtypes` (`id`),
  ADD CONSTRAINT `guardians_nationality_father_id_foreign` FOREIGN KEY (`nationality_father_id`) REFERENCES `nationalities` (`id`),
  ADD CONSTRAINT `guardians_nationality_mother_id_foreign` FOREIGN KEY (`nationality_mother_id`) REFERENCES `nationalities` (`id`),
  ADD CONSTRAINT `guardians_religion_father_id_foreign` FOREIGN KEY (`religion_father_id`) REFERENCES `religions` (`id`),
  ADD CONSTRAINT `guardians_religion_mother_id_foreign` FOREIGN KEY (`religion_mother_id`) REFERENCES `religions` (`id`);

--
-- Constraints for table `libraries`
--
ALTER TABLE `libraries`
  ADD CONSTRAINT `libraries_classroom_id_foreign` FOREIGN KEY (`classroom_id`) REFERENCES `classrooms` (`id`) ON DELETE CASCADE,
  ADD CONSTRAINT `libraries_grade_id_foreign` FOREIGN KEY (`grade_id`) REFERENCES `grades` (`id`) ON DELETE CASCADE,
  ADD CONSTRAINT `libraries_section_id_foreign` FOREIGN KEY (`section_id`) REFERENCES `sections` (`id`) ON DELETE CASCADE,
  ADD CONSTRAINT `libraries_teacher_id_foreign` FOREIGN KEY (`teacher_id`) REFERENCES `teachers` (`id`) ON DELETE CASCADE;

--
-- Constraints for table `online_classes`
--
ALTER TABLE `online_classes`
  ADD CONSTRAINT `online_classes_classroom_id_foreign` FOREIGN KEY (`classroom_id`) REFERENCES `classrooms` (`id`) ON DELETE CASCADE,
  ADD CONSTRAINT `online_classes_grade_id_foreign` FOREIGN KEY (`grade_id`) REFERENCES `grades` (`id`) ON DELETE CASCADE,
  ADD CONSTRAINT `online_classes_section_id_foreign` FOREIGN KEY (`section_id`) REFERENCES `sections` (`id`) ON DELETE CASCADE,
  ADD CONSTRAINT `online_classes_user_id_foreign` FOREIGN KEY (`user_id`) REFERENCES `users` (`id`) ON DELETE CASCADE;

--
-- Constraints for table `parent_attachments`
--
ALTER TABLE `parent_attachments`
  ADD CONSTRAINT `parent_attachments_parent_id_foreign` FOREIGN KEY (`parent_id`) REFERENCES `guardians` (`id`);

--
-- Constraints for table `payment_students`
--
ALTER TABLE `payment_students`
  ADD CONSTRAINT `payment_students_student_id_foreign` FOREIGN KEY (`student_id`) REFERENCES `students` (`id`) ON DELETE CASCADE;

--
-- Constraints for table `processing_fees`
--
ALTER TABLE `processing_fees`
  ADD CONSTRAINT `processing_fees_student_id_foreign` FOREIGN KEY (`student_id`) REFERENCES `students` (`id`) ON DELETE CASCADE;

--
-- Constraints for table `promotions`
--
ALTER TABLE `promotions`
  ADD CONSTRAINT `promotions_from_classroom_foreign` FOREIGN KEY (`from_classroom`) REFERENCES `classrooms` (`id`) ON DELETE CASCADE,
  ADD CONSTRAINT `promotions_from_grade_foreign` FOREIGN KEY (`from_grade`) REFERENCES `grades` (`id`) ON DELETE CASCADE,
  ADD CONSTRAINT `promotions_from_section_foreign` FOREIGN KEY (`from_section`) REFERENCES `sections` (`id`) ON DELETE CASCADE,
  ADD CONSTRAINT `promotions_student_id_foreign` FOREIGN KEY (`student_id`) REFERENCES `students` (`id`) ON DELETE CASCADE,
  ADD CONSTRAINT `promotions_to_classroom_foreign` FOREIGN KEY (`to_classroom`) REFERENCES `classrooms` (`id`) ON DELETE CASCADE,
  ADD CONSTRAINT `promotions_to_grade_foreign` FOREIGN KEY (`to_grade`) REFERENCES `grades` (`id`) ON DELETE CASCADE,
  ADD CONSTRAINT `promotions_to_section_foreign` FOREIGN KEY (`to_section`) REFERENCES `sections` (`id`) ON DELETE CASCADE;

--
-- Constraints for table `questions`
--
ALTER TABLE `questions`
  ADD CONSTRAINT `questions_quizze_id_foreign` FOREIGN KEY (`quizze_id`) REFERENCES `quizzes` (`id`) ON DELETE CASCADE;

--
-- Constraints for table `quizzes`
--
ALTER TABLE `quizzes`
  ADD CONSTRAINT `quizzes_classroom_id_foreign` FOREIGN KEY (`classroom_id`) REFERENCES `classrooms` (`id`) ON DELETE CASCADE,
  ADD CONSTRAINT `quizzes_grade_id_foreign` FOREIGN KEY (`grade_id`) REFERENCES `grades` (`id`) ON DELETE CASCADE,
  ADD CONSTRAINT `quizzes_section_id_foreign` FOREIGN KEY (`section_id`) REFERENCES `sections` (`id`) ON DELETE CASCADE,
  ADD CONSTRAINT `quizzes_subject_id_foreign` FOREIGN KEY (`subject_id`) REFERENCES `subjects` (`id`) ON DELETE CASCADE,
  ADD CONSTRAINT `quizzes_teacher_id_foreign` FOREIGN KEY (`teacher_id`) REFERENCES `classrooms` (`id`) ON DELETE CASCADE;

--
-- Constraints for table `receipt_students`
--
ALTER TABLE `receipt_students`
  ADD CONSTRAINT `receipt_students_student_id_foreign` FOREIGN KEY (`student_id`) REFERENCES `students` (`id`) ON DELETE CASCADE;

--
-- Constraints for table `sections`
--
ALTER TABLE `sections`
  ADD CONSTRAINT `sections_class_id_foreign` FOREIGN KEY (`class_id`) REFERENCES `classrooms` (`id`) ON DELETE CASCADE,
  ADD CONSTRAINT `sections_grade_id_foreign` FOREIGN KEY (`grade_id`) REFERENCES `grades` (`id`) ON DELETE CASCADE;

--
-- Constraints for table `students`
--
ALTER TABLE `students`
  ADD CONSTRAINT `students_blood_id_foreign` FOREIGN KEY (`blood_id`) REFERENCES `bloodtypes` (`id`) ON DELETE CASCADE,
  ADD CONSTRAINT `students_classroom_id_foreign` FOREIGN KEY (`classroom_id`) REFERENCES `classrooms` (`id`) ON DELETE CASCADE,
  ADD CONSTRAINT `students_gender_id_foreign` FOREIGN KEY (`gender_id`) REFERENCES `genders` (`id`) ON DELETE CASCADE,
  ADD CONSTRAINT `students_grade_id_foreign` FOREIGN KEY (`grade_id`) REFERENCES `grades` (`id`) ON DELETE CASCADE,
  ADD CONSTRAINT `students_nationalitie_id_foreign` FOREIGN KEY (`nationalitie_id`) REFERENCES `nationalities` (`id`) ON DELETE CASCADE,
  ADD CONSTRAINT `students_parent_id_foreign` FOREIGN KEY (`parent_id`) REFERENCES `guardians` (`id`) ON DELETE CASCADE,
  ADD CONSTRAINT `students_section_id_foreign` FOREIGN KEY (`section_id`) REFERENCES `sections` (`id`) ON DELETE CASCADE;

--
-- Constraints for table `student_accounts`
--
ALTER TABLE `student_accounts`
  ADD CONSTRAINT `student_accounts_fee_invoice_id_foreign` FOREIGN KEY (`fee_invoice_id`) REFERENCES `fee_invoices` (`id`) ON DELETE CASCADE,
  ADD CONSTRAINT `student_accounts_student_id_foreign` FOREIGN KEY (`student_id`) REFERENCES `students` (`id`) ON DELETE CASCADE;

--
-- Constraints for table `subjects`
--
ALTER TABLE `subjects`
  ADD CONSTRAINT `subjects_classroom_id_foreign` FOREIGN KEY (`classroom_id`) REFERENCES `classrooms` (`id`) ON DELETE CASCADE,
  ADD CONSTRAINT `subjects_grade_id_foreign` FOREIGN KEY (`grade_id`) REFERENCES `grades` (`id`) ON DELETE CASCADE,
  ADD CONSTRAINT `subjects_teacher_id_foreign` FOREIGN KEY (`teacher_id`) REFERENCES `classrooms` (`id`) ON DELETE CASCADE;

--
-- Constraints for table `teachers`
--
ALTER TABLE `teachers`
  ADD CONSTRAINT `teachers_gender_id_foreign` FOREIGN KEY (`gender_id`) REFERENCES `genders` (`id`) ON DELETE CASCADE,
  ADD CONSTRAINT `teachers_specialization_id_foreign` FOREIGN KEY (`specialization_id`) REFERENCES `specializations` (`id`) ON DELETE CASCADE;

--
-- Constraints for table `teacher_sections`
--
ALTER TABLE `teacher_sections`
  ADD CONSTRAINT `teacher_sections_section_id_foreign` FOREIGN KEY (`section_id`) REFERENCES `sections` (`id`) ON DELETE CASCADE,
  ADD CONSTRAINT `teacher_sections_teacher_id_foreign` FOREIGN KEY (`teacher_id`) REFERENCES `teachers` (`id`) ON DELETE CASCADE;
COMMIT;

/*!40101 SET CHARACTER_SET_CLIENT=@OLD_CHARACTER_SET_CLIENT */;
/*!40101 SET CHARACTER_SET_RESULTS=@OLD_CHARACTER_SET_RESULTS */;
/*!40101 SET COLLATION_CONNECTION=@OLD_COLLATION_CONNECTION */;
